Class Name,File Path
Abdel_Nasser_Assidi,/Users/taufiq/workspace/infran-spark/data_inference/Abdel_Nasser_Assidi/Abdel_Nasser_Assidi_0001_face_1.jpg
Abdel_Nasser_Assidi,/Users/taufiq/workspace/infran-spark/data_inference/Abdel_Nasser_Assidi/Abdel_Nasser_Assidi_0001_face_2.jpg
Abdullah_Gul,/Users/taufiq/workspace/infran-spark/data_inference/Abdullah_Gul/Abdullah_Gul_0016_face_1.jpg
Abdullah_Gul,/Users/taufiq/workspace/infran-spark/data_inference/Abdullah_Gul/Abdullah_Gul_0016_face_3.jpg
Abdullah_Gul,/Users/taufiq/workspace/infran-spark/data_inference/Abdullah_Gul/Abdullah_Gul_0016_face_2.jpg
Abdullah_Gul,/Users/taufiq/workspace/infran-spark/data_inference/Abdullah_Gul/Abdullah_Gul_0011_face_4.jpg
Abdullah_Gul,/Users/taufiq/workspace/infran-spark/data_inference/Abdullah_Gul/Abdullah_Gul_0011_face_2.jpg
Abdullah_Gul,/Users/taufiq/workspace/infran-spark/data_inference/Abdullah_Gul/Abdullah_Gul_0011_face_3.jpg
Abdullah_Gul,/Users/taufiq/workspace/infran-spark/data_inference/Abdullah_Gul/Abdullah_Gul_0011_face_1.jpg
Abdullah_Gul,/Users/taufiq/workspace/infran-spark/data_inference/Abdullah_Gul/Abdullah_Gul_0018_face_2.jpg
Abdullah_Gul,/Users/taufiq/workspace/infran-spark/data_inference/Abdullah_Gul/Abdullah_Gul_0018_face_1.jpg
Abid_Hamid_Mahmud_Al-Tikriti,/Users/taufiq/workspace/infran-spark/data_inference/Abid_Hamid_Mahmud_Al-Tikriti/Abid_Hamid_Mahmud_Al-Tikriti_0003_face_2.jpg
Abid_Hamid_Mahmud_Al-Tikriti,/Users/taufiq/workspace/infran-spark/data_inference/Abid_Hamid_Mahmud_Al-Tikriti/Abid_Hamid_Mahmud_Al-Tikriti_0003_face_1.jpg
Abraham_Foxman,/Users/taufiq/workspace/infran-spark/data_inference/Abraham_Foxman/Abraham_Foxman_0001_face_2.jpg
Abraham_Foxman,/Users/taufiq/workspace/infran-spark/data_inference/Abraham_Foxman/Abraham_Foxman_0001_face_1.jpg
Adam_Sandler,/Users/taufiq/workspace/infran-spark/data_inference/Adam_Sandler/Adam_Sandler_0004_face_1.jpg
Adam_Sandler,/Users/taufiq/workspace/infran-spark/data_inference/Adam_Sandler/Adam_Sandler_0004_face_2.jpg
Adolfo_Aguilar_Zinser,/Users/taufiq/workspace/infran-spark/data_inference/Adolfo_Aguilar_Zinser/Adolfo_Aguilar_Zinser_0002_face_2.jpg
Adolfo_Aguilar_Zinser,/Users/taufiq/workspace/infran-spark/data_inference/Adolfo_Aguilar_Zinser/Adolfo_Aguilar_Zinser_0002_face_1.jpg
Adrien_Brody,/Users/taufiq/workspace/infran-spark/data_inference/Adrien_Brody/Adrien_Brody_0007_face_2.jpg
Adrien_Brody,/Users/taufiq/workspace/infran-spark/data_inference/Adrien_Brody/Adrien_Brody_0007_face_3.jpg
Adrien_Brody,/Users/taufiq/workspace/infran-spark/data_inference/Adrien_Brody/Adrien_Brody_0007_face_1.jpg
Adrien_Brody,/Users/taufiq/workspace/infran-spark/data_inference/Adrien_Brody/Adrien_Brody_0002_face_1.jpg
Adrien_Brody,/Users/taufiq/workspace/infran-spark/data_inference/Adrien_Brody/Adrien_Brody_0002_face_2.jpg
Adrien_Brody,/Users/taufiq/workspace/infran-spark/data_inference/Adrien_Brody/Adrien_Brody_0003_face_1.jpg
Adrien_Brody,/Users/taufiq/workspace/infran-spark/data_inference/Adrien_Brody/Adrien_Brody_0003_face_2.jpg
Adrien_Brody,/Users/taufiq/workspace/infran-spark/data_inference/Adrien_Brody/Adrien_Brody_0006_face_4.jpg
Adrien_Brody,/Users/taufiq/workspace/infran-spark/data_inference/Adrien_Brody/Adrien_Brody_0006_face_5.jpg
Adrien_Brody,/Users/taufiq/workspace/infran-spark/data_inference/Adrien_Brody/Adrien_Brody_0006_face_2.jpg
Adrien_Brody,/Users/taufiq/workspace/infran-spark/data_inference/Adrien_Brody/Adrien_Brody_0006_face_3.jpg
Adrien_Brody,/Users/taufiq/workspace/infran-spark/data_inference/Adrien_Brody/Adrien_Brody_0006_face_1.jpg
Ahmed_Qureia,/Users/taufiq/workspace/infran-spark/data_inference/Ahmed_Qureia/Ahmed_Qureia_0001_face_2.jpg
Ahmed_Qureia,/Users/taufiq/workspace/infran-spark/data_inference/Ahmed_Qureia/Ahmed_Qureia_0001_face_1.jpg
Ahmet_Demir,/Users/taufiq/workspace/infran-spark/data_inference/Ahmet_Demir/Ahmet_Demir_0001_face_1.jpg
Ahmet_Demir,/Users/taufiq/workspace/infran-spark/data_inference/Ahmet_Demir/Ahmet_Demir_0001_face_2.jpg
Ahmet_Demir,/Users/taufiq/workspace/infran-spark/data_inference/Ahmet_Demir/Ahmet_Demir_0001_face_3.jpg
Ahmet_Demir,/Users/taufiq/workspace/infran-spark/data_inference/Ahmet_Demir/Ahmet_Demir_0001_face_4.jpg
Aishwarya_Rai,/Users/taufiq/workspace/infran-spark/data_inference/Aishwarya_Rai/Aishwarya_Rai_0001_face_2.jpg
Aishwarya_Rai,/Users/taufiq/workspace/infran-spark/data_inference/Aishwarya_Rai/Aishwarya_Rai_0001_face_1.jpg
Al_Gore,/Users/taufiq/workspace/infran-spark/data_inference/Al_Gore/Al_Gore_0007_face_1.jpg
Al_Gore,/Users/taufiq/workspace/infran-spark/data_inference/Al_Gore/Al_Gore_0007_face_2.jpg
Al_Gore,/Users/taufiq/workspace/infran-spark/data_inference/Al_Gore/Al_Gore_0003_face_2.jpg
Al_Gore,/Users/taufiq/workspace/infran-spark/data_inference/Al_Gore/Al_Gore_0003_face_1.jpg
Alan_Greer,/Users/taufiq/workspace/infran-spark/data_inference/Alan_Greer/Alan_Greer_0001_face_1.jpg
Alan_Greer,/Users/taufiq/workspace/infran-spark/data_inference/Alan_Greer/Alan_Greer_0001_face_2.jpg
Alberta_Lee,/Users/taufiq/workspace/infran-spark/data_inference/Alberta_Lee/Alberta_Lee_0001_face_1.jpg
Alberta_Lee,/Users/taufiq/workspace/infran-spark/data_inference/Alberta_Lee/Alberta_Lee_0001_face_2.jpg
Alberta_Lee,/Users/taufiq/workspace/infran-spark/data_inference/Alberta_Lee/Alberta_Lee_0001_face_3.jpg
Aldo_Paredes,/Users/taufiq/workspace/infran-spark/data_inference/Aldo_Paredes/Aldo_Paredes_0002_face_1.jpg
Aldo_Paredes,/Users/taufiq/workspace/infran-spark/data_inference/Aldo_Paredes/Aldo_Paredes_0002_face_2.jpg
Alec_Baldwin,/Users/taufiq/workspace/infran-spark/data_inference/Alec_Baldwin/Alec_Baldwin_0001_face_2.jpg
Alec_Baldwin,/Users/taufiq/workspace/infran-spark/data_inference/Alec_Baldwin/Alec_Baldwin_0001_face_1.jpg
Alejandro_Avila,/Users/taufiq/workspace/infran-spark/data_inference/Alejandro_Avila/Alejandro_Avila_0003_face_2.jpg
Alejandro_Avila,/Users/taufiq/workspace/infran-spark/data_inference/Alejandro_Avila/Alejandro_Avila_0003_face_1.jpg
Alejandro_Toledo,/Users/taufiq/workspace/infran-spark/data_inference/Alejandro_Toledo/Alejandro_Toledo_0039_face_4.jpg
Alejandro_Toledo,/Users/taufiq/workspace/infran-spark/data_inference/Alejandro_Toledo/Alejandro_Toledo_0039_face_2.jpg
Alejandro_Toledo,/Users/taufiq/workspace/infran-spark/data_inference/Alejandro_Toledo/Alejandro_Toledo_0039_face_3.jpg
Alejandro_Toledo,/Users/taufiq/workspace/infran-spark/data_inference/Alejandro_Toledo/Alejandro_Toledo_0039_face_1.jpg
Alejandro_Toledo,/Users/taufiq/workspace/infran-spark/data_inference/Alejandro_Toledo/Alejandro_Toledo_0028_face_4.jpg
Alejandro_Toledo,/Users/taufiq/workspace/infran-spark/data_inference/Alejandro_Toledo/Alejandro_Toledo_0028_face_1.jpg
Alejandro_Toledo,/Users/taufiq/workspace/infran-spark/data_inference/Alejandro_Toledo/Alejandro_Toledo_0028_face_3.jpg
Alejandro_Toledo,/Users/taufiq/workspace/infran-spark/data_inference/Alejandro_Toledo/Alejandro_Toledo_0028_face_2.jpg
Alejandro_Toledo,/Users/taufiq/workspace/infran-spark/data_inference/Alejandro_Toledo/Alejandro_Toledo_0034_face_1.jpg
Alejandro_Toledo,/Users/taufiq/workspace/infran-spark/data_inference/Alejandro_Toledo/Alejandro_Toledo_0034_face_2.jpg
Alejandro_Toledo,/Users/taufiq/workspace/infran-spark/data_inference/Alejandro_Toledo/Alejandro_Toledo_0003_face_1.jpg
Alejandro_Toledo,/Users/taufiq/workspace/infran-spark/data_inference/Alejandro_Toledo/Alejandro_Toledo_0003_face_2.jpg
Alejandro_Toledo,/Users/taufiq/workspace/infran-spark/data_inference/Alejandro_Toledo/Alejandro_Toledo_0025_face_2.jpg
Alejandro_Toledo,/Users/taufiq/workspace/infran-spark/data_inference/Alejandro_Toledo/Alejandro_Toledo_0025_face_1.jpg
Alejandro_Toledo,/Users/taufiq/workspace/infran-spark/data_inference/Alejandro_Toledo/Alejandro_Toledo_0033_face_2.jpg
Alejandro_Toledo,/Users/taufiq/workspace/infran-spark/data_inference/Alejandro_Toledo/Alejandro_Toledo_0033_face_1.jpg
Alejandro_Toledo,/Users/taufiq/workspace/infran-spark/data_inference/Alejandro_Toledo/Alejandro_Toledo_0027_face_2.jpg
Alejandro_Toledo,/Users/taufiq/workspace/infran-spark/data_inference/Alejandro_Toledo/Alejandro_Toledo_0027_face_1.jpg
Alejandro_Toledo,/Users/taufiq/workspace/infran-spark/data_inference/Alejandro_Toledo/Alejandro_Toledo_0021_face_1.jpg
Alejandro_Toledo,/Users/taufiq/workspace/infran-spark/data_inference/Alejandro_Toledo/Alejandro_Toledo_0021_face_2.jpg
Alex_Holmes,/Users/taufiq/workspace/infran-spark/data_inference/Alex_Holmes/Alex_Holmes_0001_face_1.jpg
Alex_Holmes,/Users/taufiq/workspace/infran-spark/data_inference/Alex_Holmes/Alex_Holmes_0001_face_2.jpg
Alex_Penelas,/Users/taufiq/workspace/infran-spark/data_inference/Alex_Penelas/Alex_Penelas_0001_face_2.jpg
Alex_Penelas,/Users/taufiq/workspace/infran-spark/data_inference/Alex_Penelas/Alex_Penelas_0001_face_1.jpg
Alex_Sink,/Users/taufiq/workspace/infran-spark/data_inference/Alex_Sink/Alex_Sink_0001_face_1.jpg
Alex_Sink,/Users/taufiq/workspace/infran-spark/data_inference/Alex_Sink/Alex_Sink_0001_face_2.jpg
Alexandra_Stevenson,/Users/taufiq/workspace/infran-spark/data_inference/Alexandra_Stevenson/Alexandra_Stevenson_0003_face_2.jpg
Alexandra_Stevenson,/Users/taufiq/workspace/infran-spark/data_inference/Alexandra_Stevenson/Alexandra_Stevenson_0003_face_1.jpg
Alfred_Sant,/Users/taufiq/workspace/infran-spark/data_inference/Alfred_Sant/Alfred_Sant_0001_face_2.jpg
Alfred_Sant,/Users/taufiq/workspace/infran-spark/data_inference/Alfred_Sant/Alfred_Sant_0001_face_1.jpg
Alfredo_Pena,/Users/taufiq/workspace/infran-spark/data_inference/Alfredo_Pena/Alfredo_Pena_0001_face_1.jpg
Alfredo_Pena,/Users/taufiq/workspace/infran-spark/data_inference/Alfredo_Pena/Alfredo_Pena_0001_face_3.jpg
Alfredo_Pena,/Users/taufiq/workspace/infran-spark/data_inference/Alfredo_Pena/Alfredo_Pena_0001_face_2.jpg
Alfredo_Pena,/Users/taufiq/workspace/infran-spark/data_inference/Alfredo_Pena/Alfredo_Pena_0001_face_4.jpg
Ali_Abbas,/Users/taufiq/workspace/infran-spark/data_inference/Ali_Abbas/Ali_Abbas_0001_face_1.jpg
Ali_Abbas,/Users/taufiq/workspace/infran-spark/data_inference/Ali_Abbas/Ali_Abbas_0001_face_2.jpg
Ali_Mohammed_Maher,/Users/taufiq/workspace/infran-spark/data_inference/Ali_Mohammed_Maher/Ali_Mohammed_Maher_0001_face_4.jpg
Ali_Mohammed_Maher,/Users/taufiq/workspace/infran-spark/data_inference/Ali_Mohammed_Maher/Ali_Mohammed_Maher_0001_face_2.jpg
Ali_Mohammed_Maher,/Users/taufiq/workspace/infran-spark/data_inference/Ali_Mohammed_Maher/Ali_Mohammed_Maher_0001_face_3.jpg
Ali_Mohammed_Maher,/Users/taufiq/workspace/infran-spark/data_inference/Ali_Mohammed_Maher/Ali_Mohammed_Maher_0001_face_1.jpg
Ali_Naimi,/Users/taufiq/workspace/infran-spark/data_inference/Ali_Naimi/Ali_Naimi_0003_face_1.jpg
Ali_Naimi,/Users/taufiq/workspace/infran-spark/data_inference/Ali_Naimi/Ali_Naimi_0003_face_2.jpg
Ali_Naimi,/Users/taufiq/workspace/infran-spark/data_inference/Ali_Naimi/Ali_Naimi_0006_face_2.jpg
Ali_Naimi,/Users/taufiq/workspace/infran-spark/data_inference/Ali_Naimi/Ali_Naimi_0006_face_1.jpg
Ali_Naimi,/Users/taufiq/workspace/infran-spark/data_inference/Ali_Naimi/Ali_Naimi_0008_face_1.jpg
Ali_Naimi,/Users/taufiq/workspace/infran-spark/data_inference/Ali_Naimi/Ali_Naimi_0008_face_3.jpg
Ali_Naimi,/Users/taufiq/workspace/infran-spark/data_inference/Ali_Naimi/Ali_Naimi_0008_face_2.jpg
Ali_Naimi,/Users/taufiq/workspace/infran-spark/data_inference/Ali_Naimi/Ali_Naimi_0008_face_4.jpg
Ali_Naimi,/Users/taufiq/workspace/infran-spark/data_inference/Ali_Naimi/Ali_Naimi_0005_face_2.jpg
Ali_Naimi,/Users/taufiq/workspace/infran-spark/data_inference/Ali_Naimi/Ali_Naimi_0005_face_1.jpg
Alison_Lohman,/Users/taufiq/workspace/infran-spark/data_inference/Alison_Lohman/Alison_Lohman_0002_face_1.jpg
Alison_Lohman,/Users/taufiq/workspace/infran-spark/data_inference/Alison_Lohman/Alison_Lohman_0002_face_2.jpg
Ally_Sheedy,/Users/taufiq/workspace/infran-spark/data_inference/Ally_Sheedy/Ally_Sheedy_0001_face_1.jpg
Ally_Sheedy,/Users/taufiq/workspace/infran-spark/data_inference/Ally_Sheedy/Ally_Sheedy_0001_face_2.jpg
Alvaro_Noboa,/Users/taufiq/workspace/infran-spark/data_inference/Alvaro_Noboa/Alvaro_Noboa_0003_face_1.jpg
Alvaro_Noboa,/Users/taufiq/workspace/infran-spark/data_inference/Alvaro_Noboa/Alvaro_Noboa_0003_face_2.jpg
Alvaro_Noboa,/Users/taufiq/workspace/infran-spark/data_inference/Alvaro_Noboa/Alvaro_Noboa_0002_face_1.jpg
Alvaro_Noboa,/Users/taufiq/workspace/infran-spark/data_inference/Alvaro_Noboa/Alvaro_Noboa_0002_face_2.jpg
Alvaro_Silva_Calderon,/Users/taufiq/workspace/infran-spark/data_inference/Alvaro_Silva_Calderon/Alvaro_Silva_Calderon_0002_face_1.jpg
Alvaro_Silva_Calderon,/Users/taufiq/workspace/infran-spark/data_inference/Alvaro_Silva_Calderon/Alvaro_Silva_Calderon_0002_face_3.jpg
Alvaro_Silva_Calderon,/Users/taufiq/workspace/infran-spark/data_inference/Alvaro_Silva_Calderon/Alvaro_Silva_Calderon_0002_face_2.jpg
Alvaro_Silva_Calderon,/Users/taufiq/workspace/infran-spark/data_inference/Alvaro_Silva_Calderon/Alvaro_Silva_Calderon_0001_face_1.jpg
Alvaro_Silva_Calderon,/Users/taufiq/workspace/infran-spark/data_inference/Alvaro_Silva_Calderon/Alvaro_Silva_Calderon_0001_face_2.jpg
Alvaro_Silva_Calderon,/Users/taufiq/workspace/infran-spark/data_inference/Alvaro_Silva_Calderon/Alvaro_Silva_Calderon_0001_face_3.jpg
Alvaro_Uribe,/Users/taufiq/workspace/infran-spark/data_inference/Alvaro_Uribe/Alvaro_Uribe_0012_face_2.jpg
Alvaro_Uribe,/Users/taufiq/workspace/infran-spark/data_inference/Alvaro_Uribe/Alvaro_Uribe_0012_face_1.jpg
Alvaro_Uribe,/Users/taufiq/workspace/infran-spark/data_inference/Alvaro_Uribe/Alvaro_Uribe_0015_face_1.jpg
Alvaro_Uribe,/Users/taufiq/workspace/infran-spark/data_inference/Alvaro_Uribe/Alvaro_Uribe_0015_face_2.jpg
Alvaro_Uribe,/Users/taufiq/workspace/infran-spark/data_inference/Alvaro_Uribe/Alvaro_Uribe_0033_face_2.jpg
Alvaro_Uribe,/Users/taufiq/workspace/infran-spark/data_inference/Alvaro_Uribe/Alvaro_Uribe_0033_face_1.jpg
Alvaro_Uribe,/Users/taufiq/workspace/infran-spark/data_inference/Alvaro_Uribe/Alvaro_Uribe_0010_face_2.jpg
Alvaro_Uribe,/Users/taufiq/workspace/infran-spark/data_inference/Alvaro_Uribe/Alvaro_Uribe_0010_face_1.jpg
Alvaro_Uribe,/Users/taufiq/workspace/infran-spark/data_inference/Alvaro_Uribe/Alvaro_Uribe_0035_face_1.jpg
Alvaro_Uribe,/Users/taufiq/workspace/infran-spark/data_inference/Alvaro_Uribe/Alvaro_Uribe_0035_face_2.jpg
Alvaro_Uribe,/Users/taufiq/workspace/infran-spark/data_inference/Alvaro_Uribe/Alvaro_Uribe_0007_face_2.jpg
Alvaro_Uribe,/Users/taufiq/workspace/infran-spark/data_inference/Alvaro_Uribe/Alvaro_Uribe_0007_face_1.jpg
Alvaro_Uribe,/Users/taufiq/workspace/infran-spark/data_inference/Alvaro_Uribe/Alvaro_Uribe_0016_face_1.jpg
Alvaro_Uribe,/Users/taufiq/workspace/infran-spark/data_inference/Alvaro_Uribe/Alvaro_Uribe_0016_face_2.jpg
Alvaro_Uribe,/Users/taufiq/workspace/infran-spark/data_inference/Alvaro_Uribe/Alvaro_Uribe_0008_face_1.jpg
Alvaro_Uribe,/Users/taufiq/workspace/infran-spark/data_inference/Alvaro_Uribe/Alvaro_Uribe_0008_face_2.jpg
Amanda_Beard,/Users/taufiq/workspace/infran-spark/data_inference/Amanda_Beard/Amanda_Beard_0002_face_1.jpg
Amanda_Beard,/Users/taufiq/workspace/infran-spark/data_inference/Amanda_Beard/Amanda_Beard_0002_face_2.jpg
Amanda_Bynes,/Users/taufiq/workspace/infran-spark/data_inference/Amanda_Bynes/Amanda_Bynes_0002_face_1.jpg
Amanda_Bynes,/Users/taufiq/workspace/infran-spark/data_inference/Amanda_Bynes/Amanda_Bynes_0002_face_2.jpg
Amanda_Marsh,/Users/taufiq/workspace/infran-spark/data_inference/Amanda_Marsh/Amanda_Marsh_0001_face_2.jpg
Amanda_Marsh,/Users/taufiq/workspace/infran-spark/data_inference/Amanda_Marsh/Amanda_Marsh_0001_face_1.jpg
Amelie_Mauresmo,/Users/taufiq/workspace/infran-spark/data_inference/Amelie_Mauresmo/Amelie_Mauresmo_0005_face_3.jpg
Amelie_Mauresmo,/Users/taufiq/workspace/infran-spark/data_inference/Amelie_Mauresmo/Amelie_Mauresmo_0005_face_2.jpg
Amelie_Mauresmo,/Users/taufiq/workspace/infran-spark/data_inference/Amelie_Mauresmo/Amelie_Mauresmo_0005_face_1.jpg
Amelie_Mauresmo,/Users/taufiq/workspace/infran-spark/data_inference/Amelie_Mauresmo/Amelie_Mauresmo_0015_face_1.jpg
Amelie_Mauresmo,/Users/taufiq/workspace/infran-spark/data_inference/Amelie_Mauresmo/Amelie_Mauresmo_0015_face_2.jpg
Amer_al-Saadi,/Users/taufiq/workspace/infran-spark/data_inference/Amer_al-Saadi/Amer_al-Saadi_0002_face_2.jpg
Amer_al-Saadi,/Users/taufiq/workspace/infran-spark/data_inference/Amer_al-Saadi/Amer_al-Saadi_0002_face_1.jpg
Amer_al-Saadi,/Users/taufiq/workspace/infran-spark/data_inference/Amer_al-Saadi/Amer_al-Saadi_0004_face_1.jpg
Amer_al-Saadi,/Users/taufiq/workspace/infran-spark/data_inference/Amer_al-Saadi/Amer_al-Saadi_0004_face_2.jpg
Amram_Mitzna,/Users/taufiq/workspace/infran-spark/data_inference/Amram_Mitzna/Amram_Mitzna_0002_face_1.jpg
Amram_Mitzna,/Users/taufiq/workspace/infran-spark/data_inference/Amram_Mitzna/Amram_Mitzna_0002_face_3.jpg
Amram_Mitzna,/Users/taufiq/workspace/infran-spark/data_inference/Amram_Mitzna/Amram_Mitzna_0002_face_2.jpg
Amy_Brenneman,/Users/taufiq/workspace/infran-spark/data_inference/Amy_Brenneman/Amy_Brenneman_0001_face_2.jpg
Amy_Brenneman,/Users/taufiq/workspace/infran-spark/data_inference/Amy_Brenneman/Amy_Brenneman_0001_face_1.jpg
Amy_Redford,/Users/taufiq/workspace/infran-spark/data_inference/Amy_Redford/Amy_Redford_0001_face_1.jpg
Amy_Redford,/Users/taufiq/workspace/infran-spark/data_inference/Amy_Redford/Amy_Redford_0001_face_2.jpg
Ana_Guevara,/Users/taufiq/workspace/infran-spark/data_inference/Ana_Guevara/Ana_Guevara_0007_face_2.jpg
Ana_Guevara,/Users/taufiq/workspace/infran-spark/data_inference/Ana_Guevara/Ana_Guevara_0007_face_1.jpg
Ana_Palacio,/Users/taufiq/workspace/infran-spark/data_inference/Ana_Palacio/Ana_Palacio_0002_face_2.jpg
Ana_Palacio,/Users/taufiq/workspace/infran-spark/data_inference/Ana_Palacio/Ana_Palacio_0002_face_3.jpg
Ana_Palacio,/Users/taufiq/workspace/infran-spark/data_inference/Ana_Palacio/Ana_Palacio_0002_face_1.jpg
Ana_Palacio,/Users/taufiq/workspace/infran-spark/data_inference/Ana_Palacio/Ana_Palacio_0007_face_1.jpg
Ana_Palacio,/Users/taufiq/workspace/infran-spark/data_inference/Ana_Palacio/Ana_Palacio_0007_face_2.jpg
Anders_Ebbeson,/Users/taufiq/workspace/infran-spark/data_inference/Anders_Ebbeson/Anders_Ebbeson_0003_face_1.jpg
Anders_Ebbeson,/Users/taufiq/workspace/infran-spark/data_inference/Anders_Ebbeson/Anders_Ebbeson_0003_face_2.jpg
Anders_Fogh_Rasmussen,/Users/taufiq/workspace/infran-spark/data_inference/Anders_Fogh_Rasmussen/Anders_Fogh_Rasmussen_0002_face_1.jpg
Anders_Fogh_Rasmussen,/Users/taufiq/workspace/infran-spark/data_inference/Anders_Fogh_Rasmussen/Anders_Fogh_Rasmussen_0002_face_2.jpg
Andre_Agassi,/Users/taufiq/workspace/infran-spark/data_inference/Andre_Agassi/Andre_Agassi_0024_face_1.jpg
Andre_Agassi,/Users/taufiq/workspace/infran-spark/data_inference/Andre_Agassi/Andre_Agassi_0024_face_2.jpg
Andrea_De_Cruz,/Users/taufiq/workspace/infran-spark/data_inference/Andrea_De_Cruz/Andrea_De_Cruz_0001_face_1.jpg
Andrea_De_Cruz,/Users/taufiq/workspace/infran-spark/data_inference/Andrea_De_Cruz/Andrea_De_Cruz_0001_face_2.jpg
Andrew_Bunner,/Users/taufiq/workspace/infran-spark/data_inference/Andrew_Bunner/Andrew_Bunner_0001_face_1.jpg
Andrew_Bunner,/Users/taufiq/workspace/infran-spark/data_inference/Andrew_Bunner/Andrew_Bunner_0001_face_2.jpg
Andrew_Niccol,/Users/taufiq/workspace/infran-spark/data_inference/Andrew_Niccol/Andrew_Niccol_0001_face_1.jpg
Andrew_Niccol,/Users/taufiq/workspace/infran-spark/data_inference/Andrew_Niccol/Andrew_Niccol_0001_face_2.jpg
Andrew_Shutley,/Users/taufiq/workspace/infran-spark/data_inference/Andrew_Shutley/Andrew_Shutley_0001_face_1.jpg
Andrew_Shutley,/Users/taufiq/workspace/infran-spark/data_inference/Andrew_Shutley/Andrew_Shutley_0001_face_2.jpg
Andrew_Weissmann,/Users/taufiq/workspace/infran-spark/data_inference/Andrew_Weissmann/Andrew_Weissmann_0003_face_1.jpg
Andrew_Weissmann,/Users/taufiq/workspace/infran-spark/data_inference/Andrew_Weissmann/Andrew_Weissmann_0003_face_2.jpg
Andrew_Weissmann,/Users/taufiq/workspace/infran-spark/data_inference/Andrew_Weissmann/Andrew_Weissmann_0001_face_1.jpg
Andrew_Weissmann,/Users/taufiq/workspace/infran-spark/data_inference/Andrew_Weissmann/Andrew_Weissmann_0001_face_3.jpg
Andrew_Weissmann,/Users/taufiq/workspace/infran-spark/data_inference/Andrew_Weissmann/Andrew_Weissmann_0001_face_2.jpg
Andrew_Weissmann,/Users/taufiq/workspace/infran-spark/data_inference/Andrew_Weissmann/Andrew_Weissmann_0002_face_1.jpg
Andrew_Weissmann,/Users/taufiq/workspace/infran-spark/data_inference/Andrew_Weissmann/Andrew_Weissmann_0002_face_2.jpg
Andrew_Weissmann,/Users/taufiq/workspace/infran-spark/data_inference/Andrew_Weissmann/Andrew_Weissmann_0002_face_3.jpg
Andy_Bryant,/Users/taufiq/workspace/infran-spark/data_inference/Andy_Bryant/Andy_Bryant_0001_face_1.jpg
Andy_Bryant,/Users/taufiq/workspace/infran-spark/data_inference/Andy_Bryant/Andy_Bryant_0001_face_2.jpg
Andy_Garcia,/Users/taufiq/workspace/infran-spark/data_inference/Andy_Garcia/Andy_Garcia_0001_face_1.jpg
Andy_Garcia,/Users/taufiq/workspace/infran-spark/data_inference/Andy_Garcia/Andy_Garcia_0001_face_2.jpg
Andy_Griffith,/Users/taufiq/workspace/infran-spark/data_inference/Andy_Griffith/Andy_Griffith_0001_face_1.jpg
Andy_Griffith,/Users/taufiq/workspace/infran-spark/data_inference/Andy_Griffith/Andy_Griffith_0001_face_2.jpg
Angela_Bassett,/Users/taufiq/workspace/infran-spark/data_inference/Angela_Bassett/Angela_Bassett_0003_face_2.jpg
Angela_Bassett,/Users/taufiq/workspace/infran-spark/data_inference/Angela_Bassett/Angela_Bassett_0003_face_1.jpg
Angelina_Jolie,/Users/taufiq/workspace/infran-spark/data_inference/Angelina_Jolie/Angelina_Jolie_0002_face_2.jpg
Angelina_Jolie,/Users/taufiq/workspace/infran-spark/data_inference/Angelina_Jolie/Angelina_Jolie_0002_face_1.jpg
Angelina_Jolie,/Users/taufiq/workspace/infran-spark/data_inference/Angelina_Jolie/Angelina_Jolie_0003_face_2.jpg
Angelina_Jolie,/Users/taufiq/workspace/infran-spark/data_inference/Angelina_Jolie/Angelina_Jolie_0003_face_1.jpg
Angelina_Jolie,/Users/taufiq/workspace/infran-spark/data_inference/Angelina_Jolie/Angelina_Jolie_0004_face_1.jpg
Angelina_Jolie,/Users/taufiq/workspace/infran-spark/data_inference/Angelina_Jolie/Angelina_Jolie_0004_face_2.jpg
Angie_Martinez,/Users/taufiq/workspace/infran-spark/data_inference/Angie_Martinez/Angie_Martinez_0001_face_1.jpg
Angie_Martinez,/Users/taufiq/workspace/infran-spark/data_inference/Angie_Martinez/Angie_Martinez_0001_face_2.jpg
Anibal_Ibarra,/Users/taufiq/workspace/infran-spark/data_inference/Anibal_Ibarra/Anibal_Ibarra_0002_face_2.jpg
Anibal_Ibarra,/Users/taufiq/workspace/infran-spark/data_inference/Anibal_Ibarra/Anibal_Ibarra_0002_face_1.jpg
Ann_Veneman,/Users/taufiq/workspace/infran-spark/data_inference/Ann_Veneman/Ann_Veneman_0008_face_1.jpg
Ann_Veneman,/Users/taufiq/workspace/infran-spark/data_inference/Ann_Veneman/Ann_Veneman_0008_face_2.jpg
Anna_Jones,/Users/taufiq/workspace/infran-spark/data_inference/Anna_Jones/Anna_Jones_0001_face_2.jpg
Anna_Jones,/Users/taufiq/workspace/infran-spark/data_inference/Anna_Jones/Anna_Jones_0001_face_1.jpg
Anne_ONeil,/Users/taufiq/workspace/infran-spark/data_inference/Anne_ONeil/Anne_ONeil_0001_face_1.jpg
Anne_ONeil,/Users/taufiq/workspace/infran-spark/data_inference/Anne_ONeil/Anne_ONeil_0001_face_2.jpg
Antanas_Valionis,/Users/taufiq/workspace/infran-spark/data_inference/Antanas_Valionis/Antanas_Valionis_0001_face_2.jpg
Antanas_Valionis,/Users/taufiq/workspace/infran-spark/data_inference/Antanas_Valionis/Antanas_Valionis_0001_face_1.jpg
Anton_Balasingham,/Users/taufiq/workspace/infran-spark/data_inference/Anton_Balasingham/Anton_Balasingham_0001_face_1.jpg
Anton_Balasingham,/Users/taufiq/workspace/infran-spark/data_inference/Anton_Balasingham/Anton_Balasingham_0001_face_2.jpg
Antonio_Banderas,/Users/taufiq/workspace/infran-spark/data_inference/Antonio_Banderas/Antonio_Banderas_0001_face_2.jpg
Antonio_Banderas,/Users/taufiq/workspace/infran-spark/data_inference/Antonio_Banderas/Antonio_Banderas_0001_face_1.jpg
Antonio_Banderas,/Users/taufiq/workspace/infran-spark/data_inference/Antonio_Banderas/Antonio_Banderas_0005_face_1.jpg
Antonio_Banderas,/Users/taufiq/workspace/infran-spark/data_inference/Antonio_Banderas/Antonio_Banderas_0005_face_2.jpg
Anzori_Kikalishvili,/Users/taufiq/workspace/infran-spark/data_inference/Anzori_Kikalishvili/Anzori_Kikalishvili_0001_face_2.jpg
Anzori_Kikalishvili,/Users/taufiq/workspace/infran-spark/data_inference/Anzori_Kikalishvili/Anzori_Kikalishvili_0001_face_1.jpg
Ariel_Sharon,/Users/taufiq/workspace/infran-spark/data_inference/Ariel_Sharon/Ariel_Sharon_0025_face_2.jpg
Ariel_Sharon,/Users/taufiq/workspace/infran-spark/data_inference/Ariel_Sharon/Ariel_Sharon_0025_face_1.jpg
Ariel_Sharon,/Users/taufiq/workspace/infran-spark/data_inference/Ariel_Sharon/Ariel_Sharon_0047_face_2.jpg
Ariel_Sharon,/Users/taufiq/workspace/infran-spark/data_inference/Ariel_Sharon/Ariel_Sharon_0047_face_1.jpg
Ariel_Sharon,/Users/taufiq/workspace/infran-spark/data_inference/Ariel_Sharon/Ariel_Sharon_0028_face_1.jpg
Ariel_Sharon,/Users/taufiq/workspace/infran-spark/data_inference/Ariel_Sharon/Ariel_Sharon_0028_face_2.jpg
Ariel_Sharon,/Users/taufiq/workspace/infran-spark/data_inference/Ariel_Sharon/Ariel_Sharon_0056_face_1.jpg
Ariel_Sharon,/Users/taufiq/workspace/infran-spark/data_inference/Ariel_Sharon/Ariel_Sharon_0056_face_2.jpg
Ariel_Sharon,/Users/taufiq/workspace/infran-spark/data_inference/Ariel_Sharon/Ariel_Sharon_0034_face_1.jpg
Ariel_Sharon,/Users/taufiq/workspace/infran-spark/data_inference/Ariel_Sharon/Ariel_Sharon_0034_face_2.jpg
Ariel_Sharon,/Users/taufiq/workspace/infran-spark/data_inference/Ariel_Sharon/Ariel_Sharon_0064_face_2.jpg
Ariel_Sharon,/Users/taufiq/workspace/infran-spark/data_inference/Ariel_Sharon/Ariel_Sharon_0064_face_1.jpg
Ariel_Sharon,/Users/taufiq/workspace/infran-spark/data_inference/Ariel_Sharon/Ariel_Sharon_0004_face_2.jpg
Ariel_Sharon,/Users/taufiq/workspace/infran-spark/data_inference/Ariel_Sharon/Ariel_Sharon_0004_face_3.jpg
Ariel_Sharon,/Users/taufiq/workspace/infran-spark/data_inference/Ariel_Sharon/Ariel_Sharon_0004_face_1.jpg
Ariel_Sharon,/Users/taufiq/workspace/infran-spark/data_inference/Ariel_Sharon/Ariel_Sharon_0009_face_1.jpg
Ariel_Sharon,/Users/taufiq/workspace/infran-spark/data_inference/Ariel_Sharon/Ariel_Sharon_0009_face_2.jpg
Ariel_Sharon,/Users/taufiq/workspace/infran-spark/data_inference/Ariel_Sharon/Ariel_Sharon_0009_face_3.jpg
Ariel_Sharon,/Users/taufiq/workspace/infran-spark/data_inference/Ariel_Sharon/Ariel_Sharon_0037_face_1.jpg
Ariel_Sharon,/Users/taufiq/workspace/infran-spark/data_inference/Ariel_Sharon/Ariel_Sharon_0037_face_2.jpg
Arlen_Specter,/Users/taufiq/workspace/infran-spark/data_inference/Arlen_Specter/Arlen_Specter_0002_face_2.jpg
Arlen_Specter,/Users/taufiq/workspace/infran-spark/data_inference/Arlen_Specter/Arlen_Specter_0002_face_1.jpg
Arminio_Fraga,/Users/taufiq/workspace/infran-spark/data_inference/Arminio_Fraga/Arminio_Fraga_0005_face_2.jpg
Arminio_Fraga,/Users/taufiq/workspace/infran-spark/data_inference/Arminio_Fraga/Arminio_Fraga_0005_face_1.jpg
Arminio_Fraga,/Users/taufiq/workspace/infran-spark/data_inference/Arminio_Fraga/Arminio_Fraga_0001_face_1.jpg
Arminio_Fraga,/Users/taufiq/workspace/infran-spark/data_inference/Arminio_Fraga/Arminio_Fraga_0001_face_3.jpg
Arminio_Fraga,/Users/taufiq/workspace/infran-spark/data_inference/Arminio_Fraga/Arminio_Fraga_0001_face_2.jpg
Arnold_Schwarzenegger,/Users/taufiq/workspace/infran-spark/data_inference/Arnold_Schwarzenegger/Arnold_Schwarzenegger_0027_face_2.jpg
Arnold_Schwarzenegger,/Users/taufiq/workspace/infran-spark/data_inference/Arnold_Schwarzenegger/Arnold_Schwarzenegger_0027_face_1.jpg
Arnold_Schwarzenegger,/Users/taufiq/workspace/infran-spark/data_inference/Arnold_Schwarzenegger/Arnold_Schwarzenegger_0033_face_2.jpg
Arnold_Schwarzenegger,/Users/taufiq/workspace/infran-spark/data_inference/Arnold_Schwarzenegger/Arnold_Schwarzenegger_0033_face_1.jpg
Arnold_Schwarzenegger,/Users/taufiq/workspace/infran-spark/data_inference/Arnold_Schwarzenegger/Arnold_Schwarzenegger_0040_face_1.jpg
Arnold_Schwarzenegger,/Users/taufiq/workspace/infran-spark/data_inference/Arnold_Schwarzenegger/Arnold_Schwarzenegger_0040_face_2.jpg
Arnold_Schwarzenegger,/Users/taufiq/workspace/infran-spark/data_inference/Arnold_Schwarzenegger/Arnold_Schwarzenegger_0012_face_2.jpg
Arnold_Schwarzenegger,/Users/taufiq/workspace/infran-spark/data_inference/Arnold_Schwarzenegger/Arnold_Schwarzenegger_0012_face_3.jpg
Arnold_Schwarzenegger,/Users/taufiq/workspace/infran-spark/data_inference/Arnold_Schwarzenegger/Arnold_Schwarzenegger_0012_face_1.jpg
Arnold_Schwarzenegger,/Users/taufiq/workspace/infran-spark/data_inference/Arnold_Schwarzenegger/Arnold_Schwarzenegger_0007_face_2.jpg
Arnold_Schwarzenegger,/Users/taufiq/workspace/infran-spark/data_inference/Arnold_Schwarzenegger/Arnold_Schwarzenegger_0007_face_1.jpg
Arnold_Schwarzenegger,/Users/taufiq/workspace/infran-spark/data_inference/Arnold_Schwarzenegger/Arnold_Schwarzenegger_0038_face_2.jpg
Arnold_Schwarzenegger,/Users/taufiq/workspace/infran-spark/data_inference/Arnold_Schwarzenegger/Arnold_Schwarzenegger_0038_face_1.jpg
Arnoldo_Aleman,/Users/taufiq/workspace/infran-spark/data_inference/Arnoldo_Aleman/Arnoldo_Aleman_0001_face_1.jpg
Arnoldo_Aleman,/Users/taufiq/workspace/infran-spark/data_inference/Arnoldo_Aleman/Arnoldo_Aleman_0001_face_3.jpg
Arnoldo_Aleman,/Users/taufiq/workspace/infran-spark/data_inference/Arnoldo_Aleman/Arnoldo_Aleman_0001_face_2.jpg
Aron_Ralston,/Users/taufiq/workspace/infran-spark/data_inference/Aron_Ralston/Aron_Ralston_0002_face_1.jpg
Aron_Ralston,/Users/taufiq/workspace/infran-spark/data_inference/Aron_Ralston/Aron_Ralston_0002_face_2.jpg
Arturo_Gatti,/Users/taufiq/workspace/infran-spark/data_inference/Arturo_Gatti/Arturo_Gatti_0002_face_1.jpg
Arturo_Gatti,/Users/taufiq/workspace/infran-spark/data_inference/Arturo_Gatti/Arturo_Gatti_0002_face_2.jpg
Arturo_Gatti,/Users/taufiq/workspace/infran-spark/data_inference/Arturo_Gatti/Arturo_Gatti_0002_face_3.jpg
Asif_Ali_Zardari,/Users/taufiq/workspace/infran-spark/data_inference/Asif_Ali_Zardari/Asif_Ali_Zardari_0001_face_1.jpg
Asif_Ali_Zardari,/Users/taufiq/workspace/infran-spark/data_inference/Asif_Ali_Zardari/Asif_Ali_Zardari_0001_face_2.jpg
Atal_Bihari_Vajpayee,/Users/taufiq/workspace/infran-spark/data_inference/Atal_Bihari_Vajpayee/Atal_Bihari_Vajpayee_0012_face_2.jpg
Atal_Bihari_Vajpayee,/Users/taufiq/workspace/infran-spark/data_inference/Atal_Bihari_Vajpayee/Atal_Bihari_Vajpayee_0012_face_3.jpg
Atal_Bihari_Vajpayee,/Users/taufiq/workspace/infran-spark/data_inference/Atal_Bihari_Vajpayee/Atal_Bihari_Vajpayee_0012_face_1.jpg
Atal_Bihari_Vajpayee,/Users/taufiq/workspace/infran-spark/data_inference/Atal_Bihari_Vajpayee/Atal_Bihari_Vajpayee_0003_face_1.jpg
Atal_Bihari_Vajpayee,/Users/taufiq/workspace/infran-spark/data_inference/Atal_Bihari_Vajpayee/Atal_Bihari_Vajpayee_0003_face_2.jpg
Atal_Bihari_Vajpayee,/Users/taufiq/workspace/infran-spark/data_inference/Atal_Bihari_Vajpayee/Atal_Bihari_Vajpayee_0022_face_1.jpg
Atal_Bihari_Vajpayee,/Users/taufiq/workspace/infran-spark/data_inference/Atal_Bihari_Vajpayee/Atal_Bihari_Vajpayee_0022_face_2.jpg
Atal_Bihari_Vajpayee,/Users/taufiq/workspace/infran-spark/data_inference/Atal_Bihari_Vajpayee/Atal_Bihari_Vajpayee_0019_face_2.jpg
Atal_Bihari_Vajpayee,/Users/taufiq/workspace/infran-spark/data_inference/Atal_Bihari_Vajpayee/Atal_Bihari_Vajpayee_0019_face_1.jpg
Atom_Egoyan,/Users/taufiq/workspace/infran-spark/data_inference/Atom_Egoyan/Atom_Egoyan_0001_face_2.jpg
Atom_Egoyan,/Users/taufiq/workspace/infran-spark/data_inference/Atom_Egoyan/Atom_Egoyan_0001_face_1.jpg
Azmi_Bishara,/Users/taufiq/workspace/infran-spark/data_inference/Azmi_Bishara/Azmi_Bishara_0001_face_1.jpg
Azmi_Bishara,/Users/taufiq/workspace/infran-spark/data_inference/Azmi_Bishara/Azmi_Bishara_0001_face_3.jpg
Azmi_Bishara,/Users/taufiq/workspace/infran-spark/data_inference/Azmi_Bishara/Azmi_Bishara_0001_face_2.jpg
Azra_Akin,/Users/taufiq/workspace/infran-spark/data_inference/Azra_Akin/Azra_Akin_0002_face_1.jpg
Azra_Akin,/Users/taufiq/workspace/infran-spark/data_inference/Azra_Akin/Azra_Akin_0002_face_3.jpg
Azra_Akin,/Users/taufiq/workspace/infran-spark/data_inference/Azra_Akin/Azra_Akin_0002_face_2.jpg
BJ_Habibie,/Users/taufiq/workspace/infran-spark/data_inference/BJ_Habibie/BJ_Habibie_0001_face_2.jpg
BJ_Habibie,/Users/taufiq/workspace/infran-spark/data_inference/BJ_Habibie/BJ_Habibie_0001_face_1.jpg
Baburam_Bhattari,/Users/taufiq/workspace/infran-spark/data_inference/Baburam_Bhattari/Baburam_Bhattari_0001_face_1.jpg
Baburam_Bhattari,/Users/taufiq/workspace/infran-spark/data_inference/Baburam_Bhattari/Baburam_Bhattari_0001_face_2.jpg
Baburam_Bhattari,/Users/taufiq/workspace/infran-spark/data_inference/Baburam_Bhattari/Baburam_Bhattari_0001_face_3.jpg
Barbara_Boxer,/Users/taufiq/workspace/infran-spark/data_inference/Barbara_Boxer/Barbara_Boxer_0001_face_1.jpg
Barbara_Boxer,/Users/taufiq/workspace/infran-spark/data_inference/Barbara_Boxer/Barbara_Boxer_0001_face_2.jpg
Barbara_Walters,/Users/taufiq/workspace/infran-spark/data_inference/Barbara_Walters/Barbara_Walters_0001_face_2.jpg
Barbara_Walters,/Users/taufiq/workspace/infran-spark/data_inference/Barbara_Walters/Barbara_Walters_0001_face_1.jpg
Bashar_Assad,/Users/taufiq/workspace/infran-spark/data_inference/Bashar_Assad/Bashar_Assad_0002_face_2.jpg
Bashar_Assad,/Users/taufiq/workspace/infran-spark/data_inference/Bashar_Assad/Bashar_Assad_0002_face_1.jpg
Bashar_Assad,/Users/taufiq/workspace/infran-spark/data_inference/Bashar_Assad/Bashar_Assad_0001_face_2.jpg
Bashar_Assad,/Users/taufiq/workspace/infran-spark/data_inference/Bashar_Assad/Bashar_Assad_0001_face_1.jpg
Bashar_Assad,/Users/taufiq/workspace/infran-spark/data_inference/Bashar_Assad/Bashar_Assad_0004_face_1.jpg
Bashar_Assad,/Users/taufiq/workspace/infran-spark/data_inference/Bashar_Assad/Bashar_Assad_0004_face_2.jpg
Bashar_Assad,/Users/taufiq/workspace/infran-spark/data_inference/Bashar_Assad/Bashar_Assad_0004_face_3.jpg
Beatrice_Dalle,/Users/taufiq/workspace/infran-spark/data_inference/Beatrice_Dalle/Beatrice_Dalle_0001_face_4.jpg
Beatrice_Dalle,/Users/taufiq/workspace/infran-spark/data_inference/Beatrice_Dalle/Beatrice_Dalle_0001_face_5.jpg
Beatrice_Dalle,/Users/taufiq/workspace/infran-spark/data_inference/Beatrice_Dalle/Beatrice_Dalle_0001_face_7.jpg
Beatrice_Dalle,/Users/taufiq/workspace/infran-spark/data_inference/Beatrice_Dalle/Beatrice_Dalle_0001_face_6.jpg
Beatrice_Dalle,/Users/taufiq/workspace/infran-spark/data_inference/Beatrice_Dalle/Beatrice_Dalle_0001_face_2.jpg
Beatrice_Dalle,/Users/taufiq/workspace/infran-spark/data_inference/Beatrice_Dalle/Beatrice_Dalle_0001_face_3.jpg
Beatrice_Dalle,/Users/taufiq/workspace/infran-spark/data_inference/Beatrice_Dalle/Beatrice_Dalle_0001_face_1.jpg
Ben_Affleck,/Users/taufiq/workspace/infran-spark/data_inference/Ben_Affleck/Ben_Affleck_0007_face_1.jpg
Ben_Affleck,/Users/taufiq/workspace/infran-spark/data_inference/Ben_Affleck/Ben_Affleck_0007_face_2.jpg
Ben_Affleck,/Users/taufiq/workspace/infran-spark/data_inference/Ben_Affleck/Ben_Affleck_0003_face_2.jpg
Ben_Affleck,/Users/taufiq/workspace/infran-spark/data_inference/Ben_Affleck/Ben_Affleck_0003_face_1.jpg
Ben_Chandler,/Users/taufiq/workspace/infran-spark/data_inference/Ben_Chandler/Ben_Chandler_0001_face_2.jpg
Ben_Chandler,/Users/taufiq/workspace/infran-spark/data_inference/Ben_Chandler/Ben_Chandler_0001_face_1.jpg
Ben_Kingsley,/Users/taufiq/workspace/infran-spark/data_inference/Ben_Kingsley/Ben_Kingsley_0001_face_1.jpg
Ben_Kingsley,/Users/taufiq/workspace/infran-spark/data_inference/Ben_Kingsley/Ben_Kingsley_0001_face_2.jpg
Benazir_Bhutto,/Users/taufiq/workspace/infran-spark/data_inference/Benazir_Bhutto/Benazir_Bhutto_0004_face_2.jpg
Benazir_Bhutto,/Users/taufiq/workspace/infran-spark/data_inference/Benazir_Bhutto/Benazir_Bhutto_0004_face_1.jpg
Benjamin_Netanyahu,/Users/taufiq/workspace/infran-spark/data_inference/Benjamin_Netanyahu/Benjamin_Netanyahu_0001_face_3.jpg
Benjamin_Netanyahu,/Users/taufiq/workspace/infran-spark/data_inference/Benjamin_Netanyahu/Benjamin_Netanyahu_0001_face_2.jpg
Benjamin_Netanyahu,/Users/taufiq/workspace/infran-spark/data_inference/Benjamin_Netanyahu/Benjamin_Netanyahu_0001_face_1.jpg
Bernadette_Peters,/Users/taufiq/workspace/infran-spark/data_inference/Bernadette_Peters/Bernadette_Peters_0001_face_2.jpg
Bernadette_Peters,/Users/taufiq/workspace/infran-spark/data_inference/Bernadette_Peters/Bernadette_Peters_0001_face_1.jpg
Bernard_Giraudeau,/Users/taufiq/workspace/infran-spark/data_inference/Bernard_Giraudeau/Bernard_Giraudeau_0001_face_1.jpg
Bernard_Giraudeau,/Users/taufiq/workspace/infran-spark/data_inference/Bernard_Giraudeau/Bernard_Giraudeau_0001_face_2.jpg
Bernard_Landry,/Users/taufiq/workspace/infran-spark/data_inference/Bernard_Landry/Bernard_Landry_0002_face_2.jpg
Bernard_Landry,/Users/taufiq/workspace/infran-spark/data_inference/Bernard_Landry/Bernard_Landry_0002_face_1.jpg
Bernardo_Segura,/Users/taufiq/workspace/infran-spark/data_inference/Bernardo_Segura/Bernardo_Segura_0001_face_1.jpg
Bernardo_Segura,/Users/taufiq/workspace/infran-spark/data_inference/Bernardo_Segura/Bernardo_Segura_0001_face_2.jpg
Bertrand_Bonello,/Users/taufiq/workspace/infran-spark/data_inference/Bertrand_Bonello/Bertrand_Bonello_0001_face_1.jpg
Bertrand_Bonello,/Users/taufiq/workspace/infran-spark/data_inference/Bertrand_Bonello/Bertrand_Bonello_0001_face_3.jpg
Bertrand_Bonello,/Users/taufiq/workspace/infran-spark/data_inference/Bertrand_Bonello/Bertrand_Bonello_0001_face_2.jpg
Bertrand_Bonello,/Users/taufiq/workspace/infran-spark/data_inference/Bertrand_Bonello/Bertrand_Bonello_0002_face_1.jpg
Bertrand_Bonello,/Users/taufiq/workspace/infran-spark/data_inference/Bertrand_Bonello/Bertrand_Bonello_0002_face_2.jpg
Betsy_Smith,/Users/taufiq/workspace/infran-spark/data_inference/Betsy_Smith/Betsy_Smith_0001_face_2.jpg
Betsy_Smith,/Users/taufiq/workspace/infran-spark/data_inference/Betsy_Smith/Betsy_Smith_0001_face_1.jpg
Bijan_Darvish,/Users/taufiq/workspace/infran-spark/data_inference/Bijan_Darvish/Bijan_Darvish_0003_face_1.jpg
Bijan_Darvish,/Users/taufiq/workspace/infran-spark/data_inference/Bijan_Darvish/Bijan_Darvish_0003_face_3.jpg
Bijan_Darvish,/Users/taufiq/workspace/infran-spark/data_inference/Bijan_Darvish/Bijan_Darvish_0003_face_2.jpg
Bijan_Darvish,/Users/taufiq/workspace/infran-spark/data_inference/Bijan_Darvish/Bijan_Darvish_0001_face_1.jpg
Bijan_Darvish,/Users/taufiq/workspace/infran-spark/data_inference/Bijan_Darvish/Bijan_Darvish_0001_face_2.jpg
Bijan_Namdar_Zangeneh,/Users/taufiq/workspace/infran-spark/data_inference/Bijan_Namdar_Zangeneh/Bijan_Namdar_Zangeneh_0002_face_1.jpg
Bijan_Namdar_Zangeneh,/Users/taufiq/workspace/infran-spark/data_inference/Bijan_Namdar_Zangeneh/Bijan_Namdar_Zangeneh_0002_face_2.jpg
Bijan_Namdar_Zangeneh,/Users/taufiq/workspace/infran-spark/data_inference/Bijan_Namdar_Zangeneh/Bijan_Namdar_Zangeneh_0001_face_1.jpg
Bijan_Namdar_Zangeneh,/Users/taufiq/workspace/infran-spark/data_inference/Bijan_Namdar_Zangeneh/Bijan_Namdar_Zangeneh_0001_face_2.jpg
Bijan_Namdar_Zangeneh,/Users/taufiq/workspace/infran-spark/data_inference/Bijan_Namdar_Zangeneh/Bijan_Namdar_Zangeneh_0001_face_3.jpg
Bill_Clinton,/Users/taufiq/workspace/infran-spark/data_inference/Bill_Clinton/Bill_Clinton_0007_face_2.jpg
Bill_Clinton,/Users/taufiq/workspace/infran-spark/data_inference/Bill_Clinton/Bill_Clinton_0007_face_1.jpg
Bill_Clinton,/Users/taufiq/workspace/infran-spark/data_inference/Bill_Clinton/Bill_Clinton_0025_face_2.jpg
Bill_Clinton,/Users/taufiq/workspace/infran-spark/data_inference/Bill_Clinton/Bill_Clinton_0025_face_1.jpg
Bill_Clinton,/Users/taufiq/workspace/infran-spark/data_inference/Bill_Clinton/Bill_Clinton_0009_face_1.jpg
Bill_Clinton,/Users/taufiq/workspace/infran-spark/data_inference/Bill_Clinton/Bill_Clinton_0009_face_2.jpg
Bill_Frist,/Users/taufiq/workspace/infran-spark/data_inference/Bill_Frist/Bill_Frist_0009_face_2.jpg
Bill_Frist,/Users/taufiq/workspace/infran-spark/data_inference/Bill_Frist/Bill_Frist_0009_face_1.jpg
Bill_Gates,/Users/taufiq/workspace/infran-spark/data_inference/Bill_Gates/Bill_Gates_0006_face_1.jpg
Bill_Gates,/Users/taufiq/workspace/infran-spark/data_inference/Bill_Gates/Bill_Gates_0006_face_2.jpg
Bill_Paxton,/Users/taufiq/workspace/infran-spark/data_inference/Bill_Paxton/Bill_Paxton_0003_face_2.jpg
Bill_Paxton,/Users/taufiq/workspace/infran-spark/data_inference/Bill_Paxton/Bill_Paxton_0003_face_3.jpg
Bill_Paxton,/Users/taufiq/workspace/infran-spark/data_inference/Bill_Paxton/Bill_Paxton_0003_face_1.jpg
Bill_Paxton,/Users/taufiq/workspace/infran-spark/data_inference/Bill_Paxton/Bill_Paxton_0002_face_2.jpg
Bill_Paxton,/Users/taufiq/workspace/infran-spark/data_inference/Bill_Paxton/Bill_Paxton_0002_face_1.jpg
Bill_Simon,/Users/taufiq/workspace/infran-spark/data_inference/Bill_Simon/Bill_Simon_0015_face_2.jpg
Bill_Simon,/Users/taufiq/workspace/infran-spark/data_inference/Bill_Simon/Bill_Simon_0015_face_3.jpg
Bill_Simon,/Users/taufiq/workspace/infran-spark/data_inference/Bill_Simon/Bill_Simon_0015_face_1.jpg
Bill_Simon,/Users/taufiq/workspace/infran-spark/data_inference/Bill_Simon/Bill_Simon_0005_face_1.jpg
Bill_Simon,/Users/taufiq/workspace/infran-spark/data_inference/Bill_Simon/Bill_Simon_0005_face_2.jpg
Billy_Crawford,/Users/taufiq/workspace/infran-spark/data_inference/Billy_Crawford/Billy_Crawford_0001_face_1.jpg
Billy_Crawford,/Users/taufiq/workspace/infran-spark/data_inference/Billy_Crawford/Billy_Crawford_0001_face_2.jpg
Billy_Crystal,/Users/taufiq/workspace/infran-spark/data_inference/Billy_Crystal/Billy_Crystal_0005_face_1.jpg
Billy_Crystal,/Users/taufiq/workspace/infran-spark/data_inference/Billy_Crystal/Billy_Crystal_0005_face_2.jpg
Billy_Crystal,/Users/taufiq/workspace/infran-spark/data_inference/Billy_Crystal/Billy_Crystal_0005_face_3.jpg
Billy_Crystal,/Users/taufiq/workspace/infran-spark/data_inference/Billy_Crystal/Billy_Crystal_0006_face_1.jpg
Billy_Crystal,/Users/taufiq/workspace/infran-spark/data_inference/Billy_Crystal/Billy_Crystal_0006_face_2.jpg
Billy_Edelin,/Users/taufiq/workspace/infran-spark/data_inference/Billy_Edelin/Billy_Edelin_0001_face_1.jpg
Billy_Edelin,/Users/taufiq/workspace/infran-spark/data_inference/Billy_Edelin/Billy_Edelin_0001_face_2.jpg
Binyamin_Ben-Eliezer,/Users/taufiq/workspace/infran-spark/data_inference/Binyamin_Ben-Eliezer/Binyamin_Ben-Eliezer_0007_face_2.jpg
Binyamin_Ben-Eliezer,/Users/taufiq/workspace/infran-spark/data_inference/Binyamin_Ben-Eliezer/Binyamin_Ben-Eliezer_0007_face_1.jpg
Bob_Colvin,/Users/taufiq/workspace/infran-spark/data_inference/Bob_Colvin/Bob_Colvin_0001_face_2.jpg
Bob_Colvin,/Users/taufiq/workspace/infran-spark/data_inference/Bob_Colvin/Bob_Colvin_0001_face_1.jpg
Bob_Dole,/Users/taufiq/workspace/infran-spark/data_inference/Bob_Dole/Bob_Dole_0001_face_1.jpg
Bob_Dole,/Users/taufiq/workspace/infran-spark/data_inference/Bob_Dole/Bob_Dole_0001_face_2.jpg
Bob_Dole,/Users/taufiq/workspace/infran-spark/data_inference/Bob_Dole/Bob_Dole_0002_face_1.jpg
Bob_Dole,/Users/taufiq/workspace/infran-spark/data_inference/Bob_Dole/Bob_Dole_0002_face_2.jpg
Bob_Graham,/Users/taufiq/workspace/infran-spark/data_inference/Bob_Graham/Bob_Graham_0001_face_2.jpg
Bob_Graham,/Users/taufiq/workspace/infran-spark/data_inference/Bob_Graham/Bob_Graham_0001_face_1.jpg
Bob_Hope,/Users/taufiq/workspace/infran-spark/data_inference/Bob_Hope/Bob_Hope_0002_face_1.jpg
Bob_Hope,/Users/taufiq/workspace/infran-spark/data_inference/Bob_Hope/Bob_Hope_0002_face_2.jpg
Bob_Sulkin,/Users/taufiq/workspace/infran-spark/data_inference/Bob_Sulkin/Bob_Sulkin_0001_face_1.jpg
Bob_Sulkin,/Users/taufiq/workspace/infran-spark/data_inference/Bob_Sulkin/Bob_Sulkin_0001_face_2.jpg
Boris_Becker,/Users/taufiq/workspace/infran-spark/data_inference/Boris_Becker/Boris_Becker_0006_face_2.jpg
Boris_Becker,/Users/taufiq/workspace/infran-spark/data_inference/Boris_Becker/Boris_Becker_0006_face_1.jpg
Boris_Becker,/Users/taufiq/workspace/infran-spark/data_inference/Boris_Becker/Boris_Becker_0001_face_1.jpg
Boris_Becker,/Users/taufiq/workspace/infran-spark/data_inference/Boris_Becker/Boris_Becker_0001_face_2.jpg
Boris_Berezovsky,/Users/taufiq/workspace/infran-spark/data_inference/Boris_Berezovsky/Boris_Berezovsky_0001_face_1.jpg
Boris_Berezovsky,/Users/taufiq/workspace/infran-spark/data_inference/Boris_Berezovsky/Boris_Berezovsky_0001_face_3.jpg
Boris_Berezovsky,/Users/taufiq/workspace/infran-spark/data_inference/Boris_Berezovsky/Boris_Berezovsky_0001_face_2.jpg
Branko_Crvenkovski,/Users/taufiq/workspace/infran-spark/data_inference/Branko_Crvenkovski/Branko_Crvenkovski_0001_face_1.jpg
Branko_Crvenkovski,/Users/taufiq/workspace/infran-spark/data_inference/Branko_Crvenkovski/Branko_Crvenkovski_0001_face_2.jpg
Brendan_Hansen,/Users/taufiq/workspace/infran-spark/data_inference/Brendan_Hansen/Brendan_Hansen_0002_face_2.jpg
Brendan_Hansen,/Users/taufiq/workspace/infran-spark/data_inference/Brendan_Hansen/Brendan_Hansen_0002_face_1.jpg
Brian_Cook,/Users/taufiq/workspace/infran-spark/data_inference/Brian_Cook/Brian_Cook_0001_face_2.jpg
Brian_Cook,/Users/taufiq/workspace/infran-spark/data_inference/Brian_Cook/Brian_Cook_0001_face_1.jpg
Brian_Lara,/Users/taufiq/workspace/infran-spark/data_inference/Brian_Lara/Brian_Lara_0001_face_1.jpg
Brian_Lara,/Users/taufiq/workspace/infran-spark/data_inference/Brian_Lara/Brian_Lara_0001_face_2.jpg
Bridget_Fonda,/Users/taufiq/workspace/infran-spark/data_inference/Bridget_Fonda/Bridget_Fonda_0002_face_2.jpg
Bridget_Fonda,/Users/taufiq/workspace/infran-spark/data_inference/Bridget_Fonda/Bridget_Fonda_0002_face_1.jpg
Bridget_Fonda,/Users/taufiq/workspace/infran-spark/data_inference/Bridget_Fonda/Bridget_Fonda_0001_face_2.jpg
Bridget_Fonda,/Users/taufiq/workspace/infran-spark/data_inference/Bridget_Fonda/Bridget_Fonda_0001_face_3.jpg
Bridget_Fonda,/Users/taufiq/workspace/infran-spark/data_inference/Bridget_Fonda/Bridget_Fonda_0001_face_1.jpg
Bridgette_Wilson-Sampras,/Users/taufiq/workspace/infran-spark/data_inference/Bridgette_Wilson-Sampras/Bridgette_Wilson-Sampras_0003_face_1.jpg
Bridgette_Wilson-Sampras,/Users/taufiq/workspace/infran-spark/data_inference/Bridgette_Wilson-Sampras/Bridgette_Wilson-Sampras_0003_face_2.jpg
Bridgette_Wilson-Sampras,/Users/taufiq/workspace/infran-spark/data_inference/Bridgette_Wilson-Sampras/Bridgette_Wilson-Sampras_0003_face_3.jpg
Bridgette_Wilson-Sampras,/Users/taufiq/workspace/infran-spark/data_inference/Bridgette_Wilson-Sampras/Bridgette_Wilson-Sampras_0003_face_4.jpg
Brigitte_Boisselier,/Users/taufiq/workspace/infran-spark/data_inference/Brigitte_Boisselier/Brigitte_Boisselier_0001_face_1.jpg
Brigitte_Boisselier,/Users/taufiq/workspace/infran-spark/data_inference/Brigitte_Boisselier/Brigitte_Boisselier_0001_face_2.jpg
Brook_Robinson,/Users/taufiq/workspace/infran-spark/data_inference/Brook_Robinson/Brook_Robinson_0001_face_1.jpg
Brook_Robinson,/Users/taufiq/workspace/infran-spark/data_inference/Brook_Robinson/Brook_Robinson_0001_face_2.jpg
Brooke_Gordon,/Users/taufiq/workspace/infran-spark/data_inference/Brooke_Gordon/Brooke_Gordon_0001_face_1.jpg
Brooke_Gordon,/Users/taufiq/workspace/infran-spark/data_inference/Brooke_Gordon/Brooke_Gordon_0001_face_2.jpg
Bruce_Paltrow,/Users/taufiq/workspace/infran-spark/data_inference/Bruce_Paltrow/Bruce_Paltrow_0001_face_2.jpg
Bruce_Paltrow,/Users/taufiq/workspace/infran-spark/data_inference/Bruce_Paltrow/Bruce_Paltrow_0001_face_1.jpg
Bulent_Ecevit,/Users/taufiq/workspace/infran-spark/data_inference/Bulent_Ecevit/Bulent_Ecevit_0003_face_2.jpg
Bulent_Ecevit,/Users/taufiq/workspace/infran-spark/data_inference/Bulent_Ecevit/Bulent_Ecevit_0003_face_1.jpg
Bulent_Ecevit,/Users/taufiq/workspace/infran-spark/data_inference/Bulent_Ecevit/Bulent_Ecevit_0006_face_1.jpg
Bulent_Ecevit,/Users/taufiq/workspace/infran-spark/data_inference/Bulent_Ecevit/Bulent_Ecevit_0006_face_2.jpg
Caio_Blat,/Users/taufiq/workspace/infran-spark/data_inference/Caio_Blat/Caio_Blat_0001_face_1.jpg
Caio_Blat,/Users/taufiq/workspace/infran-spark/data_inference/Caio_Blat/Caio_Blat_0001_face_2.jpg
Calista_Flockhart,/Users/taufiq/workspace/infran-spark/data_inference/Calista_Flockhart/Calista_Flockhart_0001_face_1.jpg
Calista_Flockhart,/Users/taufiq/workspace/infran-spark/data_inference/Calista_Flockhart/Calista_Flockhart_0001_face_2.jpg
Cameron_Diaz,/Users/taufiq/workspace/infran-spark/data_inference/Cameron_Diaz/Cameron_Diaz_0002_face_2.jpg
Cameron_Diaz,/Users/taufiq/workspace/infran-spark/data_inference/Cameron_Diaz/Cameron_Diaz_0002_face_1.jpg
Camilla_Parker_Bowles,/Users/taufiq/workspace/infran-spark/data_inference/Camilla_Parker_Bowles/Camilla_Parker_Bowles_0001_face_2.jpg
Camilla_Parker_Bowles,/Users/taufiq/workspace/infran-spark/data_inference/Camilla_Parker_Bowles/Camilla_Parker_Bowles_0001_face_1.jpg
Candice_Bergen,/Users/taufiq/workspace/infran-spark/data_inference/Candice_Bergen/Candice_Bergen_0003_face_1.jpg
Candice_Bergen,/Users/taufiq/workspace/infran-spark/data_inference/Candice_Bergen/Candice_Bergen_0003_face_2.jpg
Carina_Lau_Ka-ling,/Users/taufiq/workspace/infran-spark/data_inference/Carina_Lau_Ka-ling/Carina_Lau_Ka-ling_0001_face_1.jpg
Carina_Lau_Ka-ling,/Users/taufiq/workspace/infran-spark/data_inference/Carina_Lau_Ka-ling/Carina_Lau_Ka-ling_0001_face_3.jpg
Carina_Lau_Ka-ling,/Users/taufiq/workspace/infran-spark/data_inference/Carina_Lau_Ka-ling/Carina_Lau_Ka-ling_0001_face_2.jpg
Carla_Del_Ponte,/Users/taufiq/workspace/infran-spark/data_inference/Carla_Del_Ponte/Carla_Del_Ponte_0004_face_2.jpg
Carla_Del_Ponte,/Users/taufiq/workspace/infran-spark/data_inference/Carla_Del_Ponte/Carla_Del_Ponte_0004_face_1.jpg
Carlo_Ancelotti,/Users/taufiq/workspace/infran-spark/data_inference/Carlo_Ancelotti/Carlo_Ancelotti_0003_face_1.jpg
Carlo_Ancelotti,/Users/taufiq/workspace/infran-spark/data_inference/Carlo_Ancelotti/Carlo_Ancelotti_0003_face_2.jpg
Carlos_Ghosn,/Users/taufiq/workspace/infran-spark/data_inference/Carlos_Ghosn/Carlos_Ghosn_0002_face_2.jpg
Carlos_Ghosn,/Users/taufiq/workspace/infran-spark/data_inference/Carlos_Ghosn/Carlos_Ghosn_0002_face_1.jpg
Carlos_Menem,/Users/taufiq/workspace/infran-spark/data_inference/Carlos_Menem/Carlos_Menem_0007_face_2.jpg
Carlos_Menem,/Users/taufiq/workspace/infran-spark/data_inference/Carlos_Menem/Carlos_Menem_0007_face_3.jpg
Carlos_Menem,/Users/taufiq/workspace/infran-spark/data_inference/Carlos_Menem/Carlos_Menem_0007_face_1.jpg
Carlos_Menem,/Users/taufiq/workspace/infran-spark/data_inference/Carlos_Menem/Carlos_Menem_0016_face_1.jpg
Carlos_Menem,/Users/taufiq/workspace/infran-spark/data_inference/Carlos_Menem/Carlos_Menem_0016_face_2.jpg
Carlos_Menem,/Users/taufiq/workspace/infran-spark/data_inference/Carlos_Menem/Carlos_Menem_0003_face_1.jpg
Carlos_Menem,/Users/taufiq/workspace/infran-spark/data_inference/Carlos_Menem/Carlos_Menem_0003_face_2.jpg
Carlos_Ortega,/Users/taufiq/workspace/infran-spark/data_inference/Carlos_Ortega/Carlos_Ortega_0003_face_1.jpg
Carlos_Ortega,/Users/taufiq/workspace/infran-spark/data_inference/Carlos_Ortega/Carlos_Ortega_0003_face_2.jpg
Carlos_Salinas,/Users/taufiq/workspace/infran-spark/data_inference/Carlos_Salinas/Carlos_Salinas_0001_face_1.jpg
Carlos_Salinas,/Users/taufiq/workspace/infran-spark/data_inference/Carlos_Salinas/Carlos_Salinas_0001_face_2.jpg
Carlos_Vives,/Users/taufiq/workspace/infran-spark/data_inference/Carlos_Vives/Carlos_Vives_0001_face_2.jpg
Carlos_Vives,/Users/taufiq/workspace/infran-spark/data_inference/Carlos_Vives/Carlos_Vives_0001_face_1.jpg
Carmen_Electra,/Users/taufiq/workspace/infran-spark/data_inference/Carmen_Electra/Carmen_Electra_0005_face_2.jpg
Carmen_Electra,/Users/taufiq/workspace/infran-spark/data_inference/Carmen_Electra/Carmen_Electra_0005_face_1.jpg
Carolina_Barco,/Users/taufiq/workspace/infran-spark/data_inference/Carolina_Barco/Carolina_Barco_0001_face_2.jpg
Carolina_Barco,/Users/taufiq/workspace/infran-spark/data_inference/Carolina_Barco/Carolina_Barco_0001_face_1.jpg
Carrie-Anne_Moss,/Users/taufiq/workspace/infran-spark/data_inference/Carrie-Anne_Moss/Carrie-Anne_Moss_0003_face_2.jpg
Carrie-Anne_Moss,/Users/taufiq/workspace/infran-spark/data_inference/Carrie-Anne_Moss/Carrie-Anne_Moss_0003_face_1.jpg
Carroll_Weimer,/Users/taufiq/workspace/infran-spark/data_inference/Carroll_Weimer/Carroll_Weimer_0001_face_1.jpg
Carroll_Weimer,/Users/taufiq/workspace/infran-spark/data_inference/Carroll_Weimer/Carroll_Weimer_0001_face_2.jpg
Carson_Daly,/Users/taufiq/workspace/infran-spark/data_inference/Carson_Daly/Carson_Daly_0001_face_2.jpg
Carson_Daly,/Users/taufiq/workspace/infran-spark/data_inference/Carson_Daly/Carson_Daly_0001_face_1.jpg
Carson_Palmer,/Users/taufiq/workspace/infran-spark/data_inference/Carson_Palmer/Carson_Palmer_0003_face_2.jpg
Carson_Palmer,/Users/taufiq/workspace/infran-spark/data_inference/Carson_Palmer/Carson_Palmer_0003_face_1.jpg
Catherine_Deneuve,/Users/taufiq/workspace/infran-spark/data_inference/Catherine_Deneuve/Catherine_Deneuve_0003_face_2.jpg
Catherine_Deneuve,/Users/taufiq/workspace/infran-spark/data_inference/Catherine_Deneuve/Catherine_Deneuve_0003_face_1.jpg
Catherine_Zeta-Jones,/Users/taufiq/workspace/infran-spark/data_inference/Catherine_Zeta-Jones/Catherine_Zeta-Jones_0005_face_2.jpg
Catherine_Zeta-Jones,/Users/taufiq/workspace/infran-spark/data_inference/Catherine_Zeta-Jones/Catherine_Zeta-Jones_0005_face_1.jpg
Catherine_Zeta-Jones,/Users/taufiq/workspace/infran-spark/data_inference/Catherine_Zeta-Jones/Catherine_Zeta-Jones_0011_face_2.jpg
Catherine_Zeta-Jones,/Users/taufiq/workspace/infran-spark/data_inference/Catherine_Zeta-Jones/Catherine_Zeta-Jones_0011_face_1.jpg
Cecilia_Cheung,/Users/taufiq/workspace/infran-spark/data_inference/Cecilia_Cheung/Cecilia_Cheung_0001_face_2.jpg
Cecilia_Cheung,/Users/taufiq/workspace/infran-spark/data_inference/Cecilia_Cheung/Cecilia_Cheung_0001_face_1.jpg
Celine_Dion,/Users/taufiq/workspace/infran-spark/data_inference/Celine_Dion/Celine_Dion_0007_face_2.jpg
Celine_Dion,/Users/taufiq/workspace/infran-spark/data_inference/Celine_Dion/Celine_Dion_0007_face_1.jpg
Cesar_Gaviria,/Users/taufiq/workspace/infran-spark/data_inference/Cesar_Gaviria/Cesar_Gaviria_0005_face_1.jpg
Cesar_Gaviria,/Users/taufiq/workspace/infran-spark/data_inference/Cesar_Gaviria/Cesar_Gaviria_0005_face_2.jpg
Cesar_Gaviria,/Users/taufiq/workspace/infran-spark/data_inference/Cesar_Gaviria/Cesar_Gaviria_0006_face_1.jpg
Cesar_Gaviria,/Users/taufiq/workspace/infran-spark/data_inference/Cesar_Gaviria/Cesar_Gaviria_0006_face_3.jpg
Cesar_Gaviria,/Users/taufiq/workspace/infran-spark/data_inference/Cesar_Gaviria/Cesar_Gaviria_0006_face_2.jpg
Chakib_Khelil,/Users/taufiq/workspace/infran-spark/data_inference/Chakib_Khelil/Chakib_Khelil_0002_face_2.jpg
Chakib_Khelil,/Users/taufiq/workspace/infran-spark/data_inference/Chakib_Khelil/Chakib_Khelil_0002_face_3.jpg
Chakib_Khelil,/Users/taufiq/workspace/infran-spark/data_inference/Chakib_Khelil/Chakib_Khelil_0002_face_1.jpg
Chakib_Khelil,/Users/taufiq/workspace/infran-spark/data_inference/Chakib_Khelil/Chakib_Khelil_0002_face_4.jpg
Chan_Gailey,/Users/taufiq/workspace/infran-spark/data_inference/Chan_Gailey/Chan_Gailey_0003_face_1.jpg
Chan_Gailey,/Users/taufiq/workspace/infran-spark/data_inference/Chan_Gailey/Chan_Gailey_0003_face_2.jpg
Chang_Dae-whan,/Users/taufiq/workspace/infran-spark/data_inference/Chang_Dae-whan/Chang_Dae-whan_0002_face_2.jpg
Chang_Dae-whan,/Users/taufiq/workspace/infran-spark/data_inference/Chang_Dae-whan/Chang_Dae-whan_0002_face_1.jpg
Charles_Grassley,/Users/taufiq/workspace/infran-spark/data_inference/Charles_Grassley/Charles_Grassley_0001_face_2.jpg
Charles_Grassley,/Users/taufiq/workspace/infran-spark/data_inference/Charles_Grassley/Charles_Grassley_0001_face_1.jpg
Charles_Grassley,/Users/taufiq/workspace/infran-spark/data_inference/Charles_Grassley/Charles_Grassley_0002_face_2.jpg
Charles_Grassley,/Users/taufiq/workspace/infran-spark/data_inference/Charles_Grassley/Charles_Grassley_0002_face_1.jpg
Charles_Mathews,/Users/taufiq/workspace/infran-spark/data_inference/Charles_Mathews/Charles_Mathews_0001_face_1.jpg
Charles_Mathews,/Users/taufiq/workspace/infran-spark/data_inference/Charles_Mathews/Charles_Mathews_0001_face_2.jpg
Charles_Mathews,/Users/taufiq/workspace/infran-spark/data_inference/Charles_Mathews/Charles_Mathews_0002_face_1.jpg
Charles_Mathews,/Users/taufiq/workspace/infran-spark/data_inference/Charles_Mathews/Charles_Mathews_0002_face_2.jpg
Charles_Moose,/Users/taufiq/workspace/infran-spark/data_inference/Charles_Moose/Charles_Moose_0002_face_1.jpg
Charles_Moose,/Users/taufiq/workspace/infran-spark/data_inference/Charles_Moose/Charles_Moose_0002_face_2.jpg
Charles_Moose,/Users/taufiq/workspace/infran-spark/data_inference/Charles_Moose/Charles_Moose_0007_face_2.jpg
Charles_Moose,/Users/taufiq/workspace/infran-spark/data_inference/Charles_Moose/Charles_Moose_0007_face_1.jpg
Charles_Moose,/Users/taufiq/workspace/infran-spark/data_inference/Charles_Moose/Charles_Moose_0008_face_1.jpg
Charles_Moose,/Users/taufiq/workspace/infran-spark/data_inference/Charles_Moose/Charles_Moose_0008_face_3.jpg
Charles_Moose,/Users/taufiq/workspace/infran-spark/data_inference/Charles_Moose/Charles_Moose_0008_face_2.jpg
Charles_Moose,/Users/taufiq/workspace/infran-spark/data_inference/Charles_Moose/Charles_Moose_0003_face_1.jpg
Charles_Moose,/Users/taufiq/workspace/infran-spark/data_inference/Charles_Moose/Charles_Moose_0003_face_2.jpg
Charles_Moose,/Users/taufiq/workspace/infran-spark/data_inference/Charles_Moose/Charles_Moose_0009_face_1.jpg
Charles_Moose,/Users/taufiq/workspace/infran-spark/data_inference/Charles_Moose/Charles_Moose_0009_face_2.jpg
Charles_Moose,/Users/taufiq/workspace/infran-spark/data_inference/Charles_Moose/Charles_Moose_0010_face_2.jpg
Charles_Moose,/Users/taufiq/workspace/infran-spark/data_inference/Charles_Moose/Charles_Moose_0010_face_1.jpg
Charles_Schumer,/Users/taufiq/workspace/infran-spark/data_inference/Charles_Schumer/Charles_Schumer_0002_face_1.jpg
Charles_Schumer,/Users/taufiq/workspace/infran-spark/data_inference/Charles_Schumer/Charles_Schumer_0002_face_2.jpg
Charles_Taylor,/Users/taufiq/workspace/infran-spark/data_inference/Charles_Taylor/Charles_Taylor_0001_face_2.jpg
Charles_Taylor,/Users/taufiq/workspace/infran-spark/data_inference/Charles_Taylor/Charles_Taylor_0001_face_1.jpg
Charles_Taylor,/Users/taufiq/workspace/infran-spark/data_inference/Charles_Taylor/Charles_Taylor_0004_face_1.jpg
Charles_Taylor,/Users/taufiq/workspace/infran-spark/data_inference/Charles_Taylor/Charles_Taylor_0004_face_3.jpg
Charles_Taylor,/Users/taufiq/workspace/infran-spark/data_inference/Charles_Taylor/Charles_Taylor_0004_face_2.jpg
Charles_Taylor,/Users/taufiq/workspace/infran-spark/data_inference/Charles_Taylor/Charles_Taylor_0008_face_2.jpg
Charles_Taylor,/Users/taufiq/workspace/infran-spark/data_inference/Charles_Taylor/Charles_Taylor_0008_face_1.jpg
Charles_Taylor,/Users/taufiq/workspace/infran-spark/data_inference/Charles_Taylor/Charles_Taylor_0005_face_1.jpg
Charles_Taylor,/Users/taufiq/workspace/infran-spark/data_inference/Charles_Taylor/Charles_Taylor_0005_face_3.jpg
Charles_Taylor,/Users/taufiq/workspace/infran-spark/data_inference/Charles_Taylor/Charles_Taylor_0005_face_2.jpg
Charles_Taylor,/Users/taufiq/workspace/infran-spark/data_inference/Charles_Taylor/Charles_Taylor_0005_face_5.jpg
Charles_Taylor,/Users/taufiq/workspace/infran-spark/data_inference/Charles_Taylor/Charles_Taylor_0005_face_4.jpg
Charlie_Coles,/Users/taufiq/workspace/infran-spark/data_inference/Charlie_Coles/Charlie_Coles_0001_face_2.jpg
Charlie_Coles,/Users/taufiq/workspace/infran-spark/data_inference/Charlie_Coles/Charlie_Coles_0001_face_1.jpg
Charlie_Deane,/Users/taufiq/workspace/infran-spark/data_inference/Charlie_Deane/Charlie_Deane_0001_face_1.jpg
Charlie_Deane,/Users/taufiq/workspace/infran-spark/data_inference/Charlie_Deane/Charlie_Deane_0001_face_2.jpg
Charlie_Garner,/Users/taufiq/workspace/infran-spark/data_inference/Charlie_Garner/Charlie_Garner_0001_face_2.jpg
Charlie_Garner,/Users/taufiq/workspace/infran-spark/data_inference/Charlie_Garner/Charlie_Garner_0001_face_1.jpg
Charlotte_Rampling,/Users/taufiq/workspace/infran-spark/data_inference/Charlotte_Rampling/Charlotte_Rampling_0002_face_2.jpg
Charlotte_Rampling,/Users/taufiq/workspace/infran-spark/data_inference/Charlotte_Rampling/Charlotte_Rampling_0002_face_1.jpg
Chawki_Armali,/Users/taufiq/workspace/infran-spark/data_inference/Chawki_Armali/Chawki_Armali_0001_face_1.jpg
Chawki_Armali,/Users/taufiq/workspace/infran-spark/data_inference/Chawki_Armali/Chawki_Armali_0001_face_2.jpg
Chawki_Armali,/Users/taufiq/workspace/infran-spark/data_inference/Chawki_Armali/Chawki_Armali_0001_face_3.jpg
Chea_Sophara,/Users/taufiq/workspace/infran-spark/data_inference/Chea_Sophara/Chea_Sophara_0001_face_1.jpg
Chea_Sophara,/Users/taufiq/workspace/infran-spark/data_inference/Chea_Sophara/Chea_Sophara_0001_face_2.jpg
Chea_Sophara,/Users/taufiq/workspace/infran-spark/data_inference/Chea_Sophara/Chea_Sophara_0001_face_3.jpg
Chea_Sophara,/Users/taufiq/workspace/infran-spark/data_inference/Chea_Sophara/Chea_Sophara_0001_face_4.jpg
Chen_Liang_Yu,/Users/taufiq/workspace/infran-spark/data_inference/Chen_Liang_Yu/Chen_Liang_Yu_0001_face_2.jpg
Chen_Liang_Yu,/Users/taufiq/workspace/infran-spark/data_inference/Chen_Liang_Yu/Chen_Liang_Yu_0001_face_1.jpg
Chen_Shui-bian,/Users/taufiq/workspace/infran-spark/data_inference/Chen_Shui-bian/Chen_Shui-bian_0005_face_1.jpg
Chen_Shui-bian,/Users/taufiq/workspace/infran-spark/data_inference/Chen_Shui-bian/Chen_Shui-bian_0005_face_2.jpg
Cherie_Blair,/Users/taufiq/workspace/infran-spark/data_inference/Cherie_Blair/Cherie_Blair_0002_face_1.jpg
Cherie_Blair,/Users/taufiq/workspace/infran-spark/data_inference/Cherie_Blair/Cherie_Blair_0002_face_2.jpg
Cheryl_Hines,/Users/taufiq/workspace/infran-spark/data_inference/Cheryl_Hines/Cheryl_Hines_0001_face_1.jpg
Cheryl_Hines,/Users/taufiq/workspace/infran-spark/data_inference/Cheryl_Hines/Cheryl_Hines_0001_face_2.jpg
Chita_Rivera,/Users/taufiq/workspace/infran-spark/data_inference/Chita_Rivera/Chita_Rivera_0001_face_2.jpg
Chita_Rivera,/Users/taufiq/workspace/infran-spark/data_inference/Chita_Rivera/Chita_Rivera_0001_face_1.jpg
Chloe_Sevigny,/Users/taufiq/workspace/infran-spark/data_inference/Chloe_Sevigny/Chloe_Sevigny_0001_face_1.jpg
Chloe_Sevigny,/Users/taufiq/workspace/infran-spark/data_inference/Chloe_Sevigny/Chloe_Sevigny_0001_face_2.jpg
Cho_Myung-kyun,/Users/taufiq/workspace/infran-spark/data_inference/Cho_Myung-kyun/Cho_Myung-kyun_0001_face_1.jpg
Cho_Myung-kyun,/Users/taufiq/workspace/infran-spark/data_inference/Cho_Myung-kyun/Cho_Myung-kyun_0001_face_2.jpg
Cho_Myung-kyun,/Users/taufiq/workspace/infran-spark/data_inference/Cho_Myung-kyun/Cho_Myung-kyun_0001_face_3.jpg
Choi_Sung-hong,/Users/taufiq/workspace/infran-spark/data_inference/Choi_Sung-hong/Choi_Sung-hong_0004_face_2.jpg
Choi_Sung-hong,/Users/taufiq/workspace/infran-spark/data_inference/Choi_Sung-hong/Choi_Sung-hong_0004_face_1.jpg
Choi_Sung-hong,/Users/taufiq/workspace/infran-spark/data_inference/Choi_Sung-hong/Choi_Sung-hong_0001_face_1.jpg
Choi_Sung-hong,/Users/taufiq/workspace/infran-spark/data_inference/Choi_Sung-hong/Choi_Sung-hong_0001_face_2.jpg
Choi_Sung-hong,/Users/taufiq/workspace/infran-spark/data_inference/Choi_Sung-hong/Choi_Sung-hong_0003_face_4.jpg
Choi_Sung-hong,/Users/taufiq/workspace/infran-spark/data_inference/Choi_Sung-hong/Choi_Sung-hong_0003_face_1.jpg
Choi_Sung-hong,/Users/taufiq/workspace/infran-spark/data_inference/Choi_Sung-hong/Choi_Sung-hong_0003_face_2.jpg
Choi_Sung-hong,/Users/taufiq/workspace/infran-spark/data_inference/Choi_Sung-hong/Choi_Sung-hong_0003_face_3.jpg
Chok_Tong_Goh,/Users/taufiq/workspace/infran-spark/data_inference/Chok_Tong_Goh/Chok_Tong_Goh_0001_face_1.jpg
Chok_Tong_Goh,/Users/taufiq/workspace/infran-spark/data_inference/Chok_Tong_Goh/Chok_Tong_Goh_0001_face_2.jpg
Chris_Byrd,/Users/taufiq/workspace/infran-spark/data_inference/Chris_Byrd/Chris_Byrd_0002_face_2.jpg
Chris_Byrd,/Users/taufiq/workspace/infran-spark/data_inference/Chris_Byrd/Chris_Byrd_0002_face_1.jpg
Chris_Moore,/Users/taufiq/workspace/infran-spark/data_inference/Chris_Moore/Chris_Moore_0001_face_1.jpg
Chris_Moore,/Users/taufiq/workspace/infran-spark/data_inference/Chris_Moore/Chris_Moore_0001_face_2.jpg
Chris_Swecker,/Users/taufiq/workspace/infran-spark/data_inference/Chris_Swecker/Chris_Swecker_0001_face_2.jpg
Chris_Swecker,/Users/taufiq/workspace/infran-spark/data_inference/Chris_Swecker/Chris_Swecker_0001_face_1.jpg
Christian_Wulff,/Users/taufiq/workspace/infran-spark/data_inference/Christian_Wulff/Christian_Wulff_0002_face_1.jpg
Christian_Wulff,/Users/taufiq/workspace/infran-spark/data_inference/Christian_Wulff/Christian_Wulff_0002_face_2.jpg
Christina_Sawaya,/Users/taufiq/workspace/infran-spark/data_inference/Christina_Sawaya/Christina_Sawaya_0001_face_2.jpg
Christina_Sawaya,/Users/taufiq/workspace/infran-spark/data_inference/Christina_Sawaya/Christina_Sawaya_0001_face_1.jpg
Christine_Baumgartner,/Users/taufiq/workspace/infran-spark/data_inference/Christine_Baumgartner/Christine_Baumgartner_0003_face_1.jpg
Christine_Baumgartner,/Users/taufiq/workspace/infran-spark/data_inference/Christine_Baumgartner/Christine_Baumgartner_0003_face_2.jpg
Christine_Todd_Whitman,/Users/taufiq/workspace/infran-spark/data_inference/Christine_Todd_Whitman/Christine_Todd_Whitman_0005_face_1.jpg
Christine_Todd_Whitman,/Users/taufiq/workspace/infran-spark/data_inference/Christine_Todd_Whitman/Christine_Todd_Whitman_0005_face_2.jpg
Chung_Mong-hun,/Users/taufiq/workspace/infran-spark/data_inference/Chung_Mong-hun/Chung_Mong-hun_0002_face_2.jpg
Chung_Mong-hun,/Users/taufiq/workspace/infran-spark/data_inference/Chung_Mong-hun/Chung_Mong-hun_0002_face_1.jpg
Cindy_Zagorski,/Users/taufiq/workspace/infran-spark/data_inference/Cindy_Zagorski/Cindy_Zagorski_0001_face_2.jpg
Cindy_Zagorski,/Users/taufiq/workspace/infran-spark/data_inference/Cindy_Zagorski/Cindy_Zagorski_0001_face_1.jpg
Claudia_Cardinale,/Users/taufiq/workspace/infran-spark/data_inference/Claudia_Cardinale/Claudia_Cardinale_0001_face_1.jpg
Claudia_Cardinale,/Users/taufiq/workspace/infran-spark/data_inference/Claudia_Cardinale/Claudia_Cardinale_0001_face_2.jpg
Clint_Eastwood,/Users/taufiq/workspace/infran-spark/data_inference/Clint_Eastwood/Clint_Eastwood_0001_face_1.jpg
Clint_Eastwood,/Users/taufiq/workspace/infran-spark/data_inference/Clint_Eastwood/Clint_Eastwood_0001_face_2.jpg
Clint_Eastwood,/Users/taufiq/workspace/infran-spark/data_inference/Clint_Eastwood/Clint_Eastwood_0003_face_1.jpg
Clint_Eastwood,/Users/taufiq/workspace/infran-spark/data_inference/Clint_Eastwood/Clint_Eastwood_0003_face_2.jpg
Clint_Eastwood,/Users/taufiq/workspace/infran-spark/data_inference/Clint_Eastwood/Clint_Eastwood_0003_face_3.jpg
Colin_Farrell,/Users/taufiq/workspace/infran-spark/data_inference/Colin_Farrell/Colin_Farrell_0006_face_1.jpg
Colin_Farrell,/Users/taufiq/workspace/infran-spark/data_inference/Colin_Farrell/Colin_Farrell_0006_face_2.jpg
Colin_Farrell,/Users/taufiq/workspace/infran-spark/data_inference/Colin_Farrell/Colin_Farrell_0003_face_2.jpg
Colin_Farrell,/Users/taufiq/workspace/infran-spark/data_inference/Colin_Farrell/Colin_Farrell_0003_face_1.jpg
Colin_Powell,/Users/taufiq/workspace/infran-spark/data_inference/Colin_Powell/Colin_Powell_0068_face_1.jpg
Colin_Powell,/Users/taufiq/workspace/infran-spark/data_inference/Colin_Powell/Colin_Powell_0068_face_2.jpg
Colin_Powell,/Users/taufiq/workspace/infran-spark/data_inference/Colin_Powell/Colin_Powell_0046_face_3.jpg
Colin_Powell,/Users/taufiq/workspace/infran-spark/data_inference/Colin_Powell/Colin_Powell_0046_face_2.jpg
Colin_Powell,/Users/taufiq/workspace/infran-spark/data_inference/Colin_Powell/Colin_Powell_0046_face_1.jpg
Colin_Powell,/Users/taufiq/workspace/infran-spark/data_inference/Colin_Powell/Colin_Powell_0023_face_1.jpg
Colin_Powell,/Users/taufiq/workspace/infran-spark/data_inference/Colin_Powell/Colin_Powell_0023_face_2.jpg
Colin_Powell,/Users/taufiq/workspace/infran-spark/data_inference/Colin_Powell/Colin_Powell_0084_face_2.jpg
Colin_Powell,/Users/taufiq/workspace/infran-spark/data_inference/Colin_Powell/Colin_Powell_0084_face_1.jpg
Colin_Powell,/Users/taufiq/workspace/infran-spark/data_inference/Colin_Powell/Colin_Powell_0095_face_1.jpg
Colin_Powell,/Users/taufiq/workspace/infran-spark/data_inference/Colin_Powell/Colin_Powell_0095_face_2.jpg
Colin_Powell,/Users/taufiq/workspace/infran-spark/data_inference/Colin_Powell/Colin_Powell_0011_face_2.jpg
Colin_Powell,/Users/taufiq/workspace/infran-spark/data_inference/Colin_Powell/Colin_Powell_0011_face_3.jpg
Colin_Powell,/Users/taufiq/workspace/infran-spark/data_inference/Colin_Powell/Colin_Powell_0011_face_1.jpg
Colin_Powell,/Users/taufiq/workspace/infran-spark/data_inference/Colin_Powell/Colin_Powell_0049_face_1.jpg
Colin_Powell,/Users/taufiq/workspace/infran-spark/data_inference/Colin_Powell/Colin_Powell_0049_face_2.jpg
Colin_Powell,/Users/taufiq/workspace/infran-spark/data_inference/Colin_Powell/Colin_Powell_0049_face_3.jpg
Colin_Powell,/Users/taufiq/workspace/infran-spark/data_inference/Colin_Powell/Colin_Powell_0047_face_3.jpg
Colin_Powell,/Users/taufiq/workspace/infran-spark/data_inference/Colin_Powell/Colin_Powell_0047_face_2.jpg
Colin_Powell,/Users/taufiq/workspace/infran-spark/data_inference/Colin_Powell/Colin_Powell_0047_face_1.jpg
Colin_Powell,/Users/taufiq/workspace/infran-spark/data_inference/Colin_Powell/Colin_Powell_0093_face_2.jpg
Colin_Powell,/Users/taufiq/workspace/infran-spark/data_inference/Colin_Powell/Colin_Powell_0093_face_1.jpg
Colin_Powell,/Users/taufiq/workspace/infran-spark/data_inference/Colin_Powell/Colin_Powell_0034_face_1.jpg
Colin_Powell,/Users/taufiq/workspace/infran-spark/data_inference/Colin_Powell/Colin_Powell_0034_face_2.jpg
Colin_Powell,/Users/taufiq/workspace/infran-spark/data_inference/Colin_Powell/Colin_Powell_0070_face_2.jpg
Colin_Powell,/Users/taufiq/workspace/infran-spark/data_inference/Colin_Powell/Colin_Powell_0070_face_1.jpg
Colin_Powell,/Users/taufiq/workspace/infran-spark/data_inference/Colin_Powell/Colin_Powell_0042_face_1.jpg
Colin_Powell,/Users/taufiq/workspace/infran-spark/data_inference/Colin_Powell/Colin_Powell_0042_face_2.jpg
Colin_Powell,/Users/taufiq/workspace/infran-spark/data_inference/Colin_Powell/Colin_Powell_0048_face_1.jpg
Colin_Powell,/Users/taufiq/workspace/infran-spark/data_inference/Colin_Powell/Colin_Powell_0048_face_2.jpg
Colin_Powell,/Users/taufiq/workspace/infran-spark/data_inference/Colin_Powell/Colin_Powell_0010_face_2.jpg
Colin_Powell,/Users/taufiq/workspace/infran-spark/data_inference/Colin_Powell/Colin_Powell_0010_face_3.jpg
Colin_Powell,/Users/taufiq/workspace/infran-spark/data_inference/Colin_Powell/Colin_Powell_0010_face_1.jpg
Colin_Powell,/Users/taufiq/workspace/infran-spark/data_inference/Colin_Powell/Colin_Powell_0036_face_1.jpg
Colin_Powell,/Users/taufiq/workspace/infran-spark/data_inference/Colin_Powell/Colin_Powell_0036_face_2.jpg
Colin_Powell,/Users/taufiq/workspace/infran-spark/data_inference/Colin_Powell/Colin_Powell_0015_face_1.jpg
Colin_Powell,/Users/taufiq/workspace/infran-spark/data_inference/Colin_Powell/Colin_Powell_0015_face_2.jpg
Colin_Powell,/Users/taufiq/workspace/infran-spark/data_inference/Colin_Powell/Colin_Powell_0099_face_2.jpg
Colin_Powell,/Users/taufiq/workspace/infran-spark/data_inference/Colin_Powell/Colin_Powell_0099_face_1.jpg
Colin_Powell,/Users/taufiq/workspace/infran-spark/data_inference/Colin_Powell/Colin_Powell_0066_face_2.jpg
Colin_Powell,/Users/taufiq/workspace/infran-spark/data_inference/Colin_Powell/Colin_Powell_0066_face_1.jpg
Condoleezza_Rice,/Users/taufiq/workspace/infran-spark/data_inference/Condoleezza_Rice/Condoleezza_Rice_0005_face_2.jpg
Condoleezza_Rice,/Users/taufiq/workspace/infran-spark/data_inference/Condoleezza_Rice/Condoleezza_Rice_0005_face_3.jpg
Condoleezza_Rice,/Users/taufiq/workspace/infran-spark/data_inference/Condoleezza_Rice/Condoleezza_Rice_0005_face_1.jpg
Condoleezza_Rice,/Users/taufiq/workspace/infran-spark/data_inference/Condoleezza_Rice/Condoleezza_Rice_0004_face_2.jpg
Condoleezza_Rice,/Users/taufiq/workspace/infran-spark/data_inference/Condoleezza_Rice/Condoleezza_Rice_0004_face_1.jpg
Constance_Marie,/Users/taufiq/workspace/infran-spark/data_inference/Constance_Marie/Constance_Marie_0001_face_1.jpg
Constance_Marie,/Users/taufiq/workspace/infran-spark/data_inference/Constance_Marie/Constance_Marie_0001_face_2.jpg
Coretta_Scott_King,/Users/taufiq/workspace/infran-spark/data_inference/Coretta_Scott_King/Coretta_Scott_King_0002_face_1.jpg
Coretta_Scott_King,/Users/taufiq/workspace/infran-spark/data_inference/Coretta_Scott_King/Coretta_Scott_King_0002_face_2.jpg
Cori_Enghusen,/Users/taufiq/workspace/infran-spark/data_inference/Cori_Enghusen/Cori_Enghusen_0001_face_1.jpg
Cori_Enghusen,/Users/taufiq/workspace/infran-spark/data_inference/Cori_Enghusen/Cori_Enghusen_0001_face_2.jpg
Costas_Simitis,/Users/taufiq/workspace/infran-spark/data_inference/Costas_Simitis/Costas_Simitis_0001_face_1.jpg
Costas_Simitis,/Users/taufiq/workspace/infran-spark/data_inference/Costas_Simitis/Costas_Simitis_0001_face_2.jpg
Costas_Simitis,/Users/taufiq/workspace/infran-spark/data_inference/Costas_Simitis/Costas_Simitis_0004_face_4.jpg
Costas_Simitis,/Users/taufiq/workspace/infran-spark/data_inference/Costas_Simitis/Costas_Simitis_0004_face_3.jpg
Costas_Simitis,/Users/taufiq/workspace/infran-spark/data_inference/Costas_Simitis/Costas_Simitis_0004_face_2.jpg
Costas_Simitis,/Users/taufiq/workspace/infran-spark/data_inference/Costas_Simitis/Costas_Simitis_0004_face_1.jpg
Cristina_Kirchner,/Users/taufiq/workspace/infran-spark/data_inference/Cristina_Kirchner/Cristina_Kirchner_0001_face_1.jpg
Cristina_Kirchner,/Users/taufiq/workspace/infran-spark/data_inference/Cristina_Kirchner/Cristina_Kirchner_0001_face_2.jpg
Cristina_Saralegui,/Users/taufiq/workspace/infran-spark/data_inference/Cristina_Saralegui/Cristina_Saralegui_0002_face_2.jpg
Cristina_Saralegui,/Users/taufiq/workspace/infran-spark/data_inference/Cristina_Saralegui/Cristina_Saralegui_0002_face_1.jpg
Cruz_Bustamante,/Users/taufiq/workspace/infran-spark/data_inference/Cruz_Bustamante/Cruz_Bustamante_0003_face_1.jpg
Cruz_Bustamante,/Users/taufiq/workspace/infran-spark/data_inference/Cruz_Bustamante/Cruz_Bustamante_0003_face_2.jpg
Dai_Bachtiar,/Users/taufiq/workspace/infran-spark/data_inference/Dai_Bachtiar/Dai_Bachtiar_0002_face_1.jpg
Dai_Bachtiar,/Users/taufiq/workspace/infran-spark/data_inference/Dai_Bachtiar/Dai_Bachtiar_0002_face_2.jpg
Dalai_Lama,/Users/taufiq/workspace/infran-spark/data_inference/Dalai_Lama/Dalai_Lama_0002_face_1.jpg
Dalai_Lama,/Users/taufiq/workspace/infran-spark/data_inference/Dalai_Lama/Dalai_Lama_0002_face_2.jpg
Dale_Earnhardt_Jr,/Users/taufiq/workspace/infran-spark/data_inference/Dale_Earnhardt_Jr/Dale_Earnhardt_Jr_0002_face_2.jpg
Dale_Earnhardt_Jr,/Users/taufiq/workspace/infran-spark/data_inference/Dale_Earnhardt_Jr/Dale_Earnhardt_Jr_0002_face_1.jpg
Dan_LaCoutre,/Users/taufiq/workspace/infran-spark/data_inference/Dan_LaCoutre/Dan_LaCoutre_0001_face_1.jpg
Dan_LaCoutre,/Users/taufiq/workspace/infran-spark/data_inference/Dan_LaCoutre/Dan_LaCoutre_0001_face_2.jpg
Dan_Morales,/Users/taufiq/workspace/infran-spark/data_inference/Dan_Morales/Dan_Morales_0003_face_2.jpg
Dan_Morales,/Users/taufiq/workspace/infran-spark/data_inference/Dan_Morales/Dan_Morales_0003_face_1.jpg
Dan_Wheldon,/Users/taufiq/workspace/infran-spark/data_inference/Dan_Wheldon/Dan_Wheldon_0002_face_1.jpg
Dan_Wheldon,/Users/taufiq/workspace/infran-spark/data_inference/Dan_Wheldon/Dan_Wheldon_0002_face_3.jpg
Dan_Wheldon,/Users/taufiq/workspace/infran-spark/data_inference/Dan_Wheldon/Dan_Wheldon_0002_face_2.jpg
Dan_Wheldon,/Users/taufiq/workspace/infran-spark/data_inference/Dan_Wheldon/Dan_Wheldon_0001_face_1.jpg
Dan_Wheldon,/Users/taufiq/workspace/infran-spark/data_inference/Dan_Wheldon/Dan_Wheldon_0001_face_2.jpg
Daniel_Radcliffe,/Users/taufiq/workspace/infran-spark/data_inference/Daniel_Radcliffe/Daniel_Radcliffe_0004_face_1.jpg
Daniel_Radcliffe,/Users/taufiq/workspace/infran-spark/data_inference/Daniel_Radcliffe/Daniel_Radcliffe_0004_face_2.jpg
Darren_Campel,/Users/taufiq/workspace/infran-spark/data_inference/Darren_Campel/Darren_Campel_0001_face_2.jpg
Darren_Campel,/Users/taufiq/workspace/infran-spark/data_inference/Darren_Campel/Darren_Campel_0001_face_1.jpg
Daryl_Hannah,/Users/taufiq/workspace/infran-spark/data_inference/Daryl_Hannah/Daryl_Hannah_0001_face_3.jpg
Daryl_Hannah,/Users/taufiq/workspace/infran-spark/data_inference/Daryl_Hannah/Daryl_Hannah_0001_face_2.jpg
Daryl_Hannah,/Users/taufiq/workspace/infran-spark/data_inference/Daryl_Hannah/Daryl_Hannah_0001_face_1.jpg
Daryl_Parks,/Users/taufiq/workspace/infran-spark/data_inference/Daryl_Parks/Daryl_Parks_0001_face_1.jpg
Daryl_Parks,/Users/taufiq/workspace/infran-spark/data_inference/Daryl_Parks/Daryl_Parks_0001_face_2.jpg
David_Anderson,/Users/taufiq/workspace/infran-spark/data_inference/David_Anderson/David_Anderson_0003_face_1.jpg
David_Anderson,/Users/taufiq/workspace/infran-spark/data_inference/David_Anderson/David_Anderson_0003_face_2.jpg
David_Beckham,/Users/taufiq/workspace/infran-spark/data_inference/David_Beckham/David_Beckham_0024_face_1.jpg
David_Beckham,/Users/taufiq/workspace/infran-spark/data_inference/David_Beckham/David_Beckham_0024_face_2.jpg
David_Bell,/Users/taufiq/workspace/infran-spark/data_inference/David_Bell/David_Bell_0001_face_1.jpg
David_Bell,/Users/taufiq/workspace/infran-spark/data_inference/David_Bell/David_Bell_0001_face_2.jpg
David_Caruso,/Users/taufiq/workspace/infran-spark/data_inference/David_Caruso/David_Caruso_0001_face_1.jpg
David_Caruso,/Users/taufiq/workspace/infran-spark/data_inference/David_Caruso/David_Caruso_0001_face_2.jpg
David_Chase,/Users/taufiq/workspace/infran-spark/data_inference/David_Chase/David_Chase_0001_face_1.jpg
David_Chase,/Users/taufiq/workspace/infran-spark/data_inference/David_Chase/David_Chase_0001_face_2.jpg
David_Ho,/Users/taufiq/workspace/infran-spark/data_inference/David_Ho/David_Ho_0001_face_2.jpg
David_Ho,/Users/taufiq/workspace/infran-spark/data_inference/David_Ho/David_Ho_0001_face_1.jpg
David_Hyde_Pierce,/Users/taufiq/workspace/infran-spark/data_inference/David_Hyde_Pierce/David_Hyde_Pierce_0002_face_1.jpg
David_Hyde_Pierce,/Users/taufiq/workspace/infran-spark/data_inference/David_Hyde_Pierce/David_Hyde_Pierce_0002_face_2.jpg
David_Hyde_Pierce,/Users/taufiq/workspace/infran-spark/data_inference/David_Hyde_Pierce/David_Hyde_Pierce_0004_face_2.jpg
David_Hyde_Pierce,/Users/taufiq/workspace/infran-spark/data_inference/David_Hyde_Pierce/David_Hyde_Pierce_0004_face_1.jpg
David_Hyde_Pierce,/Users/taufiq/workspace/infran-spark/data_inference/David_Hyde_Pierce/David_Hyde_Pierce_0003_face_1.jpg
David_Hyde_Pierce,/Users/taufiq/workspace/infran-spark/data_inference/David_Hyde_Pierce/David_Hyde_Pierce_0003_face_2.jpg
David_Hyde_Pierce,/Users/taufiq/workspace/infran-spark/data_inference/David_Hyde_Pierce/David_Hyde_Pierce_0003_face_3.jpg
David_Nalbandian,/Users/taufiq/workspace/infran-spark/data_inference/David_Nalbandian/David_Nalbandian_0003_face_2.jpg
David_Nalbandian,/Users/taufiq/workspace/infran-spark/data_inference/David_Nalbandian/David_Nalbandian_0003_face_1.jpg
David_Oh,/Users/taufiq/workspace/infran-spark/data_inference/David_Oh/David_Oh_0001_face_1.jpg
David_Oh,/Users/taufiq/workspace/infran-spark/data_inference/David_Oh/David_Oh_0001_face_2.jpg
David_Stern,/Users/taufiq/workspace/infran-spark/data_inference/David_Stern/David_Stern_0003_face_1.jpg
David_Stern,/Users/taufiq/workspace/infran-spark/data_inference/David_Stern/David_Stern_0003_face_2.jpg
David_Suazo,/Users/taufiq/workspace/infran-spark/data_inference/David_Suazo/David_Suazo_0001_face_2.jpg
David_Suazo,/Users/taufiq/workspace/infran-spark/data_inference/David_Suazo/David_Suazo_0001_face_1.jpg
David_Trimble,/Users/taufiq/workspace/infran-spark/data_inference/David_Trimble/David_Trimble_0003_face_2.jpg
David_Trimble,/Users/taufiq/workspace/infran-spark/data_inference/David_Trimble/David_Trimble_0003_face_1.jpg
David_Trimble,/Users/taufiq/workspace/infran-spark/data_inference/David_Trimble/David_Trimble_0004_face_1.jpg
David_Trimble,/Users/taufiq/workspace/infran-spark/data_inference/David_Trimble/David_Trimble_0004_face_2.jpg
David_Wells,/Users/taufiq/workspace/infran-spark/data_inference/David_Wells/David_Wells_0006_face_1.jpg
David_Wells,/Users/taufiq/workspace/infran-spark/data_inference/David_Wells/David_Wells_0006_face_2.jpg
David_Westerfield,/Users/taufiq/workspace/infran-spark/data_inference/David_Westerfield/David_Westerfield_0001_face_2.jpg
David_Westerfield,/Users/taufiq/workspace/infran-spark/data_inference/David_Westerfield/David_Westerfield_0001_face_1.jpg
Debbie_Reynolds,/Users/taufiq/workspace/infran-spark/data_inference/Debbie_Reynolds/Debbie_Reynolds_0003_face_2.jpg
Debbie_Reynolds,/Users/taufiq/workspace/infran-spark/data_inference/Debbie_Reynolds/Debbie_Reynolds_0003_face_1.jpg
Debra_Messing,/Users/taufiq/workspace/infran-spark/data_inference/Debra_Messing/Debra_Messing_0002_face_2.jpg
Debra_Messing,/Users/taufiq/workspace/infran-spark/data_inference/Debra_Messing/Debra_Messing_0002_face_1.jpg
Deece_Eckstein,/Users/taufiq/workspace/infran-spark/data_inference/Deece_Eckstein/Deece_Eckstein_0001_face_2.jpg
Deece_Eckstein,/Users/taufiq/workspace/infran-spark/data_inference/Deece_Eckstein/Deece_Eckstein_0001_face_1.jpg
Delphine_Chuillot,/Users/taufiq/workspace/infran-spark/data_inference/Delphine_Chuillot/Delphine_Chuillot_0001_face_1.jpg
Delphine_Chuillot,/Users/taufiq/workspace/infran-spark/data_inference/Delphine_Chuillot/Delphine_Chuillot_0001_face_2.jpg
Demetrius_Ferraciu,/Users/taufiq/workspace/infran-spark/data_inference/Demetrius_Ferraciu/Demetrius_Ferraciu_0001_face_1.jpg
Demetrius_Ferraciu,/Users/taufiq/workspace/infran-spark/data_inference/Demetrius_Ferraciu/Demetrius_Ferraciu_0001_face_3.jpg
Demetrius_Ferraciu,/Users/taufiq/workspace/infran-spark/data_inference/Demetrius_Ferraciu/Demetrius_Ferraciu_0001_face_2.jpg
Demetrius_Ferraciu,/Users/taufiq/workspace/infran-spark/data_inference/Demetrius_Ferraciu/Demetrius_Ferraciu_0002_face_1.jpg
Demetrius_Ferraciu,/Users/taufiq/workspace/infran-spark/data_inference/Demetrius_Ferraciu/Demetrius_Ferraciu_0002_face_2.jpg
Demi_Moore,/Users/taufiq/workspace/infran-spark/data_inference/Demi_Moore/Demi_Moore_0002_face_2.jpg
Demi_Moore,/Users/taufiq/workspace/infran-spark/data_inference/Demi_Moore/Demi_Moore_0002_face_3.jpg
Demi_Moore,/Users/taufiq/workspace/infran-spark/data_inference/Demi_Moore/Demi_Moore_0002_face_1.jpg
Denis_Fassou-Nguesso,/Users/taufiq/workspace/infran-spark/data_inference/Denis_Fassou-Nguesso/Denis_Fassou-Nguesso_0001_face_1.jpg
Denis_Fassou-Nguesso,/Users/taufiq/workspace/infran-spark/data_inference/Denis_Fassou-Nguesso/Denis_Fassou-Nguesso_0001_face_2.jpg
Denis_Fassou-Nguesso,/Users/taufiq/workspace/infran-spark/data_inference/Denis_Fassou-Nguesso/Denis_Fassou-Nguesso_0001_face_3.jpg
Denise_Johnson,/Users/taufiq/workspace/infran-spark/data_inference/Denise_Johnson/Denise_Johnson_0002_face_1.jpg
Denise_Johnson,/Users/taufiq/workspace/infran-spark/data_inference/Denise_Johnson/Denise_Johnson_0002_face_2.jpg
Dennis_Franchione,/Users/taufiq/workspace/infran-spark/data_inference/Dennis_Franchione/Dennis_Franchione_0001_face_1.jpg
Dennis_Franchione,/Users/taufiq/workspace/infran-spark/data_inference/Dennis_Franchione/Dennis_Franchione_0001_face_2.jpg
Dennis_Franchione,/Users/taufiq/workspace/infran-spark/data_inference/Dennis_Franchione/Dennis_Franchione_0001_face_3.jpg
Denzel_Washington,/Users/taufiq/workspace/infran-spark/data_inference/Denzel_Washington/Denzel_Washington_0001_face_2.jpg
Denzel_Washington,/Users/taufiq/workspace/infran-spark/data_inference/Denzel_Washington/Denzel_Washington_0001_face_1.jpg
Derek_Jeter,/Users/taufiq/workspace/infran-spark/data_inference/Derek_Jeter/Derek_Jeter_0001_face_1.jpg
Derek_Jeter,/Users/taufiq/workspace/infran-spark/data_inference/Derek_Jeter/Derek_Jeter_0001_face_2.jpg
Derek_Jeter,/Users/taufiq/workspace/infran-spark/data_inference/Derek_Jeter/Derek_Jeter_0004_face_2.jpg
Derek_Jeter,/Users/taufiq/workspace/infran-spark/data_inference/Derek_Jeter/Derek_Jeter_0004_face_1.jpg
Des_Brown,/Users/taufiq/workspace/infran-spark/data_inference/Des_Brown/Des_Brown_0001_face_2.jpg
Des_Brown,/Users/taufiq/workspace/infran-spark/data_inference/Des_Brown/Des_Brown_0001_face_1.jpg
Diana_Krall,/Users/taufiq/workspace/infran-spark/data_inference/Diana_Krall/Diana_Krall_0006_face_1.jpg
Diana_Krall,/Users/taufiq/workspace/infran-spark/data_inference/Diana_Krall/Diana_Krall_0006_face_2.jpg
Diane_Green,/Users/taufiq/workspace/infran-spark/data_inference/Diane_Green/Diane_Green_0001_face_1.jpg
Diane_Green,/Users/taufiq/workspace/infran-spark/data_inference/Diane_Green/Diane_Green_0001_face_2.jpg
Diane_Green,/Users/taufiq/workspace/infran-spark/data_inference/Diane_Green/Diane_Green_0002_face_1.jpg
Diane_Green,/Users/taufiq/workspace/infran-spark/data_inference/Diane_Green/Diane_Green_0002_face_3.jpg
Diane_Green,/Users/taufiq/workspace/infran-spark/data_inference/Diane_Green/Diane_Green_0002_face_2.jpg
Diane_Ladd,/Users/taufiq/workspace/infran-spark/data_inference/Diane_Ladd/Diane_Ladd_0001_face_1.jpg
Diane_Ladd,/Users/taufiq/workspace/infran-spark/data_inference/Diane_Ladd/Diane_Ladd_0001_face_2.jpg
Diane_Lane,/Users/taufiq/workspace/infran-spark/data_inference/Diane_Lane/Diane_Lane_0001_face_2.jpg
Diane_Lane,/Users/taufiq/workspace/infran-spark/data_inference/Diane_Lane/Diane_Lane_0001_face_1.jpg
Dianne_Feinstein,/Users/taufiq/workspace/infran-spark/data_inference/Dianne_Feinstein/Dianne_Feinstein_0001_face_1.jpg
Dianne_Feinstein,/Users/taufiq/workspace/infran-spark/data_inference/Dianne_Feinstein/Dianne_Feinstein_0001_face_2.jpg
Dick_Devine,/Users/taufiq/workspace/infran-spark/data_inference/Dick_Devine/Dick_Devine_0001_face_2.jpg
Dick_Devine,/Users/taufiq/workspace/infran-spark/data_inference/Dick_Devine/Dick_Devine_0001_face_1.jpg
Diego_Armando_Maradona,/Users/taufiq/workspace/infran-spark/data_inference/Diego_Armando_Maradona/Diego_Armando_Maradona_0001_face_2.jpg
Diego_Armando_Maradona,/Users/taufiq/workspace/infran-spark/data_inference/Diego_Armando_Maradona/Diego_Armando_Maradona_0001_face_3.jpg
Diego_Armando_Maradona,/Users/taufiq/workspace/infran-spark/data_inference/Diego_Armando_Maradona/Diego_Armando_Maradona_0001_face_1.jpg
Din_Samsudin,/Users/taufiq/workspace/infran-spark/data_inference/Din_Samsudin/Din_Samsudin_0001_face_2.jpg
Din_Samsudin,/Users/taufiq/workspace/infran-spark/data_inference/Din_Samsudin/Din_Samsudin_0001_face_1.jpg
Dinah_Turner,/Users/taufiq/workspace/infran-spark/data_inference/Dinah_Turner/Dinah_Turner_0001_face_2.jpg
Dinah_Turner,/Users/taufiq/workspace/infran-spark/data_inference/Dinah_Turner/Dinah_Turner_0001_face_1.jpg
Dino_de_Laurentis,/Users/taufiq/workspace/infran-spark/data_inference/Dino_de_Laurentis/Dino_de_Laurentis_0001_face_2.jpg
Dino_de_Laurentis,/Users/taufiq/workspace/infran-spark/data_inference/Dino_de_Laurentis/Dino_de_Laurentis_0001_face_1.jpg
Dolly_Parton,/Users/taufiq/workspace/infran-spark/data_inference/Dolly_Parton/Dolly_Parton_0002_face_2.jpg
Dolly_Parton,/Users/taufiq/workspace/infran-spark/data_inference/Dolly_Parton/Dolly_Parton_0002_face_1.jpg
Dolma_Tsering,/Users/taufiq/workspace/infran-spark/data_inference/Dolma_Tsering/Dolma_Tsering_0002_face_1.jpg
Dolma_Tsering,/Users/taufiq/workspace/infran-spark/data_inference/Dolma_Tsering/Dolma_Tsering_0002_face_2.jpg
Dominique_de_Villepin,/Users/taufiq/workspace/infran-spark/data_inference/Dominique_de_Villepin/Dominique_de_Villepin_0007_face_2.jpg
Dominique_de_Villepin,/Users/taufiq/workspace/infran-spark/data_inference/Dominique_de_Villepin/Dominique_de_Villepin_0007_face_3.jpg
Dominique_de_Villepin,/Users/taufiq/workspace/infran-spark/data_inference/Dominique_de_Villepin/Dominique_de_Villepin_0007_face_1.jpg
Don_Boudria,/Users/taufiq/workspace/infran-spark/data_inference/Don_Boudria/Don_Boudria_0001_face_2.jpg
Don_Boudria,/Users/taufiq/workspace/infran-spark/data_inference/Don_Boudria/Don_Boudria_0001_face_1.jpg
Don_Flanagan,/Users/taufiq/workspace/infran-spark/data_inference/Don_Flanagan/Don_Flanagan_0001_face_1.jpg
Don_Flanagan,/Users/taufiq/workspace/infran-spark/data_inference/Don_Flanagan/Don_Flanagan_0001_face_2.jpg
Donald_Keyser,/Users/taufiq/workspace/infran-spark/data_inference/Donald_Keyser/Donald_Keyser_0001_face_1.jpg
Donald_Keyser,/Users/taufiq/workspace/infran-spark/data_inference/Donald_Keyser/Donald_Keyser_0001_face_2.jpg
Donald_Rumsfeld,/Users/taufiq/workspace/infran-spark/data_inference/Donald_Rumsfeld/Donald_Rumsfeld_0053_face_2.jpg
Donald_Rumsfeld,/Users/taufiq/workspace/infran-spark/data_inference/Donald_Rumsfeld/Donald_Rumsfeld_0053_face_1.jpg
Donald_Rumsfeld,/Users/taufiq/workspace/infran-spark/data_inference/Donald_Rumsfeld/Donald_Rumsfeld_0082_face_1.jpg
Donald_Rumsfeld,/Users/taufiq/workspace/infran-spark/data_inference/Donald_Rumsfeld/Donald_Rumsfeld_0082_face_2.jpg
Donald_Rumsfeld,/Users/taufiq/workspace/infran-spark/data_inference/Donald_Rumsfeld/Donald_Rumsfeld_0015_face_1.jpg
Donald_Rumsfeld,/Users/taufiq/workspace/infran-spark/data_inference/Donald_Rumsfeld/Donald_Rumsfeld_0015_face_2.jpg
Donald_Rumsfeld,/Users/taufiq/workspace/infran-spark/data_inference/Donald_Rumsfeld/Donald_Rumsfeld_0015_face_3.jpg
Donald_Rumsfeld,/Users/taufiq/workspace/infran-spark/data_inference/Donald_Rumsfeld/Donald_Rumsfeld_0018_face_2.jpg
Donald_Rumsfeld,/Users/taufiq/workspace/infran-spark/data_inference/Donald_Rumsfeld/Donald_Rumsfeld_0018_face_1.jpg
Donald_Rumsfeld,/Users/taufiq/workspace/infran-spark/data_inference/Donald_Rumsfeld/Donald_Rumsfeld_0080_face_1.jpg
Donald_Rumsfeld,/Users/taufiq/workspace/infran-spark/data_inference/Donald_Rumsfeld/Donald_Rumsfeld_0080_face_2.jpg
Donald_Rumsfeld,/Users/taufiq/workspace/infran-spark/data_inference/Donald_Rumsfeld/Donald_Rumsfeld_0080_face_3.jpg
Donald_Rumsfeld,/Users/taufiq/workspace/infran-spark/data_inference/Donald_Rumsfeld/Donald_Rumsfeld_0045_face_2.jpg
Donald_Rumsfeld,/Users/taufiq/workspace/infran-spark/data_inference/Donald_Rumsfeld/Donald_Rumsfeld_0045_face_1.jpg
Donald_Rumsfeld,/Users/taufiq/workspace/infran-spark/data_inference/Donald_Rumsfeld/Donald_Rumsfeld_0036_face_1.jpg
Donald_Rumsfeld,/Users/taufiq/workspace/infran-spark/data_inference/Donald_Rumsfeld/Donald_Rumsfeld_0036_face_2.jpg
Donald_Rumsfeld,/Users/taufiq/workspace/infran-spark/data_inference/Donald_Rumsfeld/Donald_Rumsfeld_0013_face_2.jpg
Donald_Rumsfeld,/Users/taufiq/workspace/infran-spark/data_inference/Donald_Rumsfeld/Donald_Rumsfeld_0013_face_1.jpg
Donald_Rumsfeld,/Users/taufiq/workspace/infran-spark/data_inference/Donald_Rumsfeld/Donald_Rumsfeld_0083_face_1.jpg
Donald_Rumsfeld,/Users/taufiq/workspace/infran-spark/data_inference/Donald_Rumsfeld/Donald_Rumsfeld_0083_face_2.jpg
Donald_Rumsfeld,/Users/taufiq/workspace/infran-spark/data_inference/Donald_Rumsfeld/Donald_Rumsfeld_0074_face_1.jpg
Donald_Rumsfeld,/Users/taufiq/workspace/infran-spark/data_inference/Donald_Rumsfeld/Donald_Rumsfeld_0074_face_2.jpg
Donald_Rumsfeld,/Users/taufiq/workspace/infran-spark/data_inference/Donald_Rumsfeld/Donald_Rumsfeld_0086_face_2.jpg
Donald_Rumsfeld,/Users/taufiq/workspace/infran-spark/data_inference/Donald_Rumsfeld/Donald_Rumsfeld_0086_face_1.jpg
Donald_Rumsfeld,/Users/taufiq/workspace/infran-spark/data_inference/Donald_Rumsfeld/Donald_Rumsfeld_0044_face_2.jpg
Donald_Rumsfeld,/Users/taufiq/workspace/infran-spark/data_inference/Donald_Rumsfeld/Donald_Rumsfeld_0044_face_3.jpg
Donald_Rumsfeld,/Users/taufiq/workspace/infran-spark/data_inference/Donald_Rumsfeld/Donald_Rumsfeld_0044_face_1.jpg
Donald_Rumsfeld,/Users/taufiq/workspace/infran-spark/data_inference/Donald_Rumsfeld/Donald_Rumsfeld_0019_face_2.jpg
Donald_Rumsfeld,/Users/taufiq/workspace/infran-spark/data_inference/Donald_Rumsfeld/Donald_Rumsfeld_0019_face_1.jpg
Donald_Rumsfeld,/Users/taufiq/workspace/infran-spark/data_inference/Donald_Rumsfeld/Donald_Rumsfeld_0041_face_1.jpg
Donald_Rumsfeld,/Users/taufiq/workspace/infran-spark/data_inference/Donald_Rumsfeld/Donald_Rumsfeld_0041_face_2.jpg
Donatella_Versace,/Users/taufiq/workspace/infran-spark/data_inference/Donatella_Versace/Donatella_Versace_0003_face_2.jpg
Donatella_Versace,/Users/taufiq/workspace/infran-spark/data_inference/Donatella_Versace/Donatella_Versace_0003_face_1.jpg
Doris_Roberts,/Users/taufiq/workspace/infran-spark/data_inference/Doris_Roberts/Doris_Roberts_0003_face_1.jpg
Doris_Roberts,/Users/taufiq/workspace/infran-spark/data_inference/Doris_Roberts/Doris_Roberts_0003_face_2.jpg
Doris_Schroeder,/Users/taufiq/workspace/infran-spark/data_inference/Doris_Schroeder/Doris_Schroeder_0004_face_1.jpg
Doris_Schroeder,/Users/taufiq/workspace/infran-spark/data_inference/Doris_Schroeder/Doris_Schroeder_0004_face_2.jpg
Doug_Duncan,/Users/taufiq/workspace/infran-spark/data_inference/Doug_Duncan/Doug_Duncan_0001_face_1.jpg
Doug_Duncan,/Users/taufiq/workspace/infran-spark/data_inference/Doug_Duncan/Doug_Duncan_0001_face_2.jpg
Douglas_Faneuil,/Users/taufiq/workspace/infran-spark/data_inference/Douglas_Faneuil/Douglas_Faneuil_0001_face_1.jpg
Douglas_Faneuil,/Users/taufiq/workspace/infran-spark/data_inference/Douglas_Faneuil/Douglas_Faneuil_0001_face_2.jpg
Dunn_Lampton,/Users/taufiq/workspace/infran-spark/data_inference/Dunn_Lampton/Dunn_Lampton_0001_face_1.jpg
Dunn_Lampton,/Users/taufiq/workspace/infran-spark/data_inference/Dunn_Lampton/Dunn_Lampton_0001_face_2.jpg
Dyab_Abou_Jahjah,/Users/taufiq/workspace/infran-spark/data_inference/Dyab_Abou_Jahjah/Dyab_Abou_Jahjah_0001_face_2.jpg
Dyab_Abou_Jahjah,/Users/taufiq/workspace/infran-spark/data_inference/Dyab_Abou_Jahjah/Dyab_Abou_Jahjah_0001_face_1.jpg
Earl_Counter,/Users/taufiq/workspace/infran-spark/data_inference/Earl_Counter/Earl_Counter_0001_face_1.jpg
Earl_Counter,/Users/taufiq/workspace/infran-spark/data_inference/Earl_Counter/Earl_Counter_0001_face_2.jpg
Ed_Rendell,/Users/taufiq/workspace/infran-spark/data_inference/Ed_Rendell/Ed_Rendell_0001_face_2.jpg
Ed_Rendell,/Users/taufiq/workspace/infran-spark/data_inference/Ed_Rendell/Ed_Rendell_0001_face_1.jpg
Ed_Rosenthal,/Users/taufiq/workspace/infran-spark/data_inference/Ed_Rosenthal/Ed_Rosenthal_0003_face_1.jpg
Ed_Rosenthal,/Users/taufiq/workspace/infran-spark/data_inference/Ed_Rosenthal/Ed_Rosenthal_0003_face_2.jpg
Ed_Rosenthal,/Users/taufiq/workspace/infran-spark/data_inference/Ed_Rosenthal/Ed_Rosenthal_0001_face_1.jpg
Ed_Rosenthal,/Users/taufiq/workspace/infran-spark/data_inference/Ed_Rosenthal/Ed_Rosenthal_0001_face_3.jpg
Ed_Rosenthal,/Users/taufiq/workspace/infran-spark/data_inference/Ed_Rosenthal/Ed_Rosenthal_0001_face_2.jpg
Ed_Smart,/Users/taufiq/workspace/infran-spark/data_inference/Ed_Smart/Ed_Smart_0001_face_2.jpg
Ed_Smart,/Users/taufiq/workspace/infran-spark/data_inference/Ed_Smart/Ed_Smart_0001_face_1.jpg
Edie_Falco,/Users/taufiq/workspace/infran-spark/data_inference/Edie_Falco/Edie_Falco_0001_face_1.jpg
Edie_Falco,/Users/taufiq/workspace/infran-spark/data_inference/Edie_Falco/Edie_Falco_0001_face_2.jpg
Edmund_Stoiber,/Users/taufiq/workspace/infran-spark/data_inference/Edmund_Stoiber/Edmund_Stoiber_0013_face_2.jpg
Edmund_Stoiber,/Users/taufiq/workspace/infran-spark/data_inference/Edmund_Stoiber/Edmund_Stoiber_0013_face_3.jpg
Edmund_Stoiber,/Users/taufiq/workspace/infran-spark/data_inference/Edmund_Stoiber/Edmund_Stoiber_0013_face_1.jpg
Eduard_Shevardnadze,/Users/taufiq/workspace/infran-spark/data_inference/Eduard_Shevardnadze/Eduard_Shevardnadze_0002_face_3.jpg
Eduard_Shevardnadze,/Users/taufiq/workspace/infran-spark/data_inference/Eduard_Shevardnadze/Eduard_Shevardnadze_0002_face_2.jpg
Eduard_Shevardnadze,/Users/taufiq/workspace/infran-spark/data_inference/Eduard_Shevardnadze/Eduard_Shevardnadze_0002_face_1.jpg
Eduard_Shevardnadze,/Users/taufiq/workspace/infran-spark/data_inference/Eduard_Shevardnadze/Eduard_Shevardnadze_0002_face_4.jpg
Eduardo_Duhalde,/Users/taufiq/workspace/infran-spark/data_inference/Eduardo_Duhalde/Eduardo_Duhalde_0002_face_2.jpg
Eduardo_Duhalde,/Users/taufiq/workspace/infran-spark/data_inference/Eduardo_Duhalde/Eduardo_Duhalde_0002_face_3.jpg
Eduardo_Duhalde,/Users/taufiq/workspace/infran-spark/data_inference/Eduardo_Duhalde/Eduardo_Duhalde_0002_face_1.jpg
Eduardo_Duhalde,/Users/taufiq/workspace/infran-spark/data_inference/Eduardo_Duhalde/Eduardo_Duhalde_0008_face_2.jpg
Eduardo_Duhalde,/Users/taufiq/workspace/infran-spark/data_inference/Eduardo_Duhalde/Eduardo_Duhalde_0008_face_1.jpg
Edward_Arsenault,/Users/taufiq/workspace/infran-spark/data_inference/Edward_Arsenault/Edward_Arsenault_0001_face_1.jpg
Edward_Arsenault,/Users/taufiq/workspace/infran-spark/data_inference/Edward_Arsenault/Edward_Arsenault_0001_face_2.jpg
Edward_Egan,/Users/taufiq/workspace/infran-spark/data_inference/Edward_Egan/Edward_Egan_0001_face_1.jpg
Edward_Egan,/Users/taufiq/workspace/infran-spark/data_inference/Edward_Egan/Edward_Egan_0001_face_2.jpg
Edward_Greenspan,/Users/taufiq/workspace/infran-spark/data_inference/Edward_Greenspan/Edward_Greenspan_0001_face_2.jpg
Edward_Greenspan,/Users/taufiq/workspace/infran-spark/data_inference/Edward_Greenspan/Edward_Greenspan_0001_face_1.jpg
Edward_James_Olmos,/Users/taufiq/workspace/infran-spark/data_inference/Edward_James_Olmos/Edward_James_Olmos_0002_face_1.jpg
Edward_James_Olmos,/Users/taufiq/workspace/infran-spark/data_inference/Edward_James_Olmos/Edward_James_Olmos_0002_face_2.jpg
Edward_Lu,/Users/taufiq/workspace/infran-spark/data_inference/Edward_Lu/Edward_Lu_0001_face_1.jpg
Edward_Lu,/Users/taufiq/workspace/infran-spark/data_inference/Edward_Lu/Edward_Lu_0001_face_2.jpg
Edward_Norton,/Users/taufiq/workspace/infran-spark/data_inference/Edward_Norton/Edward_Norton_0001_face_3.jpg
Edward_Norton,/Users/taufiq/workspace/infran-spark/data_inference/Edward_Norton/Edward_Norton_0001_face_2.jpg
Edward_Norton,/Users/taufiq/workspace/infran-spark/data_inference/Edward_Norton/Edward_Norton_0001_face_1.jpg
Edwin_Edwards,/Users/taufiq/workspace/infran-spark/data_inference/Edwin_Edwards/Edwin_Edwards_0003_face_3.jpg
Edwin_Edwards,/Users/taufiq/workspace/infran-spark/data_inference/Edwin_Edwards/Edwin_Edwards_0003_face_2.jpg
Edwin_Edwards,/Users/taufiq/workspace/infran-spark/data_inference/Edwin_Edwards/Edwin_Edwards_0003_face_1.jpg
Einars_Repse,/Users/taufiq/workspace/infran-spark/data_inference/Einars_Repse/Einars_Repse_0001_face_2.jpg
Einars_Repse,/Users/taufiq/workspace/infran-spark/data_inference/Einars_Repse/Einars_Repse_0001_face_1.jpg
Ekaterina_Dmitriev,/Users/taufiq/workspace/infran-spark/data_inference/Ekaterina_Dmitriev/Ekaterina_Dmitriev_0001_face_2.jpg
Ekaterina_Dmitriev,/Users/taufiq/workspace/infran-spark/data_inference/Ekaterina_Dmitriev/Ekaterina_Dmitriev_0001_face_1.jpg
Ekke_Hard_Forberg,/Users/taufiq/workspace/infran-spark/data_inference/Ekke_Hard_Forberg/Ekke_Hard_Forberg_0001_face_1.jpg
Ekke_Hard_Forberg,/Users/taufiq/workspace/infran-spark/data_inference/Ekke_Hard_Forberg/Ekke_Hard_Forberg_0001_face_2.jpg
Elaine_Stritch,/Users/taufiq/workspace/infran-spark/data_inference/Elaine_Stritch/Elaine_Stritch_0001_face_1.jpg
Elaine_Stritch,/Users/taufiq/workspace/infran-spark/data_inference/Elaine_Stritch/Elaine_Stritch_0001_face_2.jpg
Elena_de_Chavez,/Users/taufiq/workspace/infran-spark/data_inference/Elena_de_Chavez/Elena_de_Chavez_0001_face_2.jpg
Elena_de_Chavez,/Users/taufiq/workspace/infran-spark/data_inference/Elena_de_Chavez/Elena_de_Chavez_0001_face_1.jpg
Eli_Stutsman,/Users/taufiq/workspace/infran-spark/data_inference/Eli_Stutsman/Eli_Stutsman_0001_face_2.jpg
Eli_Stutsman,/Users/taufiq/workspace/infran-spark/data_inference/Eli_Stutsman/Eli_Stutsman_0001_face_1.jpg
Elisha_Cuthbert,/Users/taufiq/workspace/infran-spark/data_inference/Elisha_Cuthbert/Elisha_Cuthbert_0001_face_1.jpg
Elisha_Cuthbert,/Users/taufiq/workspace/infran-spark/data_inference/Elisha_Cuthbert/Elisha_Cuthbert_0001_face_2.jpg
Elizabeth_Shue,/Users/taufiq/workspace/infran-spark/data_inference/Elizabeth_Shue/Elizabeth_Shue_0002_face_1.jpg
Elizabeth_Shue,/Users/taufiq/workspace/infran-spark/data_inference/Elizabeth_Shue/Elizabeth_Shue_0002_face_2.jpg
Elizabeth_Smart,/Users/taufiq/workspace/infran-spark/data_inference/Elizabeth_Smart/Elizabeth_Smart_0001_face_1.jpg
Elizabeth_Smart,/Users/taufiq/workspace/infran-spark/data_inference/Elizabeth_Smart/Elizabeth_Smart_0001_face_2.jpg
Elizabeth_Smart,/Users/taufiq/workspace/infran-spark/data_inference/Elizabeth_Smart/Elizabeth_Smart_0002_face_1.jpg
Elizabeth_Smart,/Users/taufiq/workspace/infran-spark/data_inference/Elizabeth_Smart/Elizabeth_Smart_0002_face_2.jpg
Ellen_DeGeneres,/Users/taufiq/workspace/infran-spark/data_inference/Ellen_DeGeneres/Ellen_DeGeneres_0001_face_1.jpg
Ellen_DeGeneres,/Users/taufiq/workspace/infran-spark/data_inference/Ellen_DeGeneres/Ellen_DeGeneres_0001_face_2.jpg
Elsa_Zylberstein,/Users/taufiq/workspace/infran-spark/data_inference/Elsa_Zylberstein/Elsa_Zylberstein_0006_face_2.jpg
Elsa_Zylberstein,/Users/taufiq/workspace/infran-spark/data_inference/Elsa_Zylberstein/Elsa_Zylberstein_0006_face_3.jpg
Elsa_Zylberstein,/Users/taufiq/workspace/infran-spark/data_inference/Elsa_Zylberstein/Elsa_Zylberstein_0006_face_1.jpg
Elsa_Zylberstein,/Users/taufiq/workspace/infran-spark/data_inference/Elsa_Zylberstein/Elsa_Zylberstein_0004_face_2.jpg
Elsa_Zylberstein,/Users/taufiq/workspace/infran-spark/data_inference/Elsa_Zylberstein/Elsa_Zylberstein_0004_face_1.jpg
Elsa_Zylberstein,/Users/taufiq/workspace/infran-spark/data_inference/Elsa_Zylberstein/Elsa_Zylberstein_0005_face_2.jpg
Elsa_Zylberstein,/Users/taufiq/workspace/infran-spark/data_inference/Elsa_Zylberstein/Elsa_Zylberstein_0005_face_1.jpg
Elvis_Costello,/Users/taufiq/workspace/infran-spark/data_inference/Elvis_Costello/Elvis_Costello_0001_face_2.jpg
Elvis_Costello,/Users/taufiq/workspace/infran-spark/data_inference/Elvis_Costello/Elvis_Costello_0001_face_1.jpg
Emily_Robison,/Users/taufiq/workspace/infran-spark/data_inference/Emily_Robison/Emily_Robison_0002_face_2.jpg
Emily_Robison,/Users/taufiq/workspace/infran-spark/data_inference/Emily_Robison/Emily_Robison_0002_face_1.jpg
Emmanuelle_Beart,/Users/taufiq/workspace/infran-spark/data_inference/Emmanuelle_Beart/Emmanuelle_Beart_0001_face_2.jpg
Emmanuelle_Beart,/Users/taufiq/workspace/infran-spark/data_inference/Emmanuelle_Beart/Emmanuelle_Beart_0001_face_1.jpg
Eric_Hinske,/Users/taufiq/workspace/infran-spark/data_inference/Eric_Hinske/Eric_Hinske_0002_face_2.jpg
Eric_Hinske,/Users/taufiq/workspace/infran-spark/data_inference/Eric_Hinske/Eric_Hinske_0002_face_1.jpg
Eric_Hinske,/Users/taufiq/workspace/infran-spark/data_inference/Eric_Hinske/Eric_Hinske_0001_face_2.jpg
Eric_Hinske,/Users/taufiq/workspace/infran-spark/data_inference/Eric_Hinske/Eric_Hinske_0001_face_1.jpg
Erika_Harold,/Users/taufiq/workspace/infran-spark/data_inference/Erika_Harold/Erika_Harold_0003_face_1.jpg
Erika_Harold,/Users/taufiq/workspace/infran-spark/data_inference/Erika_Harold/Erika_Harold_0003_face_2.jpg
Erin_Hershey_Presley,/Users/taufiq/workspace/infran-spark/data_inference/Erin_Hershey_Presley/Erin_Hershey_Presley_0001_face_2.jpg
Erin_Hershey_Presley,/Users/taufiq/workspace/infran-spark/data_inference/Erin_Hershey_Presley/Erin_Hershey_Presley_0001_face_1.jpg
Erin_Runnion,/Users/taufiq/workspace/infran-spark/data_inference/Erin_Runnion/Erin_Runnion_0004_face_2.jpg
Erin_Runnion,/Users/taufiq/workspace/infran-spark/data_inference/Erin_Runnion/Erin_Runnion_0004_face_1.jpg
Ernesto_Zedillo,/Users/taufiq/workspace/infran-spark/data_inference/Ernesto_Zedillo/Ernesto_Zedillo_0002_face_1.jpg
Ernesto_Zedillo,/Users/taufiq/workspace/infran-spark/data_inference/Ernesto_Zedillo/Ernesto_Zedillo_0002_face_3.jpg
Ernesto_Zedillo,/Users/taufiq/workspace/infran-spark/data_inference/Ernesto_Zedillo/Ernesto_Zedillo_0002_face_2.jpg
Ernie_Fletcher,/Users/taufiq/workspace/infran-spark/data_inference/Ernie_Fletcher/Ernie_Fletcher_0001_face_2.jpg
Ernie_Fletcher,/Users/taufiq/workspace/infran-spark/data_inference/Ernie_Fletcher/Ernie_Fletcher_0001_face_1.jpg
Ernie_Fletcher,/Users/taufiq/workspace/infran-spark/data_inference/Ernie_Fletcher/Ernie_Fletcher_0002_face_2.jpg
Ernie_Fletcher,/Users/taufiq/workspace/infran-spark/data_inference/Ernie_Fletcher/Ernie_Fletcher_0002_face_1.jpg
Erwin_Mapasseng,/Users/taufiq/workspace/infran-spark/data_inference/Erwin_Mapasseng/Erwin_Mapasseng_0001_face_2.jpg
Erwin_Mapasseng,/Users/taufiq/workspace/infran-spark/data_inference/Erwin_Mapasseng/Erwin_Mapasseng_0001_face_1.jpg
Ethan_Hawke,/Users/taufiq/workspace/infran-spark/data_inference/Ethan_Hawke/Ethan_Hawke_0003_face_2.jpg
Ethan_Hawke,/Users/taufiq/workspace/infran-spark/data_inference/Ethan_Hawke/Ethan_Hawke_0003_face_1.jpg
Ethan_Hawke,/Users/taufiq/workspace/infran-spark/data_inference/Ethan_Hawke/Ethan_Hawke_0004_face_1.jpg
Ethan_Hawke,/Users/taufiq/workspace/infran-spark/data_inference/Ethan_Hawke/Ethan_Hawke_0004_face_2.jpg
Eurico_Guterres,/Users/taufiq/workspace/infran-spark/data_inference/Eurico_Guterres/Eurico_Guterres_0001_face_2.jpg
Eurico_Guterres,/Users/taufiq/workspace/infran-spark/data_inference/Eurico_Guterres/Eurico_Guterres_0001_face_3.jpg
Eurico_Guterres,/Users/taufiq/workspace/infran-spark/data_inference/Eurico_Guterres/Eurico_Guterres_0001_face_1.jpg
Evan_Rachel_Wood,/Users/taufiq/workspace/infran-spark/data_inference/Evan_Rachel_Wood/Evan_Rachel_Wood_0002_face_1.jpg
Evan_Rachel_Wood,/Users/taufiq/workspace/infran-spark/data_inference/Evan_Rachel_Wood/Evan_Rachel_Wood_0002_face_2.jpg
Evander_Holyfield,/Users/taufiq/workspace/infran-spark/data_inference/Evander_Holyfield/Evander_Holyfield_0002_face_2.jpg
Evander_Holyfield,/Users/taufiq/workspace/infran-spark/data_inference/Evander_Holyfield/Evander_Holyfield_0002_face_1.jpg
Evo_Morales,/Users/taufiq/workspace/infran-spark/data_inference/Evo_Morales/Evo_Morales_0001_face_1.jpg
Evo_Morales,/Users/taufiq/workspace/infran-spark/data_inference/Evo_Morales/Evo_Morales_0001_face_2.jpg
Farida_Ragoonanan,/Users/taufiq/workspace/infran-spark/data_inference/Farida_Ragoonanan/Farida_Ragoonanan_0001_face_1.jpg
Farida_Ragoonanan,/Users/taufiq/workspace/infran-spark/data_inference/Farida_Ragoonanan/Farida_Ragoonanan_0001_face_2.jpg
Faye_Dunaway,/Users/taufiq/workspace/infran-spark/data_inference/Faye_Dunaway/Faye_Dunaway_0001_face_1.jpg
Faye_Dunaway,/Users/taufiq/workspace/infran-spark/data_inference/Faye_Dunaway/Faye_Dunaway_0001_face_2.jpg
Fayssal_Mekdad,/Users/taufiq/workspace/infran-spark/data_inference/Fayssal_Mekdad/Fayssal_Mekdad_0003_face_2.jpg
Fayssal_Mekdad,/Users/taufiq/workspace/infran-spark/data_inference/Fayssal_Mekdad/Fayssal_Mekdad_0003_face_1.jpg
Felipe_Perez_Roque,/Users/taufiq/workspace/infran-spark/data_inference/Felipe_Perez_Roque/Felipe_Perez_Roque_0003_face_1.jpg
Felipe_Perez_Roque,/Users/taufiq/workspace/infran-spark/data_inference/Felipe_Perez_Roque/Felipe_Perez_Roque_0003_face_3.jpg
Felipe_Perez_Roque,/Users/taufiq/workspace/infran-spark/data_inference/Felipe_Perez_Roque/Felipe_Perez_Roque_0003_face_2.jpg
Fernando_Henrique_Cardoso,/Users/taufiq/workspace/infran-spark/data_inference/Fernando_Henrique_Cardoso/Fernando_Henrique_Cardoso_0002_face_1.jpg
Fernando_Henrique_Cardoso,/Users/taufiq/workspace/infran-spark/data_inference/Fernando_Henrique_Cardoso/Fernando_Henrique_Cardoso_0002_face_3.jpg
Fernando_Henrique_Cardoso,/Users/taufiq/workspace/infran-spark/data_inference/Fernando_Henrique_Cardoso/Fernando_Henrique_Cardoso_0002_face_2.jpg
Fernando_Henrique_Cardoso,/Users/taufiq/workspace/infran-spark/data_inference/Fernando_Henrique_Cardoso/Fernando_Henrique_Cardoso_0006_face_2.jpg
Fernando_Henrique_Cardoso,/Users/taufiq/workspace/infran-spark/data_inference/Fernando_Henrique_Cardoso/Fernando_Henrique_Cardoso_0006_face_1.jpg
Fernando_Sanz,/Users/taufiq/workspace/infran-spark/data_inference/Fernando_Sanz/Fernando_Sanz_0001_face_2.jpg
Fernando_Sanz,/Users/taufiq/workspace/infran-spark/data_inference/Fernando_Sanz/Fernando_Sanz_0001_face_1.jpg
Fernando_Vargas,/Users/taufiq/workspace/infran-spark/data_inference/Fernando_Vargas/Fernando_Vargas_0002_face_2.jpg
Fernando_Vargas,/Users/taufiq/workspace/infran-spark/data_inference/Fernando_Vargas/Fernando_Vargas_0002_face_1.jpg
Fidel_Castro,/Users/taufiq/workspace/infran-spark/data_inference/Fidel_Castro/Fidel_Castro_0013_face_2.jpg
Fidel_Castro,/Users/taufiq/workspace/infran-spark/data_inference/Fidel_Castro/Fidel_Castro_0013_face_1.jpg
Fidel_Castro,/Users/taufiq/workspace/infran-spark/data_inference/Fidel_Castro/Fidel_Castro_0005_face_2.jpg
Fidel_Castro,/Users/taufiq/workspace/infran-spark/data_inference/Fidel_Castro/Fidel_Castro_0005_face_1.jpg
Frances_Fisher,/Users/taufiq/workspace/infran-spark/data_inference/Frances_Fisher/Frances_Fisher_0001_face_2.jpg
Frances_Fisher,/Users/taufiq/workspace/infran-spark/data_inference/Frances_Fisher/Frances_Fisher_0001_face_1.jpg
Francisco_Flores,/Users/taufiq/workspace/infran-spark/data_inference/Francisco_Flores/Francisco_Flores_0004_face_1.jpg
Francisco_Flores,/Users/taufiq/workspace/infran-spark/data_inference/Francisco_Flores/Francisco_Flores_0004_face_2.jpg
Franco_Dragone,/Users/taufiq/workspace/infran-spark/data_inference/Franco_Dragone/Franco_Dragone_0002_face_2.jpg
Franco_Dragone,/Users/taufiq/workspace/infran-spark/data_inference/Franco_Dragone/Franco_Dragone_0002_face_1.jpg
Franco_Frattini,/Users/taufiq/workspace/infran-spark/data_inference/Franco_Frattini/Franco_Frattini_0001_face_2.jpg
Franco_Frattini,/Users/taufiq/workspace/infran-spark/data_inference/Franco_Frattini/Franco_Frattini_0001_face_1.jpg
Frank_Abagnale_Jr,/Users/taufiq/workspace/infran-spark/data_inference/Frank_Abagnale_Jr/Frank_Abagnale_Jr_0001_face_1.jpg
Frank_Abagnale_Jr,/Users/taufiq/workspace/infran-spark/data_inference/Frank_Abagnale_Jr/Frank_Abagnale_Jr_0001_face_2.jpg
Frank_Cassell,/Users/taufiq/workspace/infran-spark/data_inference/Frank_Cassell/Frank_Cassell_0003_face_2.jpg
Frank_Cassell,/Users/taufiq/workspace/infran-spark/data_inference/Frank_Cassell/Frank_Cassell_0003_face_1.jpg
Frank_Dunham_Jr,/Users/taufiq/workspace/infran-spark/data_inference/Frank_Dunham_Jr/Frank_Dunham_Jr_0001_face_1.jpg
Frank_Dunham_Jr,/Users/taufiq/workspace/infran-spark/data_inference/Frank_Dunham_Jr/Frank_Dunham_Jr_0001_face_3.jpg
Frank_Dunham_Jr,/Users/taufiq/workspace/infran-spark/data_inference/Frank_Dunham_Jr/Frank_Dunham_Jr_0001_face_2.jpg
Frank_Murkowski,/Users/taufiq/workspace/infran-spark/data_inference/Frank_Murkowski/Frank_Murkowski_0001_face_2.jpg
Frank_Murkowski,/Users/taufiq/workspace/infran-spark/data_inference/Frank_Murkowski/Frank_Murkowski_0001_face_1.jpg
Frank_Stallone,/Users/taufiq/workspace/infran-spark/data_inference/Frank_Stallone/Frank_Stallone_0002_face_1.jpg
Frank_Stallone,/Users/taufiq/workspace/infran-spark/data_inference/Frank_Stallone/Frank_Stallone_0002_face_2.jpg
Frank_Taylor,/Users/taufiq/workspace/infran-spark/data_inference/Frank_Taylor/Frank_Taylor_0001_face_2.jpg
Frank_Taylor,/Users/taufiq/workspace/infran-spark/data_inference/Frank_Taylor/Frank_Taylor_0001_face_1.jpg
Frank_Van_Ecke,/Users/taufiq/workspace/infran-spark/data_inference/Frank_Van_Ecke/Frank_Van_Ecke_0001_face_1.jpg
Frank_Van_Ecke,/Users/taufiq/workspace/infran-spark/data_inference/Frank_Van_Ecke/Frank_Van_Ecke_0001_face_3.jpg
Frank_Van_Ecke,/Users/taufiq/workspace/infran-spark/data_inference/Frank_Van_Ecke/Frank_Van_Ecke_0001_face_2.jpg
Franko_Simatovic,/Users/taufiq/workspace/infran-spark/data_inference/Franko_Simatovic/Franko_Simatovic_0001_face_2.jpg
Franko_Simatovic,/Users/taufiq/workspace/infran-spark/data_inference/Franko_Simatovic/Franko_Simatovic_0001_face_1.jpg
Franz_Fischler,/Users/taufiq/workspace/infran-spark/data_inference/Franz_Fischler/Franz_Fischler_0004_face_2.jpg
Franz_Fischler,/Users/taufiq/workspace/infran-spark/data_inference/Franz_Fischler/Franz_Fischler_0004_face_1.jpg
Fruit_Chan,/Users/taufiq/workspace/infran-spark/data_inference/Fruit_Chan/Fruit_Chan_0001_face_2.jpg
Fruit_Chan,/Users/taufiq/workspace/infran-spark/data_inference/Fruit_Chan/Fruit_Chan_0001_face_1.jpg
Gabriel_Jorge_Ferreia,/Users/taufiq/workspace/infran-spark/data_inference/Gabriel_Jorge_Ferreia/Gabriel_Jorge_Ferreia_0001_face_3.jpg
Gabriel_Jorge_Ferreia,/Users/taufiq/workspace/infran-spark/data_inference/Gabriel_Jorge_Ferreia/Gabriel_Jorge_Ferreia_0001_face_2.jpg
Gabriel_Jorge_Ferreia,/Users/taufiq/workspace/infran-spark/data_inference/Gabriel_Jorge_Ferreia/Gabriel_Jorge_Ferreia_0001_face_1.jpg
Gabriel_Valdes,/Users/taufiq/workspace/infran-spark/data_inference/Gabriel_Valdes/Gabriel_Valdes_0001_face_1.jpg
Gabriel_Valdes,/Users/taufiq/workspace/infran-spark/data_inference/Gabriel_Valdes/Gabriel_Valdes_0001_face_2.jpg
Gabrielle_Rose,/Users/taufiq/workspace/infran-spark/data_inference/Gabrielle_Rose/Gabrielle_Rose_0001_face_1.jpg
Gabrielle_Rose,/Users/taufiq/workspace/infran-spark/data_inference/Gabrielle_Rose/Gabrielle_Rose_0001_face_2.jpg
Gao_Qiang,/Users/taufiq/workspace/infran-spark/data_inference/Gao_Qiang/Gao_Qiang_0001_face_2.jpg
Gao_Qiang,/Users/taufiq/workspace/infran-spark/data_inference/Gao_Qiang/Gao_Qiang_0001_face_1.jpg
Garry_Kasparov,/Users/taufiq/workspace/infran-spark/data_inference/Garry_Kasparov/Garry_Kasparov_0001_face_2.jpg
Garry_Kasparov,/Users/taufiq/workspace/infran-spark/data_inference/Garry_Kasparov/Garry_Kasparov_0001_face_1.jpg
Garry_McCoy,/Users/taufiq/workspace/infran-spark/data_inference/Garry_McCoy/Garry_McCoy_0001_face_1.jpg
Garry_McCoy,/Users/taufiq/workspace/infran-spark/data_inference/Garry_McCoy/Garry_McCoy_0001_face_2.jpg
Gary_Bergeron,/Users/taufiq/workspace/infran-spark/data_inference/Gary_Bergeron/Gary_Bergeron_0001_face_1.jpg
Gary_Bergeron,/Users/taufiq/workspace/infran-spark/data_inference/Gary_Bergeron/Gary_Bergeron_0001_face_2.jpg
Gary_Doer,/Users/taufiq/workspace/infran-spark/data_inference/Gary_Doer/Gary_Doer_0002_face_1.jpg
Gary_Doer,/Users/taufiq/workspace/infran-spark/data_inference/Gary_Doer/Gary_Doer_0002_face_2.jpg
Gary_Doer,/Users/taufiq/workspace/infran-spark/data_inference/Gary_Doer/Gary_Doer_0001_face_1.jpg
Gary_Doer,/Users/taufiq/workspace/infran-spark/data_inference/Gary_Doer/Gary_Doer_0001_face_2.jpg
Gary_Doer,/Users/taufiq/workspace/infran-spark/data_inference/Gary_Doer/Gary_Doer_0001_face_3.jpg
Gary_Sinise,/Users/taufiq/workspace/infran-spark/data_inference/Gary_Sinise/Gary_Sinise_0001_face_1.jpg
Gary_Sinise,/Users/taufiq/workspace/infran-spark/data_inference/Gary_Sinise/Gary_Sinise_0001_face_2.jpg
Gary_Sinise,/Users/taufiq/workspace/infran-spark/data_inference/Gary_Sinise/Gary_Sinise_0001_face_3.jpg
Gavyn_Arthur,/Users/taufiq/workspace/infran-spark/data_inference/Gavyn_Arthur/Gavyn_Arthur_0001_face_1.jpg
Gavyn_Arthur,/Users/taufiq/workspace/infran-spark/data_inference/Gavyn_Arthur/Gavyn_Arthur_0001_face_2.jpg
Gavyn_Arthur,/Users/taufiq/workspace/infran-spark/data_inference/Gavyn_Arthur/Gavyn_Arthur_0001_face_3.jpg
Gene_Robinson,/Users/taufiq/workspace/infran-spark/data_inference/Gene_Robinson/Gene_Robinson_0003_face_1.jpg
Gene_Robinson,/Users/taufiq/workspace/infran-spark/data_inference/Gene_Robinson/Gene_Robinson_0003_face_2.jpg
George_Harrison,/Users/taufiq/workspace/infran-spark/data_inference/George_Harrison/George_Harrison_0001_face_2.jpg
George_Harrison,/Users/taufiq/workspace/infran-spark/data_inference/George_Harrison/George_Harrison_0001_face_1.jpg
George_Papandreou,/Users/taufiq/workspace/infran-spark/data_inference/George_Papandreou/George_Papandreou_0004_face_1.jpg
George_Papandreou,/Users/taufiq/workspace/infran-spark/data_inference/George_Papandreou/George_Papandreou_0004_face_2.jpg
George_Robertson,/Users/taufiq/workspace/infran-spark/data_inference/George_Robertson/George_Robertson_0003_face_1.jpg
George_Robertson,/Users/taufiq/workspace/infran-spark/data_inference/George_Robertson/George_Robertson_0003_face_2.jpg
George_Robertson,/Users/taufiq/workspace/infran-spark/data_inference/George_Robertson/George_Robertson_0003_face_3.jpg
George_Robertson,/Users/taufiq/workspace/infran-spark/data_inference/George_Robertson/George_Robertson_0018_face_2.jpg
George_Robertson,/Users/taufiq/workspace/infran-spark/data_inference/George_Robertson/George_Robertson_0018_face_3.jpg
George_Robertson,/Users/taufiq/workspace/infran-spark/data_inference/George_Robertson/George_Robertson_0018_face_1.jpg
George_Robertson,/Users/taufiq/workspace/infran-spark/data_inference/George_Robertson/George_Robertson_0018_face_4.jpg
George_Ryan,/Users/taufiq/workspace/infran-spark/data_inference/George_Ryan/George_Ryan_0001_face_3.jpg
George_Ryan,/Users/taufiq/workspace/infran-spark/data_inference/George_Ryan/George_Ryan_0001_face_2.jpg
George_Ryan,/Users/taufiq/workspace/infran-spark/data_inference/George_Ryan/George_Ryan_0001_face_1.jpg
George_Voinovich,/Users/taufiq/workspace/infran-spark/data_inference/George_Voinovich/George_Voinovich_0001_face_2.jpg
George_Voinovich,/Users/taufiq/workspace/infran-spark/data_inference/George_Voinovich/George_Voinovich_0001_face_1.jpg
George_Voinovich,/Users/taufiq/workspace/infran-spark/data_inference/George_Voinovich/George_Voinovich_0003_face_2.jpg
George_Voinovich,/Users/taufiq/workspace/infran-spark/data_inference/George_Voinovich/George_Voinovich_0003_face_1.jpg
George_W_Bush,/Users/taufiq/workspace/infran-spark/data_inference/George_W_Bush/George_W_Bush_0082_face_1.jpg
George_W_Bush,/Users/taufiq/workspace/infran-spark/data_inference/George_W_Bush/George_W_Bush_0082_face_2.jpg
George_W_Bush,/Users/taufiq/workspace/infran-spark/data_inference/George_W_Bush/George_W_Bush_0025_face_2.jpg
George_W_Bush,/Users/taufiq/workspace/infran-spark/data_inference/George_W_Bush/George_W_Bush_0025_face_1.jpg
George_W_Bush,/Users/taufiq/workspace/infran-spark/data_inference/George_W_Bush/George_W_Bush_0028_face_1.jpg
George_W_Bush,/Users/taufiq/workspace/infran-spark/data_inference/George_W_Bush/George_W_Bush_0028_face_2.jpg
George_W_Bush,/Users/taufiq/workspace/infran-spark/data_inference/George_W_Bush/George_W_Bush_0053_face_3.jpg
George_W_Bush,/Users/taufiq/workspace/infran-spark/data_inference/George_W_Bush/George_W_Bush_0053_face_2.jpg
George_W_Bush,/Users/taufiq/workspace/infran-spark/data_inference/George_W_Bush/George_W_Bush_0053_face_1.jpg
George_W_Bush,/Users/taufiq/workspace/infran-spark/data_inference/George_W_Bush/George_W_Bush_0075_face_1.jpg
George_W_Bush,/Users/taufiq/workspace/infran-spark/data_inference/George_W_Bush/George_W_Bush_0075_face_2.jpg
George_W_Bush,/Users/taufiq/workspace/infran-spark/data_inference/George_W_Bush/George_W_Bush_0020_face_1.jpg
George_W_Bush,/Users/taufiq/workspace/infran-spark/data_inference/George_W_Bush/George_W_Bush_0020_face_2.jpg
George_W_Bush,/Users/taufiq/workspace/infran-spark/data_inference/George_W_Bush/George_W_Bush_0069_face_1.jpg
George_W_Bush,/Users/taufiq/workspace/infran-spark/data_inference/George_W_Bush/George_W_Bush_0069_face_2.jpg
George_W_Bush,/Users/taufiq/workspace/infran-spark/data_inference/George_W_Bush/George_W_Bush_0059_face_2.jpg
George_W_Bush,/Users/taufiq/workspace/infran-spark/data_inference/George_W_Bush/George_W_Bush_0059_face_1.jpg
George_W_Bush,/Users/taufiq/workspace/infran-spark/data_inference/George_W_Bush/George_W_Bush_0091_face_2.jpg
George_W_Bush,/Users/taufiq/workspace/infran-spark/data_inference/George_W_Bush/George_W_Bush_0091_face_1.jpg
George_W_Bush,/Users/taufiq/workspace/infran-spark/data_inference/George_W_Bush/George_W_Bush_0085_face_3.jpg
George_W_Bush,/Users/taufiq/workspace/infran-spark/data_inference/George_W_Bush/George_W_Bush_0085_face_2.jpg
George_W_Bush,/Users/taufiq/workspace/infran-spark/data_inference/George_W_Bush/George_W_Bush_0085_face_1.jpg
George_W_Bush,/Users/taufiq/workspace/infran-spark/data_inference/George_W_Bush/George_W_Bush_0018_face_3.jpg
George_W_Bush,/Users/taufiq/workspace/infran-spark/data_inference/George_W_Bush/George_W_Bush_0018_face_2.jpg
George_W_Bush,/Users/taufiq/workspace/infran-spark/data_inference/George_W_Bush/George_W_Bush_0018_face_1.jpg
George_W_Bush,/Users/taufiq/workspace/infran-spark/data_inference/George_W_Bush/George_W_Bush_0022_face_1.jpg
George_W_Bush,/Users/taufiq/workspace/infran-spark/data_inference/George_W_Bush/George_W_Bush_0022_face_3.jpg
George_W_Bush,/Users/taufiq/workspace/infran-spark/data_inference/George_W_Bush/George_W_Bush_0022_face_2.jpg
George_W_Bush,/Users/taufiq/workspace/infran-spark/data_inference/George_W_Bush/George_W_Bush_0021_face_1.jpg
George_W_Bush,/Users/taufiq/workspace/infran-spark/data_inference/George_W_Bush/George_W_Bush_0021_face_2.jpg
George_W_Bush,/Users/taufiq/workspace/infran-spark/data_inference/George_W_Bush/George_W_Bush_0021_face_3.jpg
George_W_Bush,/Users/taufiq/workspace/infran-spark/data_inference/George_W_Bush/George_W_Bush_0068_face_1.jpg
George_W_Bush,/Users/taufiq/workspace/infran-spark/data_inference/George_W_Bush/George_W_Bush_0068_face_2.jpg
George_W_Bush,/Users/taufiq/workspace/infran-spark/data_inference/George_W_Bush/George_W_Bush_0024_face_2.jpg
George_W_Bush,/Users/taufiq/workspace/infran-spark/data_inference/George_W_Bush/George_W_Bush_0024_face_3.jpg
George_W_Bush,/Users/taufiq/workspace/infran-spark/data_inference/George_W_Bush/George_W_Bush_0024_face_1.jpg
George_W_Bush,/Users/taufiq/workspace/infran-spark/data_inference/George_W_Bush/George_W_Bush_0057_face_1.jpg
George_W_Bush,/Users/taufiq/workspace/infran-spark/data_inference/George_W_Bush/George_W_Bush_0057_face_3.jpg
George_W_Bush,/Users/taufiq/workspace/infran-spark/data_inference/George_W_Bush/George_W_Bush_0057_face_2.jpg
George_W_Bush,/Users/taufiq/workspace/infran-spark/data_inference/George_W_Bush/George_W_Bush_0060_face_1.jpg
George_W_Bush,/Users/taufiq/workspace/infran-spark/data_inference/George_W_Bush/George_W_Bush_0060_face_3.jpg
George_W_Bush,/Users/taufiq/workspace/infran-spark/data_inference/George_W_Bush/George_W_Bush_0060_face_2.jpg
George_W_Bush,/Users/taufiq/workspace/infran-spark/data_inference/George_W_Bush/George_W_Bush_0005_face_2.jpg
George_W_Bush,/Users/taufiq/workspace/infran-spark/data_inference/George_W_Bush/George_W_Bush_0005_face_1.jpg
George_W_Bush,/Users/taufiq/workspace/infran-spark/data_inference/George_W_Bush/George_W_Bush_0050_face_2.jpg
George_W_Bush,/Users/taufiq/workspace/infran-spark/data_inference/George_W_Bush/George_W_Bush_0050_face_1.jpg
George_W_Bush,/Users/taufiq/workspace/infran-spark/data_inference/George_W_Bush/George_W_Bush_0095_face_1.jpg
George_W_Bush,/Users/taufiq/workspace/infran-spark/data_inference/George_W_Bush/George_W_Bush_0095_face_2.jpg
George_W_Bush,/Users/taufiq/workspace/infran-spark/data_inference/George_W_Bush/George_W_Bush_0076_face_1.jpg
George_W_Bush,/Users/taufiq/workspace/infran-spark/data_inference/George_W_Bush/George_W_Bush_0076_face_2.jpg
George_W_Bush,/Users/taufiq/workspace/infran-spark/data_inference/George_W_Bush/George_W_Bush_0055_face_1.jpg
George_W_Bush,/Users/taufiq/workspace/infran-spark/data_inference/George_W_Bush/George_W_Bush_0055_face_2.jpg
George_W_Bush,/Users/taufiq/workspace/infran-spark/data_inference/George_W_Bush/George_W_Bush_0055_face_3.jpg
George_W_Bush,/Users/taufiq/workspace/infran-spark/data_inference/George_W_Bush/George_W_Bush_0058_face_2.jpg
George_W_Bush,/Users/taufiq/workspace/infran-spark/data_inference/George_W_Bush/George_W_Bush_0058_face_1.jpg
George_W_Bush,/Users/taufiq/workspace/infran-spark/data_inference/George_W_Bush/George_W_Bush_0073_face_2.jpg
George_W_Bush,/Users/taufiq/workspace/infran-spark/data_inference/George_W_Bush/George_W_Bush_0073_face_1.jpg
Gerald_Ford,/Users/taufiq/workspace/infran-spark/data_inference/Gerald_Ford/Gerald_Ford_0001_face_1.jpg
Gerald_Ford,/Users/taufiq/workspace/infran-spark/data_inference/Gerald_Ford/Gerald_Ford_0001_face_2.jpg
Geraldine_Chaplin,/Users/taufiq/workspace/infran-spark/data_inference/Geraldine_Chaplin/Geraldine_Chaplin_0002_face_2.jpg
Geraldine_Chaplin,/Users/taufiq/workspace/infran-spark/data_inference/Geraldine_Chaplin/Geraldine_Chaplin_0002_face_1.jpg
Gerard_Depardieu,/Users/taufiq/workspace/infran-spark/data_inference/Gerard_Depardieu/Gerard_Depardieu_0001_face_2.jpg
Gerard_Depardieu,/Users/taufiq/workspace/infran-spark/data_inference/Gerard_Depardieu/Gerard_Depardieu_0001_face_1.jpg
Gerard_Depardieu,/Users/taufiq/workspace/infran-spark/data_inference/Gerard_Depardieu/Gerard_Depardieu_0002_face_2.jpg
Gerard_Depardieu,/Users/taufiq/workspace/infran-spark/data_inference/Gerard_Depardieu/Gerard_Depardieu_0002_face_3.jpg
Gerard_Depardieu,/Users/taufiq/workspace/infran-spark/data_inference/Gerard_Depardieu/Gerard_Depardieu_0002_face_1.jpg
Gerard_de_Cortanze,/Users/taufiq/workspace/infran-spark/data_inference/Gerard_de_Cortanze/Gerard_de_Cortanze_0001_face_2.jpg
Gerard_de_Cortanze,/Users/taufiq/workspace/infran-spark/data_inference/Gerard_de_Cortanze/Gerard_de_Cortanze_0001_face_1.jpg
Gerhard_Schroeder,/Users/taufiq/workspace/infran-spark/data_inference/Gerhard_Schroeder/Gerhard_Schroeder_0077_face_2.jpg
Gerhard_Schroeder,/Users/taufiq/workspace/infran-spark/data_inference/Gerhard_Schroeder/Gerhard_Schroeder_0077_face_1.jpg
Gerhard_Schroeder,/Users/taufiq/workspace/infran-spark/data_inference/Gerhard_Schroeder/Gerhard_Schroeder_0061_face_2.jpg
Gerhard_Schroeder,/Users/taufiq/workspace/infran-spark/data_inference/Gerhard_Schroeder/Gerhard_Schroeder_0061_face_3.jpg
Gerhard_Schroeder,/Users/taufiq/workspace/infran-spark/data_inference/Gerhard_Schroeder/Gerhard_Schroeder_0061_face_1.jpg
Gerhard_Schroeder,/Users/taufiq/workspace/infran-spark/data_inference/Gerhard_Schroeder/Gerhard_Schroeder_0093_face_1.jpg
Gerhard_Schroeder,/Users/taufiq/workspace/infran-spark/data_inference/Gerhard_Schroeder/Gerhard_Schroeder_0093_face_2.jpg
Gerhard_Schroeder,/Users/taufiq/workspace/infran-spark/data_inference/Gerhard_Schroeder/Gerhard_Schroeder_0020_face_2.jpg
Gerhard_Schroeder,/Users/taufiq/workspace/infran-spark/data_inference/Gerhard_Schroeder/Gerhard_Schroeder_0020_face_1.jpg
Gerhard_Schroeder,/Users/taufiq/workspace/infran-spark/data_inference/Gerhard_Schroeder/Gerhard_Schroeder_0075_face_2.jpg
Gerhard_Schroeder,/Users/taufiq/workspace/infran-spark/data_inference/Gerhard_Schroeder/Gerhard_Schroeder_0075_face_1.jpg
Gerhard_Schroeder,/Users/taufiq/workspace/infran-spark/data_inference/Gerhard_Schroeder/Gerhard_Schroeder_0014_face_2.jpg
Gerhard_Schroeder,/Users/taufiq/workspace/infran-spark/data_inference/Gerhard_Schroeder/Gerhard_Schroeder_0014_face_1.jpg
Gerhard_Schroeder,/Users/taufiq/workspace/infran-spark/data_inference/Gerhard_Schroeder/Gerhard_Schroeder_0023_face_2.jpg
Gerhard_Schroeder,/Users/taufiq/workspace/infran-spark/data_inference/Gerhard_Schroeder/Gerhard_Schroeder_0023_face_3.jpg
Gerhard_Schroeder,/Users/taufiq/workspace/infran-spark/data_inference/Gerhard_Schroeder/Gerhard_Schroeder_0023_face_1.jpg
Gerhard_Schroeder,/Users/taufiq/workspace/infran-spark/data_inference/Gerhard_Schroeder/Gerhard_Schroeder_0076_face_2.jpg
Gerhard_Schroeder,/Users/taufiq/workspace/infran-spark/data_inference/Gerhard_Schroeder/Gerhard_Schroeder_0076_face_1.jpg
Gerhard_Schroeder,/Users/taufiq/workspace/infran-spark/data_inference/Gerhard_Schroeder/Gerhard_Schroeder_0073_face_1.jpg
Gerhard_Schroeder,/Users/taufiq/workspace/infran-spark/data_inference/Gerhard_Schroeder/Gerhard_Schroeder_0073_face_2.jpg
Gerhard_Schroeder,/Users/taufiq/workspace/infran-spark/data_inference/Gerhard_Schroeder/Gerhard_Schroeder_0049_face_2.jpg
Gerhard_Schroeder,/Users/taufiq/workspace/infran-spark/data_inference/Gerhard_Schroeder/Gerhard_Schroeder_0049_face_3.jpg
Gerhard_Schroeder,/Users/taufiq/workspace/infran-spark/data_inference/Gerhard_Schroeder/Gerhard_Schroeder_0049_face_1.jpg
Gerhard_Schroeder,/Users/taufiq/workspace/infran-spark/data_inference/Gerhard_Schroeder/Gerhard_Schroeder_0037_face_2.jpg
Gerhard_Schroeder,/Users/taufiq/workspace/infran-spark/data_inference/Gerhard_Schroeder/Gerhard_Schroeder_0037_face_1.jpg
Gerhard_Schroeder,/Users/taufiq/workspace/infran-spark/data_inference/Gerhard_Schroeder/Gerhard_Schroeder_0030_face_1.jpg
Gerhard_Schroeder,/Users/taufiq/workspace/infran-spark/data_inference/Gerhard_Schroeder/Gerhard_Schroeder_0030_face_2.jpg
Gerhard_Schroeder,/Users/taufiq/workspace/infran-spark/data_inference/Gerhard_Schroeder/Gerhard_Schroeder_0057_face_2.jpg
Gerhard_Schroeder,/Users/taufiq/workspace/infran-spark/data_inference/Gerhard_Schroeder/Gerhard_Schroeder_0057_face_1.jpg
Gerhard_Schroeder,/Users/taufiq/workspace/infran-spark/data_inference/Gerhard_Schroeder/Gerhard_Schroeder_0071_face_1.jpg
Gerhard_Schroeder,/Users/taufiq/workspace/infran-spark/data_inference/Gerhard_Schroeder/Gerhard_Schroeder_0071_face_2.jpg
Gerhard_Schroeder,/Users/taufiq/workspace/infran-spark/data_inference/Gerhard_Schroeder/Gerhard_Schroeder_0046_face_1.jpg
Gerhard_Schroeder,/Users/taufiq/workspace/infran-spark/data_inference/Gerhard_Schroeder/Gerhard_Schroeder_0046_face_2.jpg
Gerhard_Schroeder,/Users/taufiq/workspace/infran-spark/data_inference/Gerhard_Schroeder/Gerhard_Schroeder_0029_face_2.jpg
Gerhard_Schroeder,/Users/taufiq/workspace/infran-spark/data_inference/Gerhard_Schroeder/Gerhard_Schroeder_0029_face_1.jpg
Gerry_Adams,/Users/taufiq/workspace/infran-spark/data_inference/Gerry_Adams/Gerry_Adams_0005_face_1.jpg
Gerry_Adams,/Users/taufiq/workspace/infran-spark/data_inference/Gerry_Adams/Gerry_Adams_0005_face_2.jpg
Ghassan_Elashi,/Users/taufiq/workspace/infran-spark/data_inference/Ghassan_Elashi/Ghassan_Elashi_0001_face_1.jpg
Ghassan_Elashi,/Users/taufiq/workspace/infran-spark/data_inference/Ghassan_Elashi/Ghassan_Elashi_0001_face_2.jpg
Gianna_Angelopoulos-Daskalaki,/Users/taufiq/workspace/infran-spark/data_inference/Gianna_Angelopoulos-Daskalaki/Gianna_Angelopoulos-Daskalaki_0003_face_1.jpg
Gianna_Angelopoulos-Daskalaki,/Users/taufiq/workspace/infran-spark/data_inference/Gianna_Angelopoulos-Daskalaki/Gianna_Angelopoulos-Daskalaki_0003_face_2.jpg
Gil_Cates,/Users/taufiq/workspace/infran-spark/data_inference/Gil_Cates/Gil_Cates_0001_face_2.jpg
Gil_Cates,/Users/taufiq/workspace/infran-spark/data_inference/Gil_Cates/Gil_Cates_0001_face_3.jpg
Gil_Cates,/Users/taufiq/workspace/infran-spark/data_inference/Gil_Cates/Gil_Cates_0001_face_1.jpg
Gilberto_Rodriguez_Orejuela,/Users/taufiq/workspace/infran-spark/data_inference/Gilberto_Rodriguez_Orejuela/Gilberto_Rodriguez_Orejuela_0003_face_1.jpg
Gilberto_Rodriguez_Orejuela,/Users/taufiq/workspace/infran-spark/data_inference/Gilberto_Rodriguez_Orejuela/Gilberto_Rodriguez_Orejuela_0003_face_2.jpg
Gillian_Anderson,/Users/taufiq/workspace/infran-spark/data_inference/Gillian_Anderson/Gillian_Anderson_0001_face_2.jpg
Gillian_Anderson,/Users/taufiq/workspace/infran-spark/data_inference/Gillian_Anderson/Gillian_Anderson_0001_face_1.jpg
Gisele_Bundchen,/Users/taufiq/workspace/infran-spark/data_inference/Gisele_Bundchen/Gisele_Bundchen_0001_face_2.jpg
Gisele_Bundchen,/Users/taufiq/workspace/infran-spark/data_inference/Gisele_Bundchen/Gisele_Bundchen_0001_face_1.jpg
Giulio_Andreotti,/Users/taufiq/workspace/infran-spark/data_inference/Giulio_Andreotti/Giulio_Andreotti_0001_face_1.jpg
Giulio_Andreotti,/Users/taufiq/workspace/infran-spark/data_inference/Giulio_Andreotti/Giulio_Andreotti_0001_face_2.jpg
Glafcos_Clerides,/Users/taufiq/workspace/infran-spark/data_inference/Glafcos_Clerides/Glafcos_Clerides_0003_face_2.jpg
Glafcos_Clerides,/Users/taufiq/workspace/infran-spark/data_inference/Glafcos_Clerides/Glafcos_Clerides_0003_face_1.jpg
Glafcos_Clerides,/Users/taufiq/workspace/infran-spark/data_inference/Glafcos_Clerides/Glafcos_Clerides_0004_face_1.jpg
Glafcos_Clerides,/Users/taufiq/workspace/infran-spark/data_inference/Glafcos_Clerides/Glafcos_Clerides_0004_face_2.jpg
Glen_DaSilva,/Users/taufiq/workspace/infran-spark/data_inference/Glen_DaSilva/Glen_DaSilva_0001_face_1.jpg
Glen_DaSilva,/Users/taufiq/workspace/infran-spark/data_inference/Glen_DaSilva/Glen_DaSilva_0001_face_2.jpg
Gloria_Macapagal_Arroyo,/Users/taufiq/workspace/infran-spark/data_inference/Gloria_Macapagal_Arroyo/Gloria_Macapagal_Arroyo_0022_face_2.jpg
Gloria_Macapagal_Arroyo,/Users/taufiq/workspace/infran-spark/data_inference/Gloria_Macapagal_Arroyo/Gloria_Macapagal_Arroyo_0022_face_1.jpg
Gloria_Macapagal_Arroyo,/Users/taufiq/workspace/infran-spark/data_inference/Gloria_Macapagal_Arroyo/Gloria_Macapagal_Arroyo_0003_face_2.jpg
Gloria_Macapagal_Arroyo,/Users/taufiq/workspace/infran-spark/data_inference/Gloria_Macapagal_Arroyo/Gloria_Macapagal_Arroyo_0003_face_1.jpg
Gloria_Macapagal_Arroyo,/Users/taufiq/workspace/infran-spark/data_inference/Gloria_Macapagal_Arroyo/Gloria_Macapagal_Arroyo_0028_face_2.jpg
Gloria_Macapagal_Arroyo,/Users/taufiq/workspace/infran-spark/data_inference/Gloria_Macapagal_Arroyo/Gloria_Macapagal_Arroyo_0028_face_1.jpg
Gloria_Macapagal_Arroyo,/Users/taufiq/workspace/infran-spark/data_inference/Gloria_Macapagal_Arroyo/Gloria_Macapagal_Arroyo_0031_face_1.jpg
Gloria_Macapagal_Arroyo,/Users/taufiq/workspace/infran-spark/data_inference/Gloria_Macapagal_Arroyo/Gloria_Macapagal_Arroyo_0031_face_2.jpg
Goh_Kun,/Users/taufiq/workspace/infran-spark/data_inference/Goh_Kun/Goh_Kun_0001_face_2.jpg
Goh_Kun,/Users/taufiq/workspace/infran-spark/data_inference/Goh_Kun/Goh_Kun_0001_face_1.jpg
Goldie_Hawn,/Users/taufiq/workspace/infran-spark/data_inference/Goldie_Hawn/Goldie_Hawn_0002_face_2.jpg
Goldie_Hawn,/Users/taufiq/workspace/infran-spark/data_inference/Goldie_Hawn/Goldie_Hawn_0002_face_3.jpg
Goldie_Hawn,/Users/taufiq/workspace/infran-spark/data_inference/Goldie_Hawn/Goldie_Hawn_0002_face_1.jpg
Goldie_Hawn,/Users/taufiq/workspace/infran-spark/data_inference/Goldie_Hawn/Goldie_Hawn_0002_face_4.jpg
Gonzalo_Sanchez_de_Lozada,/Users/taufiq/workspace/infran-spark/data_inference/Gonzalo_Sanchez_de_Lozada/Gonzalo_Sanchez_de_Lozada_0006_face_1.jpg
Gonzalo_Sanchez_de_Lozada,/Users/taufiq/workspace/infran-spark/data_inference/Gonzalo_Sanchez_de_Lozada/Gonzalo_Sanchez_de_Lozada_0006_face_2.jpg
Gonzalo_Sanchez_de_Lozada,/Users/taufiq/workspace/infran-spark/data_inference/Gonzalo_Sanchez_de_Lozada/Gonzalo_Sanchez_de_Lozada_0010_face_1.jpg
Gonzalo_Sanchez_de_Lozada,/Users/taufiq/workspace/infran-spark/data_inference/Gonzalo_Sanchez_de_Lozada/Gonzalo_Sanchez_de_Lozada_0010_face_2.jpg
Gonzalo_Sanchez_de_Lozada,/Users/taufiq/workspace/infran-spark/data_inference/Gonzalo_Sanchez_de_Lozada/Gonzalo_Sanchez_de_Lozada_0009_face_2.jpg
Gonzalo_Sanchez_de_Lozada,/Users/taufiq/workspace/infran-spark/data_inference/Gonzalo_Sanchez_de_Lozada/Gonzalo_Sanchez_de_Lozada_0009_face_1.jpg
Gonzalo_Sanchez_de_Lozada,/Users/taufiq/workspace/infran-spark/data_inference/Gonzalo_Sanchez_de_Lozada/Gonzalo_Sanchez_de_Lozada_0007_face_1.jpg
Gonzalo_Sanchez_de_Lozada,/Users/taufiq/workspace/infran-spark/data_inference/Gonzalo_Sanchez_de_Lozada/Gonzalo_Sanchez_de_Lozada_0007_face_2.jpg
Gonzalo_Sanchez_de_Lozada,/Users/taufiq/workspace/infran-spark/data_inference/Gonzalo_Sanchez_de_Lozada/Gonzalo_Sanchez_de_Lozada_0007_face_3.jpg
Gonzalo_Sanchez_de_Lozada,/Users/taufiq/workspace/infran-spark/data_inference/Gonzalo_Sanchez_de_Lozada/Gonzalo_Sanchez_de_Lozada_0011_face_1.jpg
Gonzalo_Sanchez_de_Lozada,/Users/taufiq/workspace/infran-spark/data_inference/Gonzalo_Sanchez_de_Lozada/Gonzalo_Sanchez_de_Lozada_0011_face_2.jpg
Gordana_Grubin,/Users/taufiq/workspace/infran-spark/data_inference/Gordana_Grubin/Gordana_Grubin_0001_face_1.jpg
Gordana_Grubin,/Users/taufiq/workspace/infran-spark/data_inference/Gordana_Grubin/Gordana_Grubin_0001_face_2.jpg
Gordon_Brown,/Users/taufiq/workspace/infran-spark/data_inference/Gordon_Brown/Gordon_Brown_0007_face_2.jpg
Gordon_Brown,/Users/taufiq/workspace/infran-spark/data_inference/Gordon_Brown/Gordon_Brown_0007_face_3.jpg
Gordon_Brown,/Users/taufiq/workspace/infran-spark/data_inference/Gordon_Brown/Gordon_Brown_0007_face_1.jpg
Gordon_Brown,/Users/taufiq/workspace/infran-spark/data_inference/Gordon_Brown/Gordon_Brown_0006_face_2.jpg
Gordon_Brown,/Users/taufiq/workspace/infran-spark/data_inference/Gordon_Brown/Gordon_Brown_0006_face_3.jpg
Gordon_Brown,/Users/taufiq/workspace/infran-spark/data_inference/Gordon_Brown/Gordon_Brown_0006_face_1.jpg
Graciano_Rocchigiani,/Users/taufiq/workspace/infran-spark/data_inference/Graciano_Rocchigiani/Graciano_Rocchigiani_0001_face_2.jpg
Graciano_Rocchigiani,/Users/taufiq/workspace/infran-spark/data_inference/Graciano_Rocchigiani/Graciano_Rocchigiani_0001_face_3.jpg
Graciano_Rocchigiani,/Users/taufiq/workspace/infran-spark/data_inference/Graciano_Rocchigiani/Graciano_Rocchigiani_0001_face_1.jpg
Grant_Hackett,/Users/taufiq/workspace/infran-spark/data_inference/Grant_Hackett/Grant_Hackett_0001_face_2.jpg
Grant_Hackett,/Users/taufiq/workspace/infran-spark/data_inference/Grant_Hackett/Grant_Hackett_0001_face_1.jpg
Gray_Davis,/Users/taufiq/workspace/infran-spark/data_inference/Gray_Davis/Gray_Davis_0025_face_1.jpg
Gray_Davis,/Users/taufiq/workspace/infran-spark/data_inference/Gray_Davis/Gray_Davis_0025_face_2.jpg
Gray_Davis,/Users/taufiq/workspace/infran-spark/data_inference/Gray_Davis/Gray_Davis_0025_face_3.jpg
Gray_Davis,/Users/taufiq/workspace/infran-spark/data_inference/Gray_Davis/Gray_Davis_0020_face_2.jpg
Gray_Davis,/Users/taufiq/workspace/infran-spark/data_inference/Gray_Davis/Gray_Davis_0020_face_3.jpg
Gray_Davis,/Users/taufiq/workspace/infran-spark/data_inference/Gray_Davis/Gray_Davis_0020_face_1.jpg
Gray_Davis,/Users/taufiq/workspace/infran-spark/data_inference/Gray_Davis/Gray_Davis_0006_face_1.jpg
Gray_Davis,/Users/taufiq/workspace/infran-spark/data_inference/Gray_Davis/Gray_Davis_0006_face_3.jpg
Gray_Davis,/Users/taufiq/workspace/infran-spark/data_inference/Gray_Davis/Gray_Davis_0006_face_2.jpg
Gray_Davis,/Users/taufiq/workspace/infran-spark/data_inference/Gray_Davis/Gray_Davis_0022_face_2.jpg
Gray_Davis,/Users/taufiq/workspace/infran-spark/data_inference/Gray_Davis/Gray_Davis_0022_face_1.jpg
Gray_Davis,/Users/taufiq/workspace/infran-spark/data_inference/Gray_Davis/Gray_Davis_0018_face_1.jpg
Gray_Davis,/Users/taufiq/workspace/infran-spark/data_inference/Gray_Davis/Gray_Davis_0018_face_2.jpg
Gray_Davis,/Users/taufiq/workspace/infran-spark/data_inference/Gray_Davis/Gray_Davis_0007_face_1.jpg
Gray_Davis,/Users/taufiq/workspace/infran-spark/data_inference/Gray_Davis/Gray_Davis_0007_face_2.jpg
Gray_Davis,/Users/taufiq/workspace/infran-spark/data_inference/Gray_Davis/Gray_Davis_0013_face_1.jpg
Gray_Davis,/Users/taufiq/workspace/infran-spark/data_inference/Gray_Davis/Gray_Davis_0013_face_2.jpg
Greg_Ostertag,/Users/taufiq/workspace/infran-spark/data_inference/Greg_Ostertag/Greg_Ostertag_0001_face_2.jpg
Greg_Ostertag,/Users/taufiq/workspace/infran-spark/data_inference/Greg_Ostertag/Greg_Ostertag_0001_face_3.jpg
Greg_Ostertag,/Users/taufiq/workspace/infran-spark/data_inference/Greg_Ostertag/Greg_Ostertag_0001_face_1.jpg
Gregg_Popovich,/Users/taufiq/workspace/infran-spark/data_inference/Gregg_Popovich/Gregg_Popovich_0003_face_2.jpg
Gregg_Popovich,/Users/taufiq/workspace/infran-spark/data_inference/Gregg_Popovich/Gregg_Popovich_0003_face_1.jpg
Gregor_Gysi,/Users/taufiq/workspace/infran-spark/data_inference/Gregor_Gysi/Gregor_Gysi_0001_face_2.jpg
Gregor_Gysi,/Users/taufiq/workspace/infran-spark/data_inference/Gregor_Gysi/Gregor_Gysi_0001_face_1.jpg
Gregory_Hines,/Users/taufiq/workspace/infran-spark/data_inference/Gregory_Hines/Gregory_Hines_0001_face_2.jpg
Gregory_Hines,/Users/taufiq/workspace/infran-spark/data_inference/Gregory_Hines/Gregory_Hines_0001_face_1.jpg
Gro_Harlem_Brundtland,/Users/taufiq/workspace/infran-spark/data_inference/Gro_Harlem_Brundtland/Gro_Harlem_Brundtland_0001_face_2.jpg
Gro_Harlem_Brundtland,/Users/taufiq/workspace/infran-spark/data_inference/Gro_Harlem_Brundtland/Gro_Harlem_Brundtland_0001_face_1.jpg
Guillaume_Depardieu,/Users/taufiq/workspace/infran-spark/data_inference/Guillaume_Depardieu/Guillaume_Depardieu_0001_face_1.jpg
Guillaume_Depardieu,/Users/taufiq/workspace/infran-spark/data_inference/Guillaume_Depardieu/Guillaume_Depardieu_0001_face_2.jpg
Guillaume_Soro,/Users/taufiq/workspace/infran-spark/data_inference/Guillaume_Soro/Guillaume_Soro_0001_face_1.jpg
Guillaume_Soro,/Users/taufiq/workspace/infran-spark/data_inference/Guillaume_Soro/Guillaume_Soro_0001_face_3.jpg
Guillaume_Soro,/Users/taufiq/workspace/infran-spark/data_inference/Guillaume_Soro/Guillaume_Soro_0001_face_2.jpg
Guillermo_Coria,/Users/taufiq/workspace/infran-spark/data_inference/Guillermo_Coria/Guillermo_Coria_0004_face_1.jpg
Guillermo_Coria,/Users/taufiq/workspace/infran-spark/data_inference/Guillermo_Coria/Guillermo_Coria_0004_face_2.jpg
Guillermo_Coria,/Users/taufiq/workspace/infran-spark/data_inference/Guillermo_Coria/Guillermo_Coria_0004_face_3.jpg
Guillermo_Ortiz,/Users/taufiq/workspace/infran-spark/data_inference/Guillermo_Ortiz/Guillermo_Ortiz_0002_face_2.jpg
Guillermo_Ortiz,/Users/taufiq/workspace/infran-spark/data_inference/Guillermo_Ortiz/Guillermo_Ortiz_0002_face_1.jpg
Gunter_Pleuger,/Users/taufiq/workspace/infran-spark/data_inference/Gunter_Pleuger/Gunter_Pleuger_0002_face_1.jpg
Gunter_Pleuger,/Users/taufiq/workspace/infran-spark/data_inference/Gunter_Pleuger/Gunter_Pleuger_0002_face_2.jpg
Gus_Van_Sant,/Users/taufiq/workspace/infran-spark/data_inference/Gus_Van_Sant/Gus_Van_Sant_0001_face_2.jpg
Gus_Van_Sant,/Users/taufiq/workspace/infran-spark/data_inference/Gus_Van_Sant/Gus_Van_Sant_0001_face_1.jpg
Guus_Hiddink,/Users/taufiq/workspace/infran-spark/data_inference/Guus_Hiddink/Guus_Hiddink_0001_face_2.jpg
Guus_Hiddink,/Users/taufiq/workspace/infran-spark/data_inference/Guus_Hiddink/Guus_Hiddink_0001_face_1.jpg
Gwendal_Peizerat,/Users/taufiq/workspace/infran-spark/data_inference/Gwendal_Peizerat/Gwendal_Peizerat_0003_face_2.jpg
Gwendal_Peizerat,/Users/taufiq/workspace/infran-spark/data_inference/Gwendal_Peizerat/Gwendal_Peizerat_0003_face_1.jpg
Gwendal_Peizerat,/Users/taufiq/workspace/infran-spark/data_inference/Gwendal_Peizerat/Gwendal_Peizerat_0002_face_2.jpg
Gwendal_Peizerat,/Users/taufiq/workspace/infran-spark/data_inference/Gwendal_Peizerat/Gwendal_Peizerat_0002_face_1.jpg
Gwyneth_Paltrow,/Users/taufiq/workspace/infran-spark/data_inference/Gwyneth_Paltrow/Gwyneth_Paltrow_0003_face_2.jpg
Gwyneth_Paltrow,/Users/taufiq/workspace/infran-spark/data_inference/Gwyneth_Paltrow/Gwyneth_Paltrow_0003_face_1.jpg
Gwyneth_Paltrow,/Users/taufiq/workspace/infran-spark/data_inference/Gwyneth_Paltrow/Gwyneth_Paltrow_0005_face_1.jpg
Gwyneth_Paltrow,/Users/taufiq/workspace/infran-spark/data_inference/Gwyneth_Paltrow/Gwyneth_Paltrow_0005_face_3.jpg
Gwyneth_Paltrow,/Users/taufiq/workspace/infran-spark/data_inference/Gwyneth_Paltrow/Gwyneth_Paltrow_0005_face_2.jpg
Gwyneth_Paltrow,/Users/taufiq/workspace/infran-spark/data_inference/Gwyneth_Paltrow/Gwyneth_Paltrow_0005_face_4.jpg
Habib_Hisham,/Users/taufiq/workspace/infran-spark/data_inference/Habib_Hisham/Habib_Hisham_0001_face_2.jpg
Habib_Hisham,/Users/taufiq/workspace/infran-spark/data_inference/Habib_Hisham/Habib_Hisham_0001_face_1.jpg
Habib_Rizieq,/Users/taufiq/workspace/infran-spark/data_inference/Habib_Rizieq/Habib_Rizieq_0003_face_1.jpg
Habib_Rizieq,/Users/taufiq/workspace/infran-spark/data_inference/Habib_Rizieq/Habib_Rizieq_0003_face_3.jpg
Habib_Rizieq,/Users/taufiq/workspace/infran-spark/data_inference/Habib_Rizieq/Habib_Rizieq_0003_face_2.jpg
Habib_Rizieq,/Users/taufiq/workspace/infran-spark/data_inference/Habib_Rizieq/Habib_Rizieq_0001_face_1.jpg
Habib_Rizieq,/Users/taufiq/workspace/infran-spark/data_inference/Habib_Rizieq/Habib_Rizieq_0001_face_2.jpg
Habib_Rizieq,/Users/taufiq/workspace/infran-spark/data_inference/Habib_Rizieq/Habib_Rizieq_0001_face_3.jpg
Habib_Rizieq,/Users/taufiq/workspace/infran-spark/data_inference/Habib_Rizieq/Habib_Rizieq_0001_face_4.jpg
Habib_Rizieq,/Users/taufiq/workspace/infran-spark/data_inference/Habib_Rizieq/Habib_Rizieq_0004_face_2.jpg
Habib_Rizieq,/Users/taufiq/workspace/infran-spark/data_inference/Habib_Rizieq/Habib_Rizieq_0004_face_1.jpg
Habib_Rizieq,/Users/taufiq/workspace/infran-spark/data_inference/Habib_Rizieq/Habib_Rizieq_0002_face_1.jpg
Habib_Rizieq,/Users/taufiq/workspace/infran-spark/data_inference/Habib_Rizieq/Habib_Rizieq_0002_face_2.jpg
Habib_Rizieq,/Users/taufiq/workspace/infran-spark/data_inference/Habib_Rizieq/Habib_Rizieq_0005_face_2.jpg
Habib_Rizieq,/Users/taufiq/workspace/infran-spark/data_inference/Habib_Rizieq/Habib_Rizieq_0005_face_3.jpg
Habib_Rizieq,/Users/taufiq/workspace/infran-spark/data_inference/Habib_Rizieq/Habib_Rizieq_0005_face_1.jpg
Halle_Berry,/Users/taufiq/workspace/infran-spark/data_inference/Halle_Berry/Halle_Berry_0005_face_1.jpg
Halle_Berry,/Users/taufiq/workspace/infran-spark/data_inference/Halle_Berry/Halle_Berry_0005_face_2.jpg
Halle_Berry,/Users/taufiq/workspace/infran-spark/data_inference/Halle_Berry/Halle_Berry_0006_face_1.jpg
Halle_Berry,/Users/taufiq/workspace/infran-spark/data_inference/Halle_Berry/Halle_Berry_0006_face_2.jpg
Halle_Berry,/Users/taufiq/workspace/infran-spark/data_inference/Halle_Berry/Halle_Berry_0003_face_2.jpg
Halle_Berry,/Users/taufiq/workspace/infran-spark/data_inference/Halle_Berry/Halle_Berry_0003_face_1.jpg
Halle_Berry,/Users/taufiq/workspace/infran-spark/data_inference/Halle_Berry/Halle_Berry_0015_face_2.jpg
Halle_Berry,/Users/taufiq/workspace/infran-spark/data_inference/Halle_Berry/Halle_Berry_0015_face_1.jpg
Halle_Berry,/Users/taufiq/workspace/infran-spark/data_inference/Halle_Berry/Halle_Berry_0009_face_2.jpg
Halle_Berry,/Users/taufiq/workspace/infran-spark/data_inference/Halle_Berry/Halle_Berry_0009_face_1.jpg
Halle_Berry,/Users/taufiq/workspace/infran-spark/data_inference/Halle_Berry/Halle_Berry_0001_face_2.jpg
Halle_Berry,/Users/taufiq/workspace/infran-spark/data_inference/Halle_Berry/Halle_Berry_0001_face_1.jpg
Hamad_Bin_Isa_al-Khalifa,/Users/taufiq/workspace/infran-spark/data_inference/Hamad_Bin_Isa_al-Khalifa/Hamad_Bin_Isa_al-Khalifa_0001_face_2.jpg
Hamad_Bin_Isa_al-Khalifa,/Users/taufiq/workspace/infran-spark/data_inference/Hamad_Bin_Isa_al-Khalifa/Hamad_Bin_Isa_al-Khalifa_0001_face_1.jpg
Hamid_Karzai,/Users/taufiq/workspace/infran-spark/data_inference/Hamid_Karzai/Hamid_Karzai_0009_face_1.jpg
Hamid_Karzai,/Users/taufiq/workspace/infran-spark/data_inference/Hamid_Karzai/Hamid_Karzai_0009_face_2.jpg
Hamid_Karzai,/Users/taufiq/workspace/infran-spark/data_inference/Hamid_Karzai/Hamid_Karzai_0020_face_1.jpg
Hamid_Karzai,/Users/taufiq/workspace/infran-spark/data_inference/Hamid_Karzai/Hamid_Karzai_0020_face_2.jpg
Hamid_Karzai,/Users/taufiq/workspace/infran-spark/data_inference/Hamid_Karzai/Hamid_Karzai_0011_face_3.jpg
Hamid_Karzai,/Users/taufiq/workspace/infran-spark/data_inference/Hamid_Karzai/Hamid_Karzai_0011_face_2.jpg
Hamid_Karzai,/Users/taufiq/workspace/infran-spark/data_inference/Hamid_Karzai/Hamid_Karzai_0011_face_1.jpg
Hamid_Karzai,/Users/taufiq/workspace/infran-spark/data_inference/Hamid_Karzai/Hamid_Karzai_0019_face_3.jpg
Hamid_Karzai,/Users/taufiq/workspace/infran-spark/data_inference/Hamid_Karzai/Hamid_Karzai_0019_face_2.jpg
Hamid_Karzai,/Users/taufiq/workspace/infran-spark/data_inference/Hamid_Karzai/Hamid_Karzai_0019_face_1.jpg
Hamid_Karzai,/Users/taufiq/workspace/infran-spark/data_inference/Hamid_Karzai/Hamid_Karzai_0007_face_2.jpg
Hamid_Karzai,/Users/taufiq/workspace/infran-spark/data_inference/Hamid_Karzai/Hamid_Karzai_0007_face_1.jpg
Hamzah_Haz,/Users/taufiq/workspace/infran-spark/data_inference/Hamzah_Haz/Hamzah_Haz_0002_face_2.jpg
Hamzah_Haz,/Users/taufiq/workspace/infran-spark/data_inference/Hamzah_Haz/Hamzah_Haz_0002_face_1.jpg
Hamzah_Haz,/Users/taufiq/workspace/infran-spark/data_inference/Hamzah_Haz/Hamzah_Haz_0001_face_2.jpg
Hamzah_Haz,/Users/taufiq/workspace/infran-spark/data_inference/Hamzah_Haz/Hamzah_Haz_0001_face_3.jpg
Hamzah_Haz,/Users/taufiq/workspace/infran-spark/data_inference/Hamzah_Haz/Hamzah_Haz_0001_face_1.jpg
Hana_Urushima,/Users/taufiq/workspace/infran-spark/data_inference/Hana_Urushima/Hana_Urushima_0001_face_1.jpg
Hana_Urushima,/Users/taufiq/workspace/infran-spark/data_inference/Hana_Urushima/Hana_Urushima_0001_face_2.jpg
Hans_Blix,/Users/taufiq/workspace/infran-spark/data_inference/Hans_Blix/Hans_Blix_0001_face_1.jpg
Hans_Blix,/Users/taufiq/workspace/infran-spark/data_inference/Hans_Blix/Hans_Blix_0001_face_2.jpg
Hans_Blix,/Users/taufiq/workspace/infran-spark/data_inference/Hans_Blix/Hans_Blix_0001_face_3.jpg
Hans_Blix,/Users/taufiq/workspace/infran-spark/data_inference/Hans_Blix/Hans_Blix_0027_face_2.jpg
Hans_Blix,/Users/taufiq/workspace/infran-spark/data_inference/Hans_Blix/Hans_Blix_0027_face_1.jpg
Hans_Blix,/Users/taufiq/workspace/infran-spark/data_inference/Hans_Blix/Hans_Blix_0020_face_1.jpg
Hans_Blix,/Users/taufiq/workspace/infran-spark/data_inference/Hans_Blix/Hans_Blix_0020_face_2.jpg
Hans_Blix,/Users/taufiq/workspace/infran-spark/data_inference/Hans_Blix/Hans_Blix_0012_face_2.jpg
Hans_Blix,/Users/taufiq/workspace/infran-spark/data_inference/Hans_Blix/Hans_Blix_0012_face_1.jpg
Hans_Blix,/Users/taufiq/workspace/infran-spark/data_inference/Hans_Blix/Hans_Blix_0034_face_1.jpg
Hans_Blix,/Users/taufiq/workspace/infran-spark/data_inference/Hans_Blix/Hans_Blix_0034_face_2.jpg
Hans_Blix,/Users/taufiq/workspace/infran-spark/data_inference/Hans_Blix/Hans_Blix_0003_face_1.jpg
Hans_Blix,/Users/taufiq/workspace/infran-spark/data_inference/Hans_Blix/Hans_Blix_0003_face_2.jpg
Hans_Blix,/Users/taufiq/workspace/infran-spark/data_inference/Hans_Blix/Hans_Blix_0039_face_2.jpg
Hans_Blix,/Users/taufiq/workspace/infran-spark/data_inference/Hans_Blix/Hans_Blix_0039_face_1.jpg
Hans_Blix,/Users/taufiq/workspace/infran-spark/data_inference/Hans_Blix/Hans_Blix_0026_face_2.jpg
Hans_Blix,/Users/taufiq/workspace/infran-spark/data_inference/Hans_Blix/Hans_Blix_0026_face_1.jpg
Hans_Blix,/Users/taufiq/workspace/infran-spark/data_inference/Hans_Blix/Hans_Blix_0011_face_2.jpg
Hans_Blix,/Users/taufiq/workspace/infran-spark/data_inference/Hans_Blix/Hans_Blix_0011_face_1.jpg
Hans_Blix,/Users/taufiq/workspace/infran-spark/data_inference/Hans_Blix/Hans_Blix_0019_face_2.jpg
Hans_Blix,/Users/taufiq/workspace/infran-spark/data_inference/Hans_Blix/Hans_Blix_0019_face_1.jpg
Hans_Blix,/Users/taufiq/workspace/infran-spark/data_inference/Hans_Blix/Hans_Blix_0014_face_1.jpg
Hans_Blix,/Users/taufiq/workspace/infran-spark/data_inference/Hans_Blix/Hans_Blix_0014_face_2.jpg
Hans_Blix,/Users/taufiq/workspace/infran-spark/data_inference/Hans_Blix/Hans_Blix_0013_face_2.jpg
Hans_Blix,/Users/taufiq/workspace/infran-spark/data_inference/Hans_Blix/Hans_Blix_0013_face_1.jpg
Hans_Blix,/Users/taufiq/workspace/infran-spark/data_inference/Hans_Blix/Hans_Blix_0024_face_2.jpg
Hans_Blix,/Users/taufiq/workspace/infran-spark/data_inference/Hans_Blix/Hans_Blix_0024_face_1.jpg
Hans_Blix,/Users/taufiq/workspace/infran-spark/data_inference/Hans_Blix/Hans_Blix_0016_face_1.jpg
Hans_Blix,/Users/taufiq/workspace/infran-spark/data_inference/Hans_Blix/Hans_Blix_0016_face_2.jpg
Harriet_Lessy,/Users/taufiq/workspace/infran-spark/data_inference/Harriet_Lessy/Harriet_Lessy_0001_face_2.jpg
Harriet_Lessy,/Users/taufiq/workspace/infran-spark/data_inference/Harriet_Lessy/Harriet_Lessy_0001_face_1.jpg
Harrison_Ford,/Users/taufiq/workspace/infran-spark/data_inference/Harrison_Ford/Harrison_Ford_0004_face_2.jpg
Harrison_Ford,/Users/taufiq/workspace/infran-spark/data_inference/Harrison_Ford/Harrison_Ford_0004_face_1.jpg
Harrison_Ford,/Users/taufiq/workspace/infran-spark/data_inference/Harrison_Ford/Harrison_Ford_0003_face_1.jpg
Harrison_Ford,/Users/taufiq/workspace/infran-spark/data_inference/Harrison_Ford/Harrison_Ford_0003_face_2.jpg
Hartmut_Mehdorn,/Users/taufiq/workspace/infran-spark/data_inference/Hartmut_Mehdorn/Hartmut_Mehdorn_0001_face_2.jpg
Hartmut_Mehdorn,/Users/taufiq/workspace/infran-spark/data_inference/Hartmut_Mehdorn/Hartmut_Mehdorn_0001_face_1.jpg
Harvey_Weinstein,/Users/taufiq/workspace/infran-spark/data_inference/Harvey_Weinstein/Harvey_Weinstein_0002_face_1.jpg
Harvey_Weinstein,/Users/taufiq/workspace/infran-spark/data_inference/Harvey_Weinstein/Harvey_Weinstein_0002_face_2.jpg
Heath_Ledger,/Users/taufiq/workspace/infran-spark/data_inference/Heath_Ledger/Heath_Ledger_0002_face_2.jpg
Heath_Ledger,/Users/taufiq/workspace/infran-spark/data_inference/Heath_Ledger/Heath_Ledger_0002_face_1.jpg
Heather_Mills,/Users/taufiq/workspace/infran-spark/data_inference/Heather_Mills/Heather_Mills_0002_face_2.jpg
Heather_Mills,/Users/taufiq/workspace/infran-spark/data_inference/Heather_Mills/Heather_Mills_0002_face_1.jpg
Hector_Babenco,/Users/taufiq/workspace/infran-spark/data_inference/Hector_Babenco/Hector_Babenco_0003_face_2.jpg
Hector_Babenco,/Users/taufiq/workspace/infran-spark/data_inference/Hector_Babenco/Hector_Babenco_0003_face_1.jpg
Hector_Babenco,/Users/taufiq/workspace/infran-spark/data_inference/Hector_Babenco/Hector_Babenco_0001_face_2.jpg
Hector_Babenco,/Users/taufiq/workspace/infran-spark/data_inference/Hector_Babenco/Hector_Babenco_0001_face_1.jpg
Hector_Babenco,/Users/taufiq/workspace/infran-spark/data_inference/Hector_Babenco/Hector_Babenco_0002_face_2.jpg
Hector_Babenco,/Users/taufiq/workspace/infran-spark/data_inference/Hector_Babenco/Hector_Babenco_0002_face_1.jpg
Heizo_Takenaka,/Users/taufiq/workspace/infran-spark/data_inference/Heizo_Takenaka/Heizo_Takenaka_0003_face_2.jpg
Heizo_Takenaka,/Users/taufiq/workspace/infran-spark/data_inference/Heizo_Takenaka/Heizo_Takenaka_0003_face_1.jpg
Henry_Suazo,/Users/taufiq/workspace/infran-spark/data_inference/Henry_Suazo/Henry_Suazo_0001_face_1.jpg
Henry_Suazo,/Users/taufiq/workspace/infran-spark/data_inference/Henry_Suazo/Henry_Suazo_0001_face_2.jpg
Herb_Sendek,/Users/taufiq/workspace/infran-spark/data_inference/Herb_Sendek/Herb_Sendek_0004_face_2.jpg
Herb_Sendek,/Users/taufiq/workspace/infran-spark/data_inference/Herb_Sendek/Herb_Sendek_0004_face_1.jpg
Hermann_Maier,/Users/taufiq/workspace/infran-spark/data_inference/Hermann_Maier/Hermann_Maier_0001_face_1.jpg
Hermann_Maier,/Users/taufiq/workspace/infran-spark/data_inference/Hermann_Maier/Hermann_Maier_0001_face_2.jpg
Herta_Daeubler-Gmelin,/Users/taufiq/workspace/infran-spark/data_inference/Herta_Daeubler-Gmelin/Herta_Daeubler-Gmelin_0002_face_2.jpg
Herta_Daeubler-Gmelin,/Users/taufiq/workspace/infran-spark/data_inference/Herta_Daeubler-Gmelin/Herta_Daeubler-Gmelin_0002_face_1.jpg
Hilary_Duff,/Users/taufiq/workspace/infran-spark/data_inference/Hilary_Duff/Hilary_Duff_0001_face_1.jpg
Hilary_Duff,/Users/taufiq/workspace/infran-spark/data_inference/Hilary_Duff/Hilary_Duff_0001_face_2.jpg
Hillary_Clinton,/Users/taufiq/workspace/infran-spark/data_inference/Hillary_Clinton/Hillary_Clinton_0013_face_1.jpg
Hillary_Clinton,/Users/taufiq/workspace/infran-spark/data_inference/Hillary_Clinton/Hillary_Clinton_0013_face_2.jpg
Hillary_Clinton,/Users/taufiq/workspace/infran-spark/data_inference/Hillary_Clinton/Hillary_Clinton_0001_face_2.jpg
Hillary_Clinton,/Users/taufiq/workspace/infran-spark/data_inference/Hillary_Clinton/Hillary_Clinton_0001_face_1.jpg
Hitomi_Soga,/Users/taufiq/workspace/infran-spark/data_inference/Hitomi_Soga/Hitomi_Soga_0001_face_1.jpg
Hitomi_Soga,/Users/taufiq/workspace/infran-spark/data_inference/Hitomi_Soga/Hitomi_Soga_0001_face_2.jpg
Hoda_Asfor,/Users/taufiq/workspace/infran-spark/data_inference/Hoda_Asfor/Hoda_Asfor_0001_face_1.jpg
Hoda_Asfor,/Users/taufiq/workspace/infran-spark/data_inference/Hoda_Asfor/Hoda_Asfor_0001_face_2.jpg
Holly_Hunter,/Users/taufiq/workspace/infran-spark/data_inference/Holly_Hunter/Holly_Hunter_0007_face_1.jpg
Holly_Hunter,/Users/taufiq/workspace/infran-spark/data_inference/Holly_Hunter/Holly_Hunter_0007_face_2.jpg
Holly_Hunter,/Users/taufiq/workspace/infran-spark/data_inference/Holly_Hunter/Holly_Hunter_0004_face_1.jpg
Holly_Hunter,/Users/taufiq/workspace/infran-spark/data_inference/Holly_Hunter/Holly_Hunter_0004_face_2.jpg
Horacio_Julio_Pina,/Users/taufiq/workspace/infran-spark/data_inference/Horacio_Julio_Pina/Horacio_Julio_Pina_0001_face_2.jpg
Horacio_Julio_Pina,/Users/taufiq/workspace/infran-spark/data_inference/Horacio_Julio_Pina/Horacio_Julio_Pina_0001_face_1.jpg
Hosni_Mubarak,/Users/taufiq/workspace/infran-spark/data_inference/Hosni_Mubarak/Hosni_Mubarak_0009_face_1.jpg
Hosni_Mubarak,/Users/taufiq/workspace/infran-spark/data_inference/Hosni_Mubarak/Hosni_Mubarak_0009_face_2.jpg
Hosni_Mubarak,/Users/taufiq/workspace/infran-spark/data_inference/Hosni_Mubarak/Hosni_Mubarak_0006_face_2.jpg
Hosni_Mubarak,/Users/taufiq/workspace/infran-spark/data_inference/Hosni_Mubarak/Hosni_Mubarak_0006_face_1.jpg
Hu_Jintao,/Users/taufiq/workspace/infran-spark/data_inference/Hu_Jintao/Hu_Jintao_0011_face_2.jpg
Hu_Jintao,/Users/taufiq/workspace/infran-spark/data_inference/Hu_Jintao/Hu_Jintao_0011_face_1.jpg
Hugh_Carey,/Users/taufiq/workspace/infran-spark/data_inference/Hugh_Carey/Hugh_Carey_0001_face_2.jpg
Hugh_Carey,/Users/taufiq/workspace/infran-spark/data_inference/Hugh_Carey/Hugh_Carey_0001_face_1.jpg
Hugh_Grant,/Users/taufiq/workspace/infran-spark/data_inference/Hugh_Grant/Hugh_Grant_0009_face_2.jpg
Hugh_Grant,/Users/taufiq/workspace/infran-spark/data_inference/Hugh_Grant/Hugh_Grant_0009_face_1.jpg
Hugh_Grant,/Users/taufiq/workspace/infran-spark/data_inference/Hugh_Grant/Hugh_Grant_0008_face_2.jpg
Hugh_Grant,/Users/taufiq/workspace/infran-spark/data_inference/Hugh_Grant/Hugh_Grant_0008_face_1.jpg
Hugh_Miller,/Users/taufiq/workspace/infran-spark/data_inference/Hugh_Miller/Hugh_Miller_0001_face_1.jpg
Hugh_Miller,/Users/taufiq/workspace/infran-spark/data_inference/Hugh_Miller/Hugh_Miller_0001_face_2.jpg
Hugo_Chavez,/Users/taufiq/workspace/infran-spark/data_inference/Hugo_Chavez/Hugo_Chavez_0023_face_1.jpg
Hugo_Chavez,/Users/taufiq/workspace/infran-spark/data_inference/Hugo_Chavez/Hugo_Chavez_0023_face_2.jpg
Hugo_Chavez,/Users/taufiq/workspace/infran-spark/data_inference/Hugo_Chavez/Hugo_Chavez_0032_face_3.jpg
Hugo_Chavez,/Users/taufiq/workspace/infran-spark/data_inference/Hugo_Chavez/Hugo_Chavez_0032_face_2.jpg
Hugo_Chavez,/Users/taufiq/workspace/infran-spark/data_inference/Hugo_Chavez/Hugo_Chavez_0032_face_1.jpg
Hugo_Chavez,/Users/taufiq/workspace/infran-spark/data_inference/Hugo_Chavez/Hugo_Chavez_0067_face_3.jpg
Hugo_Chavez,/Users/taufiq/workspace/infran-spark/data_inference/Hugo_Chavez/Hugo_Chavez_0067_face_2.jpg
Hugo_Chavez,/Users/taufiq/workspace/infran-spark/data_inference/Hugo_Chavez/Hugo_Chavez_0067_face_1.jpg
Hugo_Chavez,/Users/taufiq/workspace/infran-spark/data_inference/Hugo_Chavez/Hugo_Chavez_0049_face_1.jpg
Hugo_Chavez,/Users/taufiq/workspace/infran-spark/data_inference/Hugo_Chavez/Hugo_Chavez_0049_face_2.jpg
Hugo_Chavez,/Users/taufiq/workspace/infran-spark/data_inference/Hugo_Chavez/Hugo_Chavez_0037_face_1.jpg
Hugo_Chavez,/Users/taufiq/workspace/infran-spark/data_inference/Hugo_Chavez/Hugo_Chavez_0037_face_3.jpg
Hugo_Chavez,/Users/taufiq/workspace/infran-spark/data_inference/Hugo_Chavez/Hugo_Chavez_0037_face_2.jpg
Hugo_Chavez,/Users/taufiq/workspace/infran-spark/data_inference/Hugo_Chavez/Hugo_Chavez_0030_face_2.jpg
Hugo_Chavez,/Users/taufiq/workspace/infran-spark/data_inference/Hugo_Chavez/Hugo_Chavez_0030_face_1.jpg
Hugo_Chavez,/Users/taufiq/workspace/infran-spark/data_inference/Hugo_Chavez/Hugo_Chavez_0068_face_1.jpg
Hugo_Chavez,/Users/taufiq/workspace/infran-spark/data_inference/Hugo_Chavez/Hugo_Chavez_0068_face_2.jpg
Hugo_Chavez,/Users/taufiq/workspace/infran-spark/data_inference/Hugo_Chavez/Hugo_Chavez_0016_face_1.jpg
Hugo_Chavez,/Users/taufiq/workspace/infran-spark/data_inference/Hugo_Chavez/Hugo_Chavez_0016_face_2.jpg
Hugo_Chavez,/Users/taufiq/workspace/infran-spark/data_inference/Hugo_Chavez/Hugo_Chavez_0057_face_1.jpg
Hugo_Chavez,/Users/taufiq/workspace/infran-spark/data_inference/Hugo_Chavez/Hugo_Chavez_0057_face_2.jpg
Hugo_Chavez,/Users/taufiq/workspace/infran-spark/data_inference/Hugo_Chavez/Hugo_Chavez_0046_face_2.jpg
Hugo_Chavez,/Users/taufiq/workspace/infran-spark/data_inference/Hugo_Chavez/Hugo_Chavez_0046_face_1.jpg
Hugo_Chavez,/Users/taufiq/workspace/infran-spark/data_inference/Hugo_Chavez/Hugo_Chavez_0048_face_1.jpg
Hugo_Chavez,/Users/taufiq/workspace/infran-spark/data_inference/Hugo_Chavez/Hugo_Chavez_0048_face_2.jpg
Hugo_Chavez,/Users/taufiq/workspace/infran-spark/data_inference/Hugo_Chavez/Hugo_Chavez_0045_face_2.jpg
Hugo_Chavez,/Users/taufiq/workspace/infran-spark/data_inference/Hugo_Chavez/Hugo_Chavez_0045_face_1.jpg
Hugo_Chavez,/Users/taufiq/workspace/infran-spark/data_inference/Hugo_Chavez/Hugo_Chavez_0036_face_1.jpg
Hugo_Chavez,/Users/taufiq/workspace/infran-spark/data_inference/Hugo_Chavez/Hugo_Chavez_0036_face_2.jpg
Hugo_Chavez,/Users/taufiq/workspace/infran-spark/data_inference/Hugo_Chavez/Hugo_Chavez_0051_face_3.jpg
Hugo_Chavez,/Users/taufiq/workspace/infran-spark/data_inference/Hugo_Chavez/Hugo_Chavez_0051_face_2.jpg
Hugo_Chavez,/Users/taufiq/workspace/infran-spark/data_inference/Hugo_Chavez/Hugo_Chavez_0051_face_1.jpg
Hugo_Chavez,/Users/taufiq/workspace/infran-spark/data_inference/Hugo_Chavez/Hugo_Chavez_0066_face_3.jpg
Hugo_Chavez,/Users/taufiq/workspace/infran-spark/data_inference/Hugo_Chavez/Hugo_Chavez_0066_face_2.jpg
Hugo_Chavez,/Users/taufiq/workspace/infran-spark/data_inference/Hugo_Chavez/Hugo_Chavez_0066_face_1.jpg
Hugo_Chavez,/Users/taufiq/workspace/infran-spark/data_inference/Hugo_Chavez/Hugo_Chavez_0033_face_2.jpg
Hugo_Chavez,/Users/taufiq/workspace/infran-spark/data_inference/Hugo_Chavez/Hugo_Chavez_0033_face_1.jpg
Hugo_Chavez,/Users/taufiq/workspace/infran-spark/data_inference/Hugo_Chavez/Hugo_Chavez_0047_face_2.jpg
Hugo_Chavez,/Users/taufiq/workspace/infran-spark/data_inference/Hugo_Chavez/Hugo_Chavez_0047_face_1.jpg
Hugo_Chavez,/Users/taufiq/workspace/infran-spark/data_inference/Hugo_Chavez/Hugo_Chavez_0064_face_2.jpg
Hugo_Chavez,/Users/taufiq/workspace/infran-spark/data_inference/Hugo_Chavez/Hugo_Chavez_0064_face_1.jpg
Hugo_Conte,/Users/taufiq/workspace/infran-spark/data_inference/Hugo_Conte/Hugo_Conte_0001_face_2.jpg
Hugo_Conte,/Users/taufiq/workspace/infran-spark/data_inference/Hugo_Conte/Hugo_Conte_0001_face_3.jpg
Hugo_Conte,/Users/taufiq/workspace/infran-spark/data_inference/Hugo_Conte/Hugo_Conte_0001_face_1.jpg
Hunter_Bates,/Users/taufiq/workspace/infran-spark/data_inference/Hunter_Bates/Hunter_Bates_0001_face_2.jpg
Hunter_Bates,/Users/taufiq/workspace/infran-spark/data_inference/Hunter_Bates/Hunter_Bates_0001_face_1.jpg
Iain_Duncan_Smith,/Users/taufiq/workspace/infran-spark/data_inference/Iain_Duncan_Smith/Iain_Duncan_Smith_0001_face_2.jpg
Iain_Duncan_Smith,/Users/taufiq/workspace/infran-spark/data_inference/Iain_Duncan_Smith/Iain_Duncan_Smith_0001_face_3.jpg
Iain_Duncan_Smith,/Users/taufiq/workspace/infran-spark/data_inference/Iain_Duncan_Smith/Iain_Duncan_Smith_0001_face_1.jpg
Ian_McKellen,/Users/taufiq/workspace/infran-spark/data_inference/Ian_McKellen/Ian_McKellen_0002_face_2.jpg
Ian_McKellen,/Users/taufiq/workspace/infran-spark/data_inference/Ian_McKellen/Ian_McKellen_0002_face_1.jpg
Ian_McKellen,/Users/taufiq/workspace/infran-spark/data_inference/Ian_McKellen/Ian_McKellen_0001_face_2.jpg
Ian_McKellen,/Users/taufiq/workspace/infran-spark/data_inference/Ian_McKellen/Ian_McKellen_0001_face_3.jpg
Ian_McKellen,/Users/taufiq/workspace/infran-spark/data_inference/Ian_McKellen/Ian_McKellen_0001_face_1.jpg
Ibrahim_Jaafari,/Users/taufiq/workspace/infran-spark/data_inference/Ibrahim_Jaafari/Ibrahim_Jaafari_0001_face_1.jpg
Ibrahim_Jaafari,/Users/taufiq/workspace/infran-spark/data_inference/Ibrahim_Jaafari/Ibrahim_Jaafari_0001_face_2.jpg
Igor_Ivanov,/Users/taufiq/workspace/infran-spark/data_inference/Igor_Ivanov/Igor_Ivanov_0008_face_2.jpg
Igor_Ivanov,/Users/taufiq/workspace/infran-spark/data_inference/Igor_Ivanov/Igor_Ivanov_0008_face_1.jpg
Igor_Ivanov,/Users/taufiq/workspace/infran-spark/data_inference/Igor_Ivanov/Igor_Ivanov_0014_face_2.jpg
Igor_Ivanov,/Users/taufiq/workspace/infran-spark/data_inference/Igor_Ivanov/Igor_Ivanov_0014_face_1.jpg
Igor_Ivanov,/Users/taufiq/workspace/infran-spark/data_inference/Igor_Ivanov/Igor_Ivanov_0007_face_1.jpg
Igor_Ivanov,/Users/taufiq/workspace/infran-spark/data_inference/Igor_Ivanov/Igor_Ivanov_0007_face_2.jpg
Igor_Ivanov,/Users/taufiq/workspace/infran-spark/data_inference/Igor_Ivanov/Igor_Ivanov_0009_face_2.jpg
Igor_Ivanov,/Users/taufiq/workspace/infran-spark/data_inference/Igor_Ivanov/Igor_Ivanov_0009_face_1.jpg
Igor_Ivanov,/Users/taufiq/workspace/infran-spark/data_inference/Igor_Ivanov/Igor_Ivanov_0001_face_2.jpg
Igor_Ivanov,/Users/taufiq/workspace/infran-spark/data_inference/Igor_Ivanov/Igor_Ivanov_0001_face_1.jpg
Igor_Ivanov,/Users/taufiq/workspace/infran-spark/data_inference/Igor_Ivanov/Igor_Ivanov_0017_face_2.jpg
Igor_Ivanov,/Users/taufiq/workspace/infran-spark/data_inference/Igor_Ivanov/Igor_Ivanov_0017_face_1.jpg
Igor_Ivanov,/Users/taufiq/workspace/infran-spark/data_inference/Igor_Ivanov/Igor_Ivanov_0012_face_1.jpg
Igor_Ivanov,/Users/taufiq/workspace/infran-spark/data_inference/Igor_Ivanov/Igor_Ivanov_0012_face_2.jpg
Igor_Trunov,/Users/taufiq/workspace/infran-spark/data_inference/Igor_Trunov/Igor_Trunov_0001_face_1.jpg
Igor_Trunov,/Users/taufiq/workspace/infran-spark/data_inference/Igor_Trunov/Igor_Trunov_0001_face_2.jpg
Imam_Samudra,/Users/taufiq/workspace/infran-spark/data_inference/Imam_Samudra/Imam_Samudra_0001_face_1.jpg
Imam_Samudra,/Users/taufiq/workspace/infran-spark/data_inference/Imam_Samudra/Imam_Samudra_0001_face_2.jpg
Imran_Khan,/Users/taufiq/workspace/infran-spark/data_inference/Imran_Khan/Imran_Khan_0001_face_2.jpg
Imran_Khan,/Users/taufiq/workspace/infran-spark/data_inference/Imran_Khan/Imran_Khan_0001_face_1.jpg
Inocencio_Arias,/Users/taufiq/workspace/infran-spark/data_inference/Inocencio_Arias/Inocencio_Arias_0001_face_2.jpg
Inocencio_Arias,/Users/taufiq/workspace/infran-spark/data_inference/Inocencio_Arias/Inocencio_Arias_0001_face_1.jpg
Intisar_Ajouri,/Users/taufiq/workspace/infran-spark/data_inference/Intisar_Ajouri/Intisar_Ajouri_0002_face_1.jpg
Intisar_Ajouri,/Users/taufiq/workspace/infran-spark/data_inference/Intisar_Ajouri/Intisar_Ajouri_0002_face_2.jpg
Isabella_Rossellini,/Users/taufiq/workspace/infran-spark/data_inference/Isabella_Rossellini/Isabella_Rossellini_0001_face_2.jpg
Isabella_Rossellini,/Users/taufiq/workspace/infran-spark/data_inference/Isabella_Rossellini/Isabella_Rossellini_0001_face_1.jpg
Isaiah_Washington,/Users/taufiq/workspace/infran-spark/data_inference/Isaiah_Washington/Isaiah_Washington_0001_face_2.jpg
Isaiah_Washington,/Users/taufiq/workspace/infran-spark/data_inference/Isaiah_Washington/Isaiah_Washington_0001_face_1.jpg
Ishaq_Shahryar,/Users/taufiq/workspace/infran-spark/data_inference/Ishaq_Shahryar/Ishaq_Shahryar_0001_face_2.jpg
Ishaq_Shahryar,/Users/taufiq/workspace/infran-spark/data_inference/Ishaq_Shahryar/Ishaq_Shahryar_0001_face_1.jpg
Ismail_Abu_Shanab,/Users/taufiq/workspace/infran-spark/data_inference/Ismail_Abu_Shanab/Ismail_Abu_Shanab_0001_face_2.jpg
Ismail_Abu_Shanab,/Users/taufiq/workspace/infran-spark/data_inference/Ismail_Abu_Shanab/Ismail_Abu_Shanab_0001_face_1.jpg
Ismail_Cem,/Users/taufiq/workspace/infran-spark/data_inference/Ismail_Cem/Ismail_Cem_0001_face_2.jpg
Ismail_Cem,/Users/taufiq/workspace/infran-spark/data_inference/Ismail_Cem/Ismail_Cem_0001_face_3.jpg
Ismail_Cem,/Users/taufiq/workspace/infran-spark/data_inference/Ismail_Cem/Ismail_Cem_0001_face_1.jpg
Ivo_Dubs,/Users/taufiq/workspace/infran-spark/data_inference/Ivo_Dubs/Ivo_Dubs_0001_face_1.jpg
Ivo_Dubs,/Users/taufiq/workspace/infran-spark/data_inference/Ivo_Dubs/Ivo_Dubs_0001_face_2.jpg
JC_Chasez,/Users/taufiq/workspace/infran-spark/data_inference/JC_Chasez/JC_Chasez_0001_face_1.jpg
JC_Chasez,/Users/taufiq/workspace/infran-spark/data_inference/JC_Chasez/JC_Chasez_0001_face_2.jpg
JJ_Redick,/Users/taufiq/workspace/infran-spark/data_inference/JJ_Redick/JJ_Redick_0001_face_1.jpg
JJ_Redick,/Users/taufiq/workspace/infran-spark/data_inference/JJ_Redick/JJ_Redick_0001_face_2.jpg
JJ_Redick,/Users/taufiq/workspace/infran-spark/data_inference/JJ_Redick/JJ_Redick_0002_face_1.jpg
JJ_Redick,/Users/taufiq/workspace/infran-spark/data_inference/JJ_Redick/JJ_Redick_0002_face_2.jpg
JP_Suarez,/Users/taufiq/workspace/infran-spark/data_inference/JP_Suarez/JP_Suarez_0001_face_1.jpg
JP_Suarez,/Users/taufiq/workspace/infran-spark/data_inference/JP_Suarez/JP_Suarez_0001_face_2.jpg
Jack_Grubman,/Users/taufiq/workspace/infran-spark/data_inference/Jack_Grubman/Jack_Grubman_0001_face_1.jpg
Jack_Grubman,/Users/taufiq/workspace/infran-spark/data_inference/Jack_Grubman/Jack_Grubman_0001_face_2.jpg
Jack_Osbourne,/Users/taufiq/workspace/infran-spark/data_inference/Jack_Osbourne/Jack_Osbourne_0001_face_2.jpg
Jack_Osbourne,/Users/taufiq/workspace/infran-spark/data_inference/Jack_Osbourne/Jack_Osbourne_0001_face_1.jpg
Jack_Straw,/Users/taufiq/workspace/infran-spark/data_inference/Jack_Straw/Jack_Straw_0009_face_1.jpg
Jack_Straw,/Users/taufiq/workspace/infran-spark/data_inference/Jack_Straw/Jack_Straw_0009_face_2.jpg
Jack_Straw,/Users/taufiq/workspace/infran-spark/data_inference/Jack_Straw/Jack_Straw_0003_face_1.jpg
Jack_Straw,/Users/taufiq/workspace/infran-spark/data_inference/Jack_Straw/Jack_Straw_0003_face_2.jpg
Jackie_Chan,/Users/taufiq/workspace/infran-spark/data_inference/Jackie_Chan/Jackie_Chan_0005_face_2.jpg
Jackie_Chan,/Users/taufiq/workspace/infran-spark/data_inference/Jackie_Chan/Jackie_Chan_0005_face_3.jpg
Jackie_Chan,/Users/taufiq/workspace/infran-spark/data_inference/Jackie_Chan/Jackie_Chan_0005_face_1.jpg
Jackie_Chan,/Users/taufiq/workspace/infran-spark/data_inference/Jackie_Chan/Jackie_Chan_0004_face_2.jpg
Jackie_Chan,/Users/taufiq/workspace/infran-spark/data_inference/Jackie_Chan/Jackie_Chan_0004_face_1.jpg
Jackie_Chan,/Users/taufiq/workspace/infran-spark/data_inference/Jackie_Chan/Jackie_Chan_0009_face_1.jpg
Jackie_Chan,/Users/taufiq/workspace/infran-spark/data_inference/Jackie_Chan/Jackie_Chan_0009_face_2.jpg
Jackie_Dennis,/Users/taufiq/workspace/infran-spark/data_inference/Jackie_Dennis/Jackie_Dennis_0001_face_2.jpg
Jackie_Dennis,/Users/taufiq/workspace/infran-spark/data_inference/Jackie_Dennis/Jackie_Dennis_0001_face_3.jpg
Jackie_Dennis,/Users/taufiq/workspace/infran-spark/data_inference/Jackie_Dennis/Jackie_Dennis_0001_face_1.jpg
Jacques_Chirac,/Users/taufiq/workspace/infran-spark/data_inference/Jacques_Chirac/Jacques_Chirac_0046_face_2.jpg
Jacques_Chirac,/Users/taufiq/workspace/infran-spark/data_inference/Jacques_Chirac/Jacques_Chirac_0046_face_1.jpg
Jacques_Chirac,/Users/taufiq/workspace/infran-spark/data_inference/Jacques_Chirac/Jacques_Chirac_0023_face_1.jpg
Jacques_Chirac,/Users/taufiq/workspace/infran-spark/data_inference/Jacques_Chirac/Jacques_Chirac_0023_face_2.jpg
Jacques_Chirac,/Users/taufiq/workspace/infran-spark/data_inference/Jacques_Chirac/Jacques_Chirac_0011_face_2.jpg
Jacques_Chirac,/Users/taufiq/workspace/infran-spark/data_inference/Jacques_Chirac/Jacques_Chirac_0011_face_1.jpg
Jacques_Chirac,/Users/taufiq/workspace/infran-spark/data_inference/Jacques_Chirac/Jacques_Chirac_0027_face_2.jpg
Jacques_Chirac,/Users/taufiq/workspace/infran-spark/data_inference/Jacques_Chirac/Jacques_Chirac_0027_face_1.jpg
Jacques_Rogge,/Users/taufiq/workspace/infran-spark/data_inference/Jacques_Rogge/Jacques_Rogge_0004_face_2.jpg
Jacques_Rogge,/Users/taufiq/workspace/infran-spark/data_inference/Jacques_Rogge/Jacques_Rogge_0004_face_1.jpg
Jada_Pinkett_Smith,/Users/taufiq/workspace/infran-spark/data_inference/Jada_Pinkett_Smith/Jada_Pinkett_Smith_0001_face_1.jpg
Jada_Pinkett_Smith,/Users/taufiq/workspace/infran-spark/data_inference/Jada_Pinkett_Smith/Jada_Pinkett_Smith_0001_face_2.jpg
Jade_Jagger,/Users/taufiq/workspace/infran-spark/data_inference/Jade_Jagger/Jade_Jagger_0001_face_2.jpg
Jade_Jagger,/Users/taufiq/workspace/infran-spark/data_inference/Jade_Jagger/Jade_Jagger_0001_face_1.jpg
James_Barksdale,/Users/taufiq/workspace/infran-spark/data_inference/James_Barksdale/James_Barksdale_0001_face_1.jpg
James_Barksdale,/Users/taufiq/workspace/infran-spark/data_inference/James_Barksdale/James_Barksdale_0001_face_2.jpg
James_Butts,/Users/taufiq/workspace/infran-spark/data_inference/James_Butts/James_Butts_0001_face_2.jpg
James_Butts,/Users/taufiq/workspace/infran-spark/data_inference/James_Butts/James_Butts_0001_face_1.jpg
James_Cameron,/Users/taufiq/workspace/infran-spark/data_inference/James_Cameron/James_Cameron_0003_face_1.jpg
James_Cameron,/Users/taufiq/workspace/infran-spark/data_inference/James_Cameron/James_Cameron_0003_face_2.jpg
James_Franco,/Users/taufiq/workspace/infran-spark/data_inference/James_Franco/James_Franco_0002_face_1.jpg
James_Franco,/Users/taufiq/workspace/infran-spark/data_inference/James_Franco/James_Franco_0002_face_2.jpg
James_Ivory,/Users/taufiq/workspace/infran-spark/data_inference/James_Ivory/James_Ivory_0001_face_3.jpg
James_Ivory,/Users/taufiq/workspace/infran-spark/data_inference/James_Ivory/James_Ivory_0001_face_2.jpg
James_Ivory,/Users/taufiq/workspace/infran-spark/data_inference/James_Ivory/James_Ivory_0001_face_1.jpg
James_Ivory,/Users/taufiq/workspace/infran-spark/data_inference/James_Ivory/James_Ivory_0002_face_2.jpg
James_Ivory,/Users/taufiq/workspace/infran-spark/data_inference/James_Ivory/James_Ivory_0002_face_1.jpg
James_Mathis,/Users/taufiq/workspace/infran-spark/data_inference/James_Mathis/James_Mathis_0001_face_1.jpg
James_Mathis,/Users/taufiq/workspace/infran-spark/data_inference/James_Mathis/James_Mathis_0001_face_2.jpg
James_May,/Users/taufiq/workspace/infran-spark/data_inference/James_May/James_May_0001_face_1.jpg
James_May,/Users/taufiq/workspace/infran-spark/data_inference/James_May/James_May_0001_face_2.jpg
James_McGreevey,/Users/taufiq/workspace/infran-spark/data_inference/James_McGreevey/James_McGreevey_0003_face_1.jpg
James_McGreevey,/Users/taufiq/workspace/infran-spark/data_inference/James_McGreevey/James_McGreevey_0003_face_2.jpg
James_Smith,/Users/taufiq/workspace/infran-spark/data_inference/James_Smith/James_Smith_0002_face_2.jpg
James_Smith,/Users/taufiq/workspace/infran-spark/data_inference/James_Smith/James_Smith_0002_face_1.jpg
Jamie_Lee_Curtis,/Users/taufiq/workspace/infran-spark/data_inference/Jamie_Lee_Curtis/Jamie_Lee_Curtis_0001_face_1.jpg
Jamie_Lee_Curtis,/Users/taufiq/workspace/infran-spark/data_inference/Jamie_Lee_Curtis/Jamie_Lee_Curtis_0001_face_2.jpg
Jamie_Martin,/Users/taufiq/workspace/infran-spark/data_inference/Jamie_Martin/Jamie_Martin_0001_face_2.jpg
Jamie_Martin,/Users/taufiq/workspace/infran-spark/data_inference/Jamie_Martin/Jamie_Martin_0001_face_1.jpg
Jamling_Norgay,/Users/taufiq/workspace/infran-spark/data_inference/Jamling_Norgay/Jamling_Norgay_0002_face_2.jpg
Jamling_Norgay,/Users/taufiq/workspace/infran-spark/data_inference/Jamling_Norgay/Jamling_Norgay_0002_face_1.jpg
Jan_De_Bont,/Users/taufiq/workspace/infran-spark/data_inference/Jan_De_Bont/Jan_De_Bont_0001_face_2.jpg
Jan_De_Bont,/Users/taufiq/workspace/infran-spark/data_inference/Jan_De_Bont/Jan_De_Bont_0001_face_1.jpg
Jan_Paul_Miller,/Users/taufiq/workspace/infran-spark/data_inference/Jan_Paul_Miller/Jan_Paul_Miller_0001_face_2.jpg
Jan_Paul_Miller,/Users/taufiq/workspace/infran-spark/data_inference/Jan_Paul_Miller/Jan_Paul_Miller_0001_face_1.jpg
Jane_Menelaus,/Users/taufiq/workspace/infran-spark/data_inference/Jane_Menelaus/Jane_Menelaus_0001_face_2.jpg
Jane_Menelaus,/Users/taufiq/workspace/infran-spark/data_inference/Jane_Menelaus/Jane_Menelaus_0001_face_1.jpg
Jane_Russell,/Users/taufiq/workspace/infran-spark/data_inference/Jane_Russell/Jane_Russell_0001_face_2.jpg
Jane_Russell,/Users/taufiq/workspace/infran-spark/data_inference/Jane_Russell/Jane_Russell_0001_face_1.jpg
Janet_Leigh,/Users/taufiq/workspace/infran-spark/data_inference/Janet_Leigh/Janet_Leigh_0001_face_1.jpg
Janet_Leigh,/Users/taufiq/workspace/infran-spark/data_inference/Janet_Leigh/Janet_Leigh_0001_face_2.jpg
Janet_Napolitano,/Users/taufiq/workspace/infran-spark/data_inference/Janet_Napolitano/Janet_Napolitano_0003_face_1.jpg
Janet_Napolitano,/Users/taufiq/workspace/infran-spark/data_inference/Janet_Napolitano/Janet_Napolitano_0003_face_2.jpg
Jason_Kidd,/Users/taufiq/workspace/infran-spark/data_inference/Jason_Kidd/Jason_Kidd_0009_face_2.jpg
Jason_Kidd,/Users/taufiq/workspace/infran-spark/data_inference/Jason_Kidd/Jason_Kidd_0009_face_3.jpg
Jason_Kidd,/Users/taufiq/workspace/infran-spark/data_inference/Jason_Kidd/Jason_Kidd_0009_face_1.jpg
Jason_Kidd,/Users/taufiq/workspace/infran-spark/data_inference/Jason_Kidd/Jason_Kidd_0003_face_2.jpg
Jason_Kidd,/Users/taufiq/workspace/infran-spark/data_inference/Jason_Kidd/Jason_Kidd_0003_face_1.jpg
Jason_Statham,/Users/taufiq/workspace/infran-spark/data_inference/Jason_Statham/Jason_Statham_0001_face_2.jpg
Jason_Statham,/Users/taufiq/workspace/infran-spark/data_inference/Jason_Statham/Jason_Statham_0001_face_1.jpg
Javier_Solana,/Users/taufiq/workspace/infran-spark/data_inference/Javier_Solana/Javier_Solana_0001_face_2.jpg
Javier_Solana,/Users/taufiq/workspace/infran-spark/data_inference/Javier_Solana/Javier_Solana_0001_face_3.jpg
Javier_Solana,/Users/taufiq/workspace/infran-spark/data_inference/Javier_Solana/Javier_Solana_0001_face_1.jpg
Javier_Solana,/Users/taufiq/workspace/infran-spark/data_inference/Javier_Solana/Javier_Solana_0007_face_1.jpg
Javier_Solana,/Users/taufiq/workspace/infran-spark/data_inference/Javier_Solana/Javier_Solana_0007_face_3.jpg
Javier_Solana,/Users/taufiq/workspace/infran-spark/data_inference/Javier_Solana/Javier_Solana_0007_face_2.jpg
Javier_Weber,/Users/taufiq/workspace/infran-spark/data_inference/Javier_Weber/Javier_Weber_0001_face_2.jpg
Javier_Weber,/Users/taufiq/workspace/infran-spark/data_inference/Javier_Weber/Javier_Weber_0001_face_1.jpg
Jawad_Boulus,/Users/taufiq/workspace/infran-spark/data_inference/Jawad_Boulus/Jawad_Boulus_0001_face_1.jpg
Jawad_Boulus,/Users/taufiq/workspace/infran-spark/data_inference/Jawad_Boulus/Jawad_Boulus_0001_face_2.jpg
Jean-Claude_Braquet,/Users/taufiq/workspace/infran-spark/data_inference/Jean-Claude_Braquet/Jean-Claude_Braquet_0001_face_2.jpg
Jean-Claude_Braquet,/Users/taufiq/workspace/infran-spark/data_inference/Jean-Claude_Braquet/Jean-Claude_Braquet_0001_face_1.jpg
Jean-Claude_Trichet,/Users/taufiq/workspace/infran-spark/data_inference/Jean-Claude_Trichet/Jean-Claude_Trichet_0002_face_1.jpg
Jean-Claude_Trichet,/Users/taufiq/workspace/infran-spark/data_inference/Jean-Claude_Trichet/Jean-Claude_Trichet_0002_face_2.jpg
Jean-Claude_Trichet,/Users/taufiq/workspace/infran-spark/data_inference/Jean-Claude_Trichet/Jean-Claude_Trichet_0002_face_3.jpg
Jean-Claude_Trichet,/Users/taufiq/workspace/infran-spark/data_inference/Jean-Claude_Trichet/Jean-Claude_Trichet_0002_face_4.jpg
Jean-Claude_Van_Damme,/Users/taufiq/workspace/infran-spark/data_inference/Jean-Claude_Van_Damme/Jean-Claude_Van_Damme_0001_face_2.jpg
Jean-Claude_Van_Damme,/Users/taufiq/workspace/infran-spark/data_inference/Jean-Claude_Van_Damme/Jean-Claude_Van_Damme_0001_face_1.jpg
Jean-David_Levitte,/Users/taufiq/workspace/infran-spark/data_inference/Jean-David_Levitte/Jean-David_Levitte_0003_face_2.jpg
Jean-David_Levitte,/Users/taufiq/workspace/infran-spark/data_inference/Jean-David_Levitte/Jean-David_Levitte_0003_face_1.jpg
Jean-David_Levitte,/Users/taufiq/workspace/infran-spark/data_inference/Jean-David_Levitte/Jean-David_Levitte_0007_face_4.jpg
Jean-David_Levitte,/Users/taufiq/workspace/infran-spark/data_inference/Jean-David_Levitte/Jean-David_Levitte_0007_face_1.jpg
Jean-David_Levitte,/Users/taufiq/workspace/infran-spark/data_inference/Jean-David_Levitte/Jean-David_Levitte_0007_face_2.jpg
Jean-David_Levitte,/Users/taufiq/workspace/infran-spark/data_inference/Jean-David_Levitte/Jean-David_Levitte_0007_face_3.jpg
Jean-Luc_Bideau,/Users/taufiq/workspace/infran-spark/data_inference/Jean-Luc_Bideau/Jean-Luc_Bideau_0001_face_3.jpg
Jean-Luc_Bideau,/Users/taufiq/workspace/infran-spark/data_inference/Jean-Luc_Bideau/Jean-Luc_Bideau_0001_face_2.jpg
Jean-Luc_Bideau,/Users/taufiq/workspace/infran-spark/data_inference/Jean-Luc_Bideau/Jean-Luc_Bideau_0001_face_1.jpg
Jean-Marc_de_La_Sabliere,/Users/taufiq/workspace/infran-spark/data_inference/Jean-Marc_de_La_Sabliere/Jean-Marc_de_La_Sabliere_0002_face_1.jpg
Jean-Marc_de_La_Sabliere,/Users/taufiq/workspace/infran-spark/data_inference/Jean-Marc_de_La_Sabliere/Jean-Marc_de_La_Sabliere_0002_face_3.jpg
Jean-Marc_de_La_Sabliere,/Users/taufiq/workspace/infran-spark/data_inference/Jean-Marc_de_La_Sabliere/Jean-Marc_de_La_Sabliere_0002_face_2.jpg
Jean_Charest,/Users/taufiq/workspace/infran-spark/data_inference/Jean_Charest/Jean_Charest_0001_face_1.jpg
Jean_Charest,/Users/taufiq/workspace/infran-spark/data_inference/Jean_Charest/Jean_Charest_0001_face_2.jpg
Jean_Charest,/Users/taufiq/workspace/infran-spark/data_inference/Jean_Charest/Jean_Charest_0004_face_2.jpg
Jean_Charest,/Users/taufiq/workspace/infran-spark/data_inference/Jean_Charest/Jean_Charest_0004_face_3.jpg
Jean_Charest,/Users/taufiq/workspace/infran-spark/data_inference/Jean_Charest/Jean_Charest_0004_face_1.jpg
Jean_Charest,/Users/taufiq/workspace/infran-spark/data_inference/Jean_Charest/Jean_Charest_0005_face_2.jpg
Jean_Charest,/Users/taufiq/workspace/infran-spark/data_inference/Jean_Charest/Jean_Charest_0005_face_3.jpg
Jean_Charest,/Users/taufiq/workspace/infran-spark/data_inference/Jean_Charest/Jean_Charest_0005_face_1.jpg
Jean_Chretien,/Users/taufiq/workspace/infran-spark/data_inference/Jean_Chretien/Jean_Chretien_0008_face_1.jpg
Jean_Chretien,/Users/taufiq/workspace/infran-spark/data_inference/Jean_Chretien/Jean_Chretien_0008_face_2.jpg
Jean_Chretien,/Users/taufiq/workspace/infran-spark/data_inference/Jean_Chretien/Jean_Chretien_0005_face_2.jpg
Jean_Chretien,/Users/taufiq/workspace/infran-spark/data_inference/Jean_Chretien/Jean_Chretien_0005_face_1.jpg
Jean_Chretien,/Users/taufiq/workspace/infran-spark/data_inference/Jean_Chretien/Jean_Chretien_0019_face_2.jpg
Jean_Chretien,/Users/taufiq/workspace/infran-spark/data_inference/Jean_Chretien/Jean_Chretien_0019_face_1.jpg
Jean_Chretien,/Users/taufiq/workspace/infran-spark/data_inference/Jean_Chretien/Jean_Chretien_0055_face_1.jpg
Jean_Chretien,/Users/taufiq/workspace/infran-spark/data_inference/Jean_Chretien/Jean_Chretien_0055_face_2.jpg
Jean_Chretien,/Users/taufiq/workspace/infran-spark/data_inference/Jean_Chretien/Jean_Chretien_0016_face_1.jpg
Jean_Chretien,/Users/taufiq/workspace/infran-spark/data_inference/Jean_Chretien/Jean_Chretien_0016_face_2.jpg
Jean_Chretien,/Users/taufiq/workspace/infran-spark/data_inference/Jean_Chretien/Jean_Chretien_0013_face_2.jpg
Jean_Chretien,/Users/taufiq/workspace/infran-spark/data_inference/Jean_Chretien/Jean_Chretien_0013_face_1.jpg
Jean_Chretien,/Users/taufiq/workspace/infran-spark/data_inference/Jean_Chretien/Jean_Chretien_0015_face_1.jpg
Jean_Chretien,/Users/taufiq/workspace/infran-spark/data_inference/Jean_Chretien/Jean_Chretien_0015_face_2.jpg
Jean_Todt,/Users/taufiq/workspace/infran-spark/data_inference/Jean_Todt/Jean_Todt_0001_face_3.jpg
Jean_Todt,/Users/taufiq/workspace/infran-spark/data_inference/Jean_Todt/Jean_Todt_0001_face_2.jpg
Jean_Todt,/Users/taufiq/workspace/infran-spark/data_inference/Jean_Todt/Jean_Todt_0001_face_1.jpg
Jeanne_Moreau,/Users/taufiq/workspace/infran-spark/data_inference/Jeanne_Moreau/Jeanne_Moreau_0002_face_1.jpg
Jeanne_Moreau,/Users/taufiq/workspace/infran-spark/data_inference/Jeanne_Moreau/Jeanne_Moreau_0002_face_2.jpg
Jeanne_Moreau,/Users/taufiq/workspace/infran-spark/data_inference/Jeanne_Moreau/Jeanne_Moreau_0001_face_4.jpg
Jeanne_Moreau,/Users/taufiq/workspace/infran-spark/data_inference/Jeanne_Moreau/Jeanne_Moreau_0001_face_1.jpg
Jeanne_Moreau,/Users/taufiq/workspace/infran-spark/data_inference/Jeanne_Moreau/Jeanne_Moreau_0001_face_2.jpg
Jeanne_Moreau,/Users/taufiq/workspace/infran-spark/data_inference/Jeanne_Moreau/Jeanne_Moreau_0001_face_3.jpg
Jeb_Bush,/Users/taufiq/workspace/infran-spark/data_inference/Jeb_Bush/Jeb_Bush_0010_face_1.jpg
Jeb_Bush,/Users/taufiq/workspace/infran-spark/data_inference/Jeb_Bush/Jeb_Bush_0010_face_2.jpg
Jeff_Roehm,/Users/taufiq/workspace/infran-spark/data_inference/Jeff_Roehm/Jeff_Roehm_0001_face_1.jpg
Jeff_Roehm,/Users/taufiq/workspace/infran-spark/data_inference/Jeff_Roehm/Jeff_Roehm_0001_face_2.jpg
Jeffrey_Archer,/Users/taufiq/workspace/infran-spark/data_inference/Jeffrey_Archer/Jeffrey_Archer_0002_face_2.jpg
Jeffrey_Archer,/Users/taufiq/workspace/infran-spark/data_inference/Jeffrey_Archer/Jeffrey_Archer_0002_face_1.jpg
Jennette_Bradley,/Users/taufiq/workspace/infran-spark/data_inference/Jennette_Bradley/Jennette_Bradley_0001_face_2.jpg
Jennette_Bradley,/Users/taufiq/workspace/infran-spark/data_inference/Jennette_Bradley/Jennette_Bradley_0001_face_1.jpg
Jennifer_Aniston,/Users/taufiq/workspace/infran-spark/data_inference/Jennifer_Aniston/Jennifer_Aniston_0015_face_2.jpg
Jennifer_Aniston,/Users/taufiq/workspace/infran-spark/data_inference/Jennifer_Aniston/Jennifer_Aniston_0015_face_1.jpg
Jennifer_Garner,/Users/taufiq/workspace/infran-spark/data_inference/Jennifer_Garner/Jennifer_Garner_0007_face_3.jpg
Jennifer_Garner,/Users/taufiq/workspace/infran-spark/data_inference/Jennifer_Garner/Jennifer_Garner_0007_face_2.jpg
Jennifer_Garner,/Users/taufiq/workspace/infran-spark/data_inference/Jennifer_Garner/Jennifer_Garner_0007_face_1.jpg
Jennifer_Garner,/Users/taufiq/workspace/infran-spark/data_inference/Jennifer_Garner/Jennifer_Garner_0012_face_2.jpg
Jennifer_Garner,/Users/taufiq/workspace/infran-spark/data_inference/Jennifer_Garner/Jennifer_Garner_0012_face_1.jpg
Jennifer_Garner,/Users/taufiq/workspace/infran-spark/data_inference/Jennifer_Garner/Jennifer_Garner_0003_face_1.jpg
Jennifer_Garner,/Users/taufiq/workspace/infran-spark/data_inference/Jennifer_Garner/Jennifer_Garner_0003_face_2.jpg
Jennifer_Garner,/Users/taufiq/workspace/infran-spark/data_inference/Jennifer_Garner/Jennifer_Garner_0001_face_1.jpg
Jennifer_Garner,/Users/taufiq/workspace/infran-spark/data_inference/Jennifer_Garner/Jennifer_Garner_0001_face_2.jpg
Jennifer_Garner,/Users/taufiq/workspace/infran-spark/data_inference/Jennifer_Garner/Jennifer_Garner_0001_face_3.jpg
Jennifer_Lopez,/Users/taufiq/workspace/infran-spark/data_inference/Jennifer_Lopez/Jennifer_Lopez_0007_face_2.jpg
Jennifer_Lopez,/Users/taufiq/workspace/infran-spark/data_inference/Jennifer_Lopez/Jennifer_Lopez_0007_face_1.jpg
Jennifer_Lopez,/Users/taufiq/workspace/infran-spark/data_inference/Jennifer_Lopez/Jennifer_Lopez_0020_face_1.jpg
Jennifer_Lopez,/Users/taufiq/workspace/infran-spark/data_inference/Jennifer_Lopez/Jennifer_Lopez_0020_face_2.jpg
Jennifer_Lopez,/Users/taufiq/workspace/infran-spark/data_inference/Jennifer_Lopez/Jennifer_Lopez_0010_face_2.jpg
Jennifer_Lopez,/Users/taufiq/workspace/infran-spark/data_inference/Jennifer_Lopez/Jennifer_Lopez_0010_face_1.jpg
Jennifer_McCoy,/Users/taufiq/workspace/infran-spark/data_inference/Jennifer_McCoy/Jennifer_McCoy_0001_face_2.jpg
Jennifer_McCoy,/Users/taufiq/workspace/infran-spark/data_inference/Jennifer_McCoy/Jennifer_McCoy_0001_face_1.jpg
Jeong_Se-hyun,/Users/taufiq/workspace/infran-spark/data_inference/Jeong_Se-hyun/Jeong_Se-hyun_0009_face_1.jpg
Jeong_Se-hyun,/Users/taufiq/workspace/infran-spark/data_inference/Jeong_Se-hyun/Jeong_Se-hyun_0009_face_2.jpg
Jeong_Se-hyun,/Users/taufiq/workspace/infran-spark/data_inference/Jeong_Se-hyun/Jeong_Se-hyun_0004_face_2.jpg
Jeong_Se-hyun,/Users/taufiq/workspace/infran-spark/data_inference/Jeong_Se-hyun/Jeong_Se-hyun_0004_face_1.jpg
Jeremy_Greenstock,/Users/taufiq/workspace/infran-spark/data_inference/Jeremy_Greenstock/Jeremy_Greenstock_0005_face_1.jpg
Jeremy_Greenstock,/Users/taufiq/workspace/infran-spark/data_inference/Jeremy_Greenstock/Jeremy_Greenstock_0005_face_2.jpg
Jeremy_Greenstock,/Users/taufiq/workspace/infran-spark/data_inference/Jeremy_Greenstock/Jeremy_Greenstock_0012_face_1.jpg
Jeremy_Greenstock,/Users/taufiq/workspace/infran-spark/data_inference/Jeremy_Greenstock/Jeremy_Greenstock_0012_face_2.jpg
Jeremy_Greenstock,/Users/taufiq/workspace/infran-spark/data_inference/Jeremy_Greenstock/Jeremy_Greenstock_0003_face_2.jpg
Jeremy_Greenstock,/Users/taufiq/workspace/infran-spark/data_inference/Jeremy_Greenstock/Jeremy_Greenstock_0003_face_1.jpg
Jeremy_Greenstock,/Users/taufiq/workspace/infran-spark/data_inference/Jeremy_Greenstock/Jeremy_Greenstock_0001_face_2.jpg
Jeremy_Greenstock,/Users/taufiq/workspace/infran-spark/data_inference/Jeremy_Greenstock/Jeremy_Greenstock_0001_face_1.jpg
Jerry_Regier,/Users/taufiq/workspace/infran-spark/data_inference/Jerry_Regier/Jerry_Regier_0001_face_1.jpg
Jerry_Regier,/Users/taufiq/workspace/infran-spark/data_inference/Jerry_Regier/Jerry_Regier_0001_face_2.jpg
Jerry_Regier,/Users/taufiq/workspace/infran-spark/data_inference/Jerry_Regier/Jerry_Regier_0002_face_1.jpg
Jerry_Regier,/Users/taufiq/workspace/infran-spark/data_inference/Jerry_Regier/Jerry_Regier_0002_face_2.jpg
Jerry_Tarkanian,/Users/taufiq/workspace/infran-spark/data_inference/Jerry_Tarkanian/Jerry_Tarkanian_0001_face_2.jpg
Jerry_Tarkanian,/Users/taufiq/workspace/infran-spark/data_inference/Jerry_Tarkanian/Jerry_Tarkanian_0001_face_1.jpg
Jesse_Jackson,/Users/taufiq/workspace/infran-spark/data_inference/Jesse_Jackson/Jesse_Jackson_0002_face_2.jpg
Jesse_Jackson,/Users/taufiq/workspace/infran-spark/data_inference/Jesse_Jackson/Jesse_Jackson_0002_face_3.jpg
Jesse_Jackson,/Users/taufiq/workspace/infran-spark/data_inference/Jesse_Jackson/Jesse_Jackson_0002_face_1.jpg
Jesse_Jackson,/Users/taufiq/workspace/infran-spark/data_inference/Jesse_Jackson/Jesse_Jackson_0001_face_3.jpg
Jesse_Jackson,/Users/taufiq/workspace/infran-spark/data_inference/Jesse_Jackson/Jesse_Jackson_0001_face_2.jpg
Jesse_Jackson,/Users/taufiq/workspace/infran-spark/data_inference/Jesse_Jackson/Jesse_Jackson_0001_face_1.jpg
Jesse_Jackson,/Users/taufiq/workspace/infran-spark/data_inference/Jesse_Jackson/Jesse_Jackson_0003_face_2.jpg
Jesse_Jackson,/Users/taufiq/workspace/infran-spark/data_inference/Jesse_Jackson/Jesse_Jackson_0003_face_1.jpg
Jesse_Jackson,/Users/taufiq/workspace/infran-spark/data_inference/Jesse_Jackson/Jesse_Jackson_0006_face_1.jpg
Jesse_Jackson,/Users/taufiq/workspace/infran-spark/data_inference/Jesse_Jackson/Jesse_Jackson_0006_face_2.jpg
Jesse_Jackson,/Users/taufiq/workspace/infran-spark/data_inference/Jesse_Jackson/Jesse_Jackson_0006_face_3.jpg
Jesse_James_Leija,/Users/taufiq/workspace/infran-spark/data_inference/Jesse_James_Leija/Jesse_James_Leija_0002_face_2.jpg
Jesse_James_Leija,/Users/taufiq/workspace/infran-spark/data_inference/Jesse_James_Leija/Jesse_James_Leija_0002_face_1.jpg
Jesse_Ventura,/Users/taufiq/workspace/infran-spark/data_inference/Jesse_Ventura/Jesse_Ventura_0001_face_1.jpg
Jesse_Ventura,/Users/taufiq/workspace/infran-spark/data_inference/Jesse_Ventura/Jesse_Ventura_0001_face_3.jpg
Jesse_Ventura,/Users/taufiq/workspace/infran-spark/data_inference/Jesse_Ventura/Jesse_Ventura_0001_face_2.jpg
Jessica_Lange,/Users/taufiq/workspace/infran-spark/data_inference/Jessica_Lange/Jessica_Lange_0001_face_1.jpg
Jessica_Lange,/Users/taufiq/workspace/infran-spark/data_inference/Jessica_Lange/Jessica_Lange_0001_face_2.jpg
Jesus_Cardenal,/Users/taufiq/workspace/infran-spark/data_inference/Jesus_Cardenal/Jesus_Cardenal_0001_face_2.jpg
Jesus_Cardenal,/Users/taufiq/workspace/infran-spark/data_inference/Jesus_Cardenal/Jesus_Cardenal_0001_face_3.jpg
Jesus_Cardenal,/Users/taufiq/workspace/infran-spark/data_inference/Jesus_Cardenal/Jesus_Cardenal_0001_face_1.jpg
Jesus_Cardenal,/Users/taufiq/workspace/infran-spark/data_inference/Jesus_Cardenal/Jesus_Cardenal_0001_face_4.jpg
Jewel_Howard-Taylor,/Users/taufiq/workspace/infran-spark/data_inference/Jewel_Howard-Taylor/Jewel_Howard-Taylor_0001_face_3.jpg
Jewel_Howard-Taylor,/Users/taufiq/workspace/infran-spark/data_inference/Jewel_Howard-Taylor/Jewel_Howard-Taylor_0001_face_2.jpg
Jewel_Howard-Taylor,/Users/taufiq/workspace/infran-spark/data_inference/Jewel_Howard-Taylor/Jewel_Howard-Taylor_0001_face_1.jpg
Jiang_Zemin,/Users/taufiq/workspace/infran-spark/data_inference/Jiang_Zemin/Jiang_Zemin_0005_face_1.jpg
Jiang_Zemin,/Users/taufiq/workspace/infran-spark/data_inference/Jiang_Zemin/Jiang_Zemin_0005_face_2.jpg
Jiang_Zemin,/Users/taufiq/workspace/infran-spark/data_inference/Jiang_Zemin/Jiang_Zemin_0004_face_1.jpg
Jiang_Zemin,/Users/taufiq/workspace/infran-spark/data_inference/Jiang_Zemin/Jiang_Zemin_0004_face_2.jpg
Jim_Anderson,/Users/taufiq/workspace/infran-spark/data_inference/Jim_Anderson/Jim_Anderson_0001_face_2.jpg
Jim_Anderson,/Users/taufiq/workspace/infran-spark/data_inference/Jim_Anderson/Jim_Anderson_0001_face_1.jpg
Jim_Harrick,/Users/taufiq/workspace/infran-spark/data_inference/Jim_Harrick/Jim_Harrick_0002_face_2.jpg
Jim_Harrick,/Users/taufiq/workspace/infran-spark/data_inference/Jim_Harrick/Jim_Harrick_0002_face_1.jpg
Jim_Jeffords,/Users/taufiq/workspace/infran-spark/data_inference/Jim_Jeffords/Jim_Jeffords_0001_face_2.jpg
Jim_Jeffords,/Users/taufiq/workspace/infran-spark/data_inference/Jim_Jeffords/Jim_Jeffords_0001_face_1.jpg
Jim_Nochols,/Users/taufiq/workspace/infran-spark/data_inference/Jim_Nochols/Jim_Nochols_0001_face_1.jpg
Jim_Nochols,/Users/taufiq/workspace/infran-spark/data_inference/Jim_Nochols/Jim_Nochols_0001_face_2.jpg
Jim_Schwarz,/Users/taufiq/workspace/infran-spark/data_inference/Jim_Schwarz/Jim_Schwarz_0001_face_2.jpg
Jim_Schwarz,/Users/taufiq/workspace/infran-spark/data_inference/Jim_Schwarz/Jim_Schwarz_0001_face_1.jpg
Jim_Wall,/Users/taufiq/workspace/infran-spark/data_inference/Jim_Wall/Jim_Wall_0001_face_1.jpg
Jim_Wall,/Users/taufiq/workspace/infran-spark/data_inference/Jim_Wall/Jim_Wall_0001_face_2.jpg
Jim_Wessling,/Users/taufiq/workspace/infran-spark/data_inference/Jim_Wessling/Jim_Wessling_0001_face_2.jpg
Jim_Wessling,/Users/taufiq/workspace/infran-spark/data_inference/Jim_Wessling/Jim_Wessling_0001_face_3.jpg
Jim_Wessling,/Users/taufiq/workspace/infran-spark/data_inference/Jim_Wessling/Jim_Wessling_0001_face_1.jpg
Jim_Wong,/Users/taufiq/workspace/infran-spark/data_inference/Jim_Wong/Jim_Wong_0001_face_2.jpg
Jim_Wong,/Users/taufiq/workspace/infran-spark/data_inference/Jim_Wong/Jim_Wong_0001_face_1.jpg
Jimmy_Carter,/Users/taufiq/workspace/infran-spark/data_inference/Jimmy_Carter/Jimmy_Carter_0001_face_2.jpg
Jimmy_Carter,/Users/taufiq/workspace/infran-spark/data_inference/Jimmy_Carter/Jimmy_Carter_0001_face_1.jpg
Joan_Collins,/Users/taufiq/workspace/infran-spark/data_inference/Joan_Collins/Joan_Collins_0001_face_1.jpg
Joan_Collins,/Users/taufiq/workspace/infran-spark/data_inference/Joan_Collins/Joan_Collins_0001_face_2.jpg
Joaquin_Phoenix,/Users/taufiq/workspace/infran-spark/data_inference/Joaquin_Phoenix/Joaquin_Phoenix_0001_face_1.jpg
Joaquin_Phoenix,/Users/taufiq/workspace/infran-spark/data_inference/Joaquin_Phoenix/Joaquin_Phoenix_0001_face_2.jpg
Joaquin_Sanchez,/Users/taufiq/workspace/infran-spark/data_inference/Joaquin_Sanchez/Joaquin_Sanchez_0001_face_1.jpg
Joaquin_Sanchez,/Users/taufiq/workspace/infran-spark/data_inference/Joaquin_Sanchez/Joaquin_Sanchez_0001_face_2.jpg
Job_Cohen,/Users/taufiq/workspace/infran-spark/data_inference/Job_Cohen/Job_Cohen_0002_face_1.jpg
Job_Cohen,/Users/taufiq/workspace/infran-spark/data_inference/Job_Cohen/Job_Cohen_0002_face_2.jpg
Job_Cohen,/Users/taufiq/workspace/infran-spark/data_inference/Job_Cohen/Job_Cohen_0002_face_3.jpg
Joe_Calzaghe,/Users/taufiq/workspace/infran-spark/data_inference/Joe_Calzaghe/Joe_Calzaghe_0001_face_2.jpg
Joe_Calzaghe,/Users/taufiq/workspace/infran-spark/data_inference/Joe_Calzaghe/Joe_Calzaghe_0001_face_1.jpg
Joe_Darrell,/Users/taufiq/workspace/infran-spark/data_inference/Joe_Darrell/Joe_Darrell_0001_face_1.jpg
Joe_Darrell,/Users/taufiq/workspace/infran-spark/data_inference/Joe_Darrell/Joe_Darrell_0001_face_2.jpg
Joe_Dumars,/Users/taufiq/workspace/infran-spark/data_inference/Joe_Dumars/Joe_Dumars_0001_face_1.jpg
Joe_Dumars,/Users/taufiq/workspace/infran-spark/data_inference/Joe_Dumars/Joe_Dumars_0001_face_2.jpg
Joe_Lieberman,/Users/taufiq/workspace/infran-spark/data_inference/Joe_Lieberman/Joe_Lieberman_0008_face_2.jpg
Joe_Lieberman,/Users/taufiq/workspace/infran-spark/data_inference/Joe_Lieberman/Joe_Lieberman_0008_face_1.jpg
Joe_Lieberman,/Users/taufiq/workspace/infran-spark/data_inference/Joe_Lieberman/Joe_Lieberman_0004_face_1.jpg
Joe_Lieberman,/Users/taufiq/workspace/infran-spark/data_inference/Joe_Lieberman/Joe_Lieberman_0004_face_2.jpg
Joerg_Haider,/Users/taufiq/workspace/infran-spark/data_inference/Joerg_Haider/Joerg_Haider_0001_face_2.jpg
Joerg_Haider,/Users/taufiq/workspace/infran-spark/data_inference/Joerg_Haider/Joerg_Haider_0001_face_1.jpg
John_Allen_Muhammad,/Users/taufiq/workspace/infran-spark/data_inference/John_Allen_Muhammad/John_Allen_Muhammad_0010_face_2.jpg
John_Allen_Muhammad,/Users/taufiq/workspace/infran-spark/data_inference/John_Allen_Muhammad/John_Allen_Muhammad_0010_face_1.jpg
John_Allen_Muhammad,/Users/taufiq/workspace/infran-spark/data_inference/John_Allen_Muhammad/John_Allen_Muhammad_0006_face_2.jpg
John_Allen_Muhammad,/Users/taufiq/workspace/infran-spark/data_inference/John_Allen_Muhammad/John_Allen_Muhammad_0006_face_1.jpg
John_Allen_Muhammad,/Users/taufiq/workspace/infran-spark/data_inference/John_Allen_Muhammad/John_Allen_Muhammad_0003_face_1.jpg
John_Allen_Muhammad,/Users/taufiq/workspace/infran-spark/data_inference/John_Allen_Muhammad/John_Allen_Muhammad_0003_face_2.jpg
John_Allen_Muhammad,/Users/taufiq/workspace/infran-spark/data_inference/John_Allen_Muhammad/John_Allen_Muhammad_0011_face_2.jpg
John_Allen_Muhammad,/Users/taufiq/workspace/infran-spark/data_inference/John_Allen_Muhammad/John_Allen_Muhammad_0011_face_1.jpg
John_Allen_Muhammad,/Users/taufiq/workspace/infran-spark/data_inference/John_Allen_Muhammad/John_Allen_Muhammad_0005_face_3.jpg
John_Allen_Muhammad,/Users/taufiq/workspace/infran-spark/data_inference/John_Allen_Muhammad/John_Allen_Muhammad_0005_face_2.jpg
John_Allen_Muhammad,/Users/taufiq/workspace/infran-spark/data_inference/John_Allen_Muhammad/John_Allen_Muhammad_0005_face_1.jpg
John_Allen_Muhammad,/Users/taufiq/workspace/infran-spark/data_inference/John_Allen_Muhammad/John_Allen_Muhammad_0002_face_1.jpg
John_Allen_Muhammad,/Users/taufiq/workspace/infran-spark/data_inference/John_Allen_Muhammad/John_Allen_Muhammad_0002_face_2.jpg
John_Ashcroft,/Users/taufiq/workspace/infran-spark/data_inference/John_Ashcroft/John_Ashcroft_0052_face_2.jpg
John_Ashcroft,/Users/taufiq/workspace/infran-spark/data_inference/John_Ashcroft/John_Ashcroft_0052_face_1.jpg
John_Ashcroft,/Users/taufiq/workspace/infran-spark/data_inference/John_Ashcroft/John_Ashcroft_0007_face_2.jpg
John_Ashcroft,/Users/taufiq/workspace/infran-spark/data_inference/John_Ashcroft/John_Ashcroft_0007_face_3.jpg
John_Ashcroft,/Users/taufiq/workspace/infran-spark/data_inference/John_Ashcroft/John_Ashcroft_0007_face_1.jpg
John_Ashcroft,/Users/taufiq/workspace/infran-spark/data_inference/John_Ashcroft/John_Ashcroft_0007_face_4.jpg
John_Ashcroft,/Users/taufiq/workspace/infran-spark/data_inference/John_Ashcroft/John_Ashcroft_0002_face_1.jpg
John_Ashcroft,/Users/taufiq/workspace/infran-spark/data_inference/John_Ashcroft/John_Ashcroft_0002_face_2.jpg
John_Ashcroft,/Users/taufiq/workspace/infran-spark/data_inference/John_Ashcroft/John_Ashcroft_0019_face_2.jpg
John_Ashcroft,/Users/taufiq/workspace/infran-spark/data_inference/John_Ashcroft/John_Ashcroft_0019_face_1.jpg
John_Ashcroft,/Users/taufiq/workspace/infran-spark/data_inference/John_Ashcroft/John_Ashcroft_0008_face_1.jpg
John_Ashcroft,/Users/taufiq/workspace/infran-spark/data_inference/John_Ashcroft/John_Ashcroft_0008_face_2.jpg
John_Ashcroft,/Users/taufiq/workspace/infran-spark/data_inference/John_Ashcroft/John_Ashcroft_0003_face_1.jpg
John_Ashcroft,/Users/taufiq/workspace/infran-spark/data_inference/John_Ashcroft/John_Ashcroft_0003_face_2.jpg
John_Ashcroft,/Users/taufiq/workspace/infran-spark/data_inference/John_Ashcroft/John_Ashcroft_0020_face_1.jpg
John_Ashcroft,/Users/taufiq/workspace/infran-spark/data_inference/John_Ashcroft/John_Ashcroft_0020_face_3.jpg
John_Ashcroft,/Users/taufiq/workspace/infran-spark/data_inference/John_Ashcroft/John_Ashcroft_0020_face_2.jpg
John_Ashcroft,/Users/taufiq/workspace/infran-spark/data_inference/John_Ashcroft/John_Ashcroft_0040_face_1.jpg
John_Ashcroft,/Users/taufiq/workspace/infran-spark/data_inference/John_Ashcroft/John_Ashcroft_0040_face_2.jpg
John_Ashcroft,/Users/taufiq/workspace/infran-spark/data_inference/John_Ashcroft/John_Ashcroft_0040_face_3.jpg
John_Blaney,/Users/taufiq/workspace/infran-spark/data_inference/John_Blaney/John_Blaney_0002_face_2.jpg
John_Blaney,/Users/taufiq/workspace/infran-spark/data_inference/John_Blaney/John_Blaney_0002_face_1.jpg
John_Bolton,/Users/taufiq/workspace/infran-spark/data_inference/John_Bolton/John_Bolton_0003_face_1.jpg
John_Bolton,/Users/taufiq/workspace/infran-spark/data_inference/John_Bolton/John_Bolton_0003_face_3.jpg
John_Bolton,/Users/taufiq/workspace/infran-spark/data_inference/John_Bolton/John_Bolton_0003_face_2.jpg
John_Connolly,/Users/taufiq/workspace/infran-spark/data_inference/John_Connolly/John_Connolly_0001_face_1.jpg
John_Connolly,/Users/taufiq/workspace/infran-spark/data_inference/John_Connolly/John_Connolly_0001_face_2.jpg
John_Cusack,/Users/taufiq/workspace/infran-spark/data_inference/John_Cusack/John_Cusack_0001_face_1.jpg
John_Cusack,/Users/taufiq/workspace/infran-spark/data_inference/John_Cusack/John_Cusack_0001_face_2.jpg
John_Dallager,/Users/taufiq/workspace/infran-spark/data_inference/John_Dallager/John_Dallager_0001_face_1.jpg
John_Dallager,/Users/taufiq/workspace/infran-spark/data_inference/John_Dallager/John_Dallager_0001_face_2.jpg
John_Engler,/Users/taufiq/workspace/infran-spark/data_inference/John_Engler/John_Engler_0001_face_2.jpg
John_Engler,/Users/taufiq/workspace/infran-spark/data_inference/John_Engler/John_Engler_0001_face_1.jpg
John_F_Kennedy_Jr,/Users/taufiq/workspace/infran-spark/data_inference/John_F_Kennedy_Jr/John_F_Kennedy_Jr_0002_face_1.jpg
John_F_Kennedy_Jr,/Users/taufiq/workspace/infran-spark/data_inference/John_F_Kennedy_Jr/John_F_Kennedy_Jr_0002_face_2.jpg
John_Franco,/Users/taufiq/workspace/infran-spark/data_inference/John_Franco/John_Franco_0001_face_1.jpg
John_Franco,/Users/taufiq/workspace/infran-spark/data_inference/John_Franco/John_Franco_0001_face_2.jpg
John_Franco,/Users/taufiq/workspace/infran-spark/data_inference/John_Franco/John_Franco_0001_face_3.jpg
John_Goold,/Users/taufiq/workspace/infran-spark/data_inference/John_Goold/John_Goold_0001_face_1.jpg
John_Goold,/Users/taufiq/workspace/infran-spark/data_inference/John_Goold/John_Goold_0001_face_2.jpg
John_Howard,/Users/taufiq/workspace/infran-spark/data_inference/John_Howard/John_Howard_0018_face_2.jpg
John_Howard,/Users/taufiq/workspace/infran-spark/data_inference/John_Howard/John_Howard_0018_face_1.jpg
John_Howard,/Users/taufiq/workspace/infran-spark/data_inference/John_Howard/John_Howard_0011_face_2.jpg
John_Howard,/Users/taufiq/workspace/infran-spark/data_inference/John_Howard/John_Howard_0011_face_1.jpg
John_Jumper,/Users/taufiq/workspace/infran-spark/data_inference/John_Jumper/John_Jumper_0002_face_2.jpg
John_Jumper,/Users/taufiq/workspace/infran-spark/data_inference/John_Jumper/John_Jumper_0002_face_1.jpg
John_McCormack,/Users/taufiq/workspace/infran-spark/data_inference/John_McCormack/John_McCormack_0001_face_2.jpg
John_McCormack,/Users/taufiq/workspace/infran-spark/data_inference/John_McCormack/John_McCormack_0001_face_1.jpg
John_McEnroe,/Users/taufiq/workspace/infran-spark/data_inference/John_McEnroe/John_McEnroe_0002_face_1.jpg
John_McEnroe,/Users/taufiq/workspace/infran-spark/data_inference/John_McEnroe/John_McEnroe_0002_face_2.jpg
John_McEnroe,/Users/taufiq/workspace/infran-spark/data_inference/John_McEnroe/John_McEnroe_0001_face_1.jpg
John_McEnroe,/Users/taufiq/workspace/infran-spark/data_inference/John_McEnroe/John_McEnroe_0001_face_2.jpg
John_Negroponte,/Users/taufiq/workspace/infran-spark/data_inference/John_Negroponte/John_Negroponte_0015_face_2.jpg
John_Negroponte,/Users/taufiq/workspace/infran-spark/data_inference/John_Negroponte/John_Negroponte_0015_face_1.jpg
John_Negroponte,/Users/taufiq/workspace/infran-spark/data_inference/John_Negroponte/John_Negroponte_0004_face_1.jpg
John_Negroponte,/Users/taufiq/workspace/infran-spark/data_inference/John_Negroponte/John_Negroponte_0004_face_2.jpg
John_Negroponte,/Users/taufiq/workspace/infran-spark/data_inference/John_Negroponte/John_Negroponte_0012_face_1.jpg
John_Negroponte,/Users/taufiq/workspace/infran-spark/data_inference/John_Negroponte/John_Negroponte_0012_face_2.jpg
John_Negroponte,/Users/taufiq/workspace/infran-spark/data_inference/John_Negroponte/John_Negroponte_0002_face_2.jpg
John_Negroponte,/Users/taufiq/workspace/infran-spark/data_inference/John_Negroponte/John_Negroponte_0002_face_1.jpg
John_Negroponte,/Users/taufiq/workspace/infran-spark/data_inference/John_Negroponte/John_Negroponte_0029_face_2.jpg
John_Negroponte,/Users/taufiq/workspace/infran-spark/data_inference/John_Negroponte/John_Negroponte_0029_face_1.jpg
John_Paul_II,/Users/taufiq/workspace/infran-spark/data_inference/John_Paul_II/John_Paul_II_0011_face_2.jpg
John_Paul_II,/Users/taufiq/workspace/infran-spark/data_inference/John_Paul_II/John_Paul_II_0011_face_1.jpg
John_Perrota,/Users/taufiq/workspace/infran-spark/data_inference/John_Perrota/John_Perrota_0001_face_1.jpg
John_Perrota,/Users/taufiq/workspace/infran-spark/data_inference/John_Perrota/John_Perrota_0001_face_3.jpg
John_Perrota,/Users/taufiq/workspace/infran-spark/data_inference/John_Perrota/John_Perrota_0001_face_2.jpg
John_Richardson,/Users/taufiq/workspace/infran-spark/data_inference/John_Richardson/John_Richardson_0001_face_2.jpg
John_Richardson,/Users/taufiq/workspace/infran-spark/data_inference/John_Richardson/John_Richardson_0001_face_1.jpg
John_Rigas,/Users/taufiq/workspace/infran-spark/data_inference/John_Rigas/John_Rigas_0002_face_2.jpg
John_Rigas,/Users/taufiq/workspace/infran-spark/data_inference/John_Rigas/John_Rigas_0002_face_1.jpg
John_Snow,/Users/taufiq/workspace/infran-spark/data_inference/John_Snow/John_Snow_0005_face_1.jpg
John_Snow,/Users/taufiq/workspace/infran-spark/data_inference/John_Snow/John_Snow_0005_face_2.jpg
John_Snow,/Users/taufiq/workspace/infran-spark/data_inference/John_Snow/John_Snow_0004_face_1.jpg
John_Snow,/Users/taufiq/workspace/infran-spark/data_inference/John_Snow/John_Snow_0004_face_2.jpg
John_Sununu,/Users/taufiq/workspace/infran-spark/data_inference/John_Sununu/John_Sununu_0001_face_1.jpg
John_Sununu,/Users/taufiq/workspace/infran-spark/data_inference/John_Sununu/John_Sununu_0001_face_2.jpg
John_Taylor,/Users/taufiq/workspace/infran-spark/data_inference/John_Taylor/John_Taylor_0001_face_1.jpg
John_Taylor,/Users/taufiq/workspace/infran-spark/data_inference/John_Taylor/John_Taylor_0001_face_2.jpg
John_Travolta,/Users/taufiq/workspace/infran-spark/data_inference/John_Travolta/John_Travolta_0005_face_2.jpg
John_Travolta,/Users/taufiq/workspace/infran-spark/data_inference/John_Travolta/John_Travolta_0005_face_1.jpg
Johnnie_Lynn,/Users/taufiq/workspace/infran-spark/data_inference/Johnnie_Lynn/Johnnie_Lynn_0001_face_1.jpg
Johnnie_Lynn,/Users/taufiq/workspace/infran-spark/data_inference/Johnnie_Lynn/Johnnie_Lynn_0001_face_2.jpg
Johnny_Htu,/Users/taufiq/workspace/infran-spark/data_inference/Johnny_Htu/Johnny_Htu_0001_face_1.jpg
Johnny_Htu,/Users/taufiq/workspace/infran-spark/data_inference/Johnny_Htu/Johnny_Htu_0001_face_2.jpg
Jonathan_Arden,/Users/taufiq/workspace/infran-spark/data_inference/Jonathan_Arden/Jonathan_Arden_0001_face_3.jpg
Jonathan_Arden,/Users/taufiq/workspace/infran-spark/data_inference/Jonathan_Arden/Jonathan_Arden_0001_face_2.jpg
Jonathan_Arden,/Users/taufiq/workspace/infran-spark/data_inference/Jonathan_Arden/Jonathan_Arden_0001_face_1.jpg
Jong_Thae_Hwa,/Users/taufiq/workspace/infran-spark/data_inference/Jong_Thae_Hwa/Jong_Thae_Hwa_0001_face_4.jpg
Jong_Thae_Hwa,/Users/taufiq/workspace/infran-spark/data_inference/Jong_Thae_Hwa/Jong_Thae_Hwa_0001_face_3.jpg
Jong_Thae_Hwa,/Users/taufiq/workspace/infran-spark/data_inference/Jong_Thae_Hwa/Jong_Thae_Hwa_0001_face_2.jpg
Jong_Thae_Hwa,/Users/taufiq/workspace/infran-spark/data_inference/Jong_Thae_Hwa/Jong_Thae_Hwa_0001_face_1.jpg
Jorge_Castaneda,/Users/taufiq/workspace/infran-spark/data_inference/Jorge_Castaneda/Jorge_Castaneda_0001_face_2.jpg
Jorge_Castaneda,/Users/taufiq/workspace/infran-spark/data_inference/Jorge_Castaneda/Jorge_Castaneda_0001_face_1.jpg
Joschka_Fischer,/Users/taufiq/workspace/infran-spark/data_inference/Joschka_Fischer/Joschka_Fischer_0005_face_1.jpg
Joschka_Fischer,/Users/taufiq/workspace/infran-spark/data_inference/Joschka_Fischer/Joschka_Fischer_0005_face_2.jpg
Joschka_Fischer,/Users/taufiq/workspace/infran-spark/data_inference/Joschka_Fischer/Joschka_Fischer_0017_face_2.jpg
Joschka_Fischer,/Users/taufiq/workspace/infran-spark/data_inference/Joschka_Fischer/Joschka_Fischer_0017_face_1.jpg
Joschka_Fischer,/Users/taufiq/workspace/infran-spark/data_inference/Joschka_Fischer/Joschka_Fischer_0003_face_2.jpg
Joschka_Fischer,/Users/taufiq/workspace/infran-spark/data_inference/Joschka_Fischer/Joschka_Fischer_0003_face_1.jpg
Joschka_Fischer,/Users/taufiq/workspace/infran-spark/data_inference/Joschka_Fischer/Joschka_Fischer_0018_face_1.jpg
Joschka_Fischer,/Users/taufiq/workspace/infran-spark/data_inference/Joschka_Fischer/Joschka_Fischer_0018_face_2.jpg
Joschka_Fischer,/Users/taufiq/workspace/infran-spark/data_inference/Joschka_Fischer/Joschka_Fischer_0015_face_2.jpg
Joschka_Fischer,/Users/taufiq/workspace/infran-spark/data_inference/Joschka_Fischer/Joschka_Fischer_0015_face_3.jpg
Joschka_Fischer,/Users/taufiq/workspace/infran-spark/data_inference/Joschka_Fischer/Joschka_Fischer_0015_face_1.jpg
Joschka_Fischer,/Users/taufiq/workspace/infran-spark/data_inference/Joschka_Fischer/Joschka_Fischer_0015_face_4.jpg
Jose_Canseco,/Users/taufiq/workspace/infran-spark/data_inference/Jose_Canseco/Jose_Canseco_0003_face_2.jpg
Jose_Canseco,/Users/taufiq/workspace/infran-spark/data_inference/Jose_Canseco/Jose_Canseco_0003_face_1.jpg
Jose_Manuel_Durao_Barroso,/Users/taufiq/workspace/infran-spark/data_inference/Jose_Manuel_Durao_Barroso/Jose_Manuel_Durao_Barroso_0005_face_1.jpg
Jose_Manuel_Durao_Barroso,/Users/taufiq/workspace/infran-spark/data_inference/Jose_Manuel_Durao_Barroso/Jose_Manuel_Durao_Barroso_0005_face_2.jpg
Jose_Maria_Aznar,/Users/taufiq/workspace/infran-spark/data_inference/Jose_Maria_Aznar/Jose_Maria_Aznar_0012_face_1.jpg
Jose_Maria_Aznar,/Users/taufiq/workspace/infran-spark/data_inference/Jose_Maria_Aznar/Jose_Maria_Aznar_0012_face_2.jpg
Jose_Maria_Aznar,/Users/taufiq/workspace/infran-spark/data_inference/Jose_Maria_Aznar/Jose_Maria_Aznar_0018_face_1.jpg
Jose_Maria_Aznar,/Users/taufiq/workspace/infran-spark/data_inference/Jose_Maria_Aznar/Jose_Maria_Aznar_0018_face_2.jpg
Jose_Miguel_Aleman,/Users/taufiq/workspace/infran-spark/data_inference/Jose_Miguel_Aleman/Jose_Miguel_Aleman_0001_face_2.jpg
Jose_Miguel_Aleman,/Users/taufiq/workspace/infran-spark/data_inference/Jose_Miguel_Aleman/Jose_Miguel_Aleman_0001_face_1.jpg
Jose_Sarney,/Users/taufiq/workspace/infran-spark/data_inference/Jose_Sarney/Jose_Sarney_0002_face_2.jpg
Jose_Sarney,/Users/taufiq/workspace/infran-spark/data_inference/Jose_Sarney/Jose_Sarney_0002_face_1.jpg
Jose_Sarney,/Users/taufiq/workspace/infran-spark/data_inference/Jose_Sarney/Jose_Sarney_0003_face_3.jpg
Jose_Sarney,/Users/taufiq/workspace/infran-spark/data_inference/Jose_Sarney/Jose_Sarney_0003_face_2.jpg
Jose_Sarney,/Users/taufiq/workspace/infran-spark/data_inference/Jose_Sarney/Jose_Sarney_0003_face_1.jpg
Jose_Sarney,/Users/taufiq/workspace/infran-spark/data_inference/Jose_Sarney/Jose_Sarney_0001_face_2.jpg
Jose_Sarney,/Users/taufiq/workspace/infran-spark/data_inference/Jose_Sarney/Jose_Sarney_0001_face_1.jpg
Joseph_Biden,/Users/taufiq/workspace/infran-spark/data_inference/Joseph_Biden/Joseph_Biden_0002_face_2.jpg
Joseph_Biden,/Users/taufiq/workspace/infran-spark/data_inference/Joseph_Biden/Joseph_Biden_0002_face_3.jpg
Joseph_Biden,/Users/taufiq/workspace/infran-spark/data_inference/Joseph_Biden/Joseph_Biden_0002_face_1.jpg
Joy_Bryant,/Users/taufiq/workspace/infran-spark/data_inference/Joy_Bryant/Joy_Bryant_0001_face_2.jpg
Joy_Bryant,/Users/taufiq/workspace/infran-spark/data_inference/Joy_Bryant/Joy_Bryant_0001_face_1.jpg
Juan_Carlos_Ferrero,/Users/taufiq/workspace/infran-spark/data_inference/Juan_Carlos_Ferrero/Juan_Carlos_Ferrero_0019_face_1.jpg
Juan_Carlos_Ferrero,/Users/taufiq/workspace/infran-spark/data_inference/Juan_Carlos_Ferrero/Juan_Carlos_Ferrero_0019_face_2.jpg
Juan_Carlos_Morales,/Users/taufiq/workspace/infran-spark/data_inference/Juan_Carlos_Morales/Juan_Carlos_Morales_0001_face_1.jpg
Juan_Carlos_Morales,/Users/taufiq/workspace/infran-spark/data_inference/Juan_Carlos_Morales/Juan_Carlos_Morales_0001_face_2.jpg
Juan_Carlos_Ortega,/Users/taufiq/workspace/infran-spark/data_inference/Juan_Carlos_Ortega/Juan_Carlos_Ortega_0001_face_1.jpg
Juan_Carlos_Ortega,/Users/taufiq/workspace/infran-spark/data_inference/Juan_Carlos_Ortega/Juan_Carlos_Ortega_0001_face_2.jpg
Juan_Manuel_Marquez,/Users/taufiq/workspace/infran-spark/data_inference/Juan_Manuel_Marquez/Juan_Manuel_Marquez_0001_face_2.jpg
Juan_Manuel_Marquez,/Users/taufiq/workspace/infran-spark/data_inference/Juan_Manuel_Marquez/Juan_Manuel_Marquez_0001_face_1.jpg
Juan_Roman_Riquelme,/Users/taufiq/workspace/infran-spark/data_inference/Juan_Roman_Riquelme/Juan_Roman_Riquelme_0001_face_1.jpg
Juan_Roman_Riquelme,/Users/taufiq/workspace/infran-spark/data_inference/Juan_Roman_Riquelme/Juan_Roman_Riquelme_0001_face_2.jpg
Jude_Law,/Users/taufiq/workspace/infran-spark/data_inference/Jude_Law/Jude_Law_0001_face_1.jpg
Jude_Law,/Users/taufiq/workspace/infran-spark/data_inference/Jude_Law/Jude_Law_0001_face_2.jpg
Judi_Dench,/Users/taufiq/workspace/infran-spark/data_inference/Judi_Dench/Judi_Dench_0002_face_1.jpg
Judi_Dench,/Users/taufiq/workspace/infran-spark/data_inference/Judi_Dench/Judi_Dench_0002_face_2.jpg
Judi_Dench,/Users/taufiq/workspace/infran-spark/data_inference/Judi_Dench/Judi_Dench_0002_face_3.jpg
Judy_Vassar,/Users/taufiq/workspace/infran-spark/data_inference/Judy_Vassar/Judy_Vassar_0001_face_1.jpg
Judy_Vassar,/Users/taufiq/workspace/infran-spark/data_inference/Judy_Vassar/Judy_Vassar_0001_face_2.jpg
Julia_Tymoshenko,/Users/taufiq/workspace/infran-spark/data_inference/Julia_Tymoshenko/Julia_Tymoshenko_0003_face_1.jpg
Julia_Tymoshenko,/Users/taufiq/workspace/infran-spark/data_inference/Julia_Tymoshenko/Julia_Tymoshenko_0003_face_2.jpg
Julianna_Margulies,/Users/taufiq/workspace/infran-spark/data_inference/Julianna_Margulies/Julianna_Margulies_0002_face_2.jpg
Julianna_Margulies,/Users/taufiq/workspace/infran-spark/data_inference/Julianna_Margulies/Julianna_Margulies_0002_face_1.jpg
Julianne_Moore,/Users/taufiq/workspace/infran-spark/data_inference/Julianne_Moore/Julianne_Moore_0016_face_1.jpg
Julianne_Moore,/Users/taufiq/workspace/infran-spark/data_inference/Julianne_Moore/Julianne_Moore_0016_face_2.jpg
Julianne_Moore,/Users/taufiq/workspace/infran-spark/data_inference/Julianne_Moore/Julianne_Moore_0008_face_1.jpg
Julianne_Moore,/Users/taufiq/workspace/infran-spark/data_inference/Julianne_Moore/Julianne_Moore_0008_face_2.jpg
Julianne_Moore,/Users/taufiq/workspace/infran-spark/data_inference/Julianne_Moore/Julianne_Moore_0006_face_2.jpg
Julianne_Moore,/Users/taufiq/workspace/infran-spark/data_inference/Julianne_Moore/Julianne_Moore_0006_face_1.jpg
Julianne_Moore,/Users/taufiq/workspace/infran-spark/data_inference/Julianne_Moore/Julianne_Moore_0001_face_1.jpg
Julianne_Moore,/Users/taufiq/workspace/infran-spark/data_inference/Julianne_Moore/Julianne_Moore_0001_face_2.jpg
Julie_Gerberding,/Users/taufiq/workspace/infran-spark/data_inference/Julie_Gerberding/Julie_Gerberding_0002_face_1.jpg
Julie_Gerberding,/Users/taufiq/workspace/infran-spark/data_inference/Julie_Gerberding/Julie_Gerberding_0002_face_2.jpg
Julio_Cesar_Chavez,/Users/taufiq/workspace/infran-spark/data_inference/Julio_Cesar_Chavez/Julio_Cesar_Chavez_0001_face_2.jpg
Julio_Cesar_Chavez,/Users/taufiq/workspace/infran-spark/data_inference/Julio_Cesar_Chavez/Julio_Cesar_Chavez_0001_face_3.jpg
Julio_Cesar_Chavez,/Users/taufiq/workspace/infran-spark/data_inference/Julio_Cesar_Chavez/Julio_Cesar_Chavez_0001_face_1.jpg
Julio_Rossi,/Users/taufiq/workspace/infran-spark/data_inference/Julio_Rossi/Julio_Rossi_0001_face_2.jpg
Julio_Rossi,/Users/taufiq/workspace/infran-spark/data_inference/Julio_Rossi/Julio_Rossi_0001_face_1.jpg
Junichi_Inamoto,/Users/taufiq/workspace/infran-spark/data_inference/Junichi_Inamoto/Junichi_Inamoto_0001_face_2.jpg
Junichi_Inamoto,/Users/taufiq/workspace/infran-spark/data_inference/Junichi_Inamoto/Junichi_Inamoto_0001_face_1.jpg
Junichiro_Koizumi,/Users/taufiq/workspace/infran-spark/data_inference/Junichiro_Koizumi/Junichiro_Koizumi_0017_face_1.jpg
Junichiro_Koizumi,/Users/taufiq/workspace/infran-spark/data_inference/Junichiro_Koizumi/Junichiro_Koizumi_0017_face_2.jpg
Junichiro_Koizumi,/Users/taufiq/workspace/infran-spark/data_inference/Junichiro_Koizumi/Junichiro_Koizumi_0027_face_2.jpg
Junichiro_Koizumi,/Users/taufiq/workspace/infran-spark/data_inference/Junichiro_Koizumi/Junichiro_Koizumi_0027_face_1.jpg
Junichiro_Koizumi,/Users/taufiq/workspace/infran-spark/data_inference/Junichiro_Koizumi/Junichiro_Koizumi_0018_face_3.jpg
Junichiro_Koizumi,/Users/taufiq/workspace/infran-spark/data_inference/Junichiro_Koizumi/Junichiro_Koizumi_0018_face_2.jpg
Junichiro_Koizumi,/Users/taufiq/workspace/infran-spark/data_inference/Junichiro_Koizumi/Junichiro_Koizumi_0018_face_1.jpg
Junichiro_Koizumi,/Users/taufiq/workspace/infran-spark/data_inference/Junichiro_Koizumi/Junichiro_Koizumi_0029_face_1.jpg
Junichiro_Koizumi,/Users/taufiq/workspace/infran-spark/data_inference/Junichiro_Koizumi/Junichiro_Koizumi_0029_face_2.jpg
Junichiro_Koizumi,/Users/taufiq/workspace/infran-spark/data_inference/Junichiro_Koizumi/Junichiro_Koizumi_0057_face_1.jpg
Junichiro_Koizumi,/Users/taufiq/workspace/infran-spark/data_inference/Junichiro_Koizumi/Junichiro_Koizumi_0057_face_2.jpg
Justin_Guarini,/Users/taufiq/workspace/infran-spark/data_inference/Justin_Guarini/Justin_Guarini_0002_face_1.jpg
Justin_Guarini,/Users/taufiq/workspace/infran-spark/data_inference/Justin_Guarini/Justin_Guarini_0002_face_2.jpg
Justin_Timberlake,/Users/taufiq/workspace/infran-spark/data_inference/Justin_Timberlake/Justin_Timberlake_0002_face_1.jpg
Justin_Timberlake,/Users/taufiq/workspace/infran-spark/data_inference/Justin_Timberlake/Justin_Timberlake_0002_face_2.jpg
Justine_Henin,/Users/taufiq/workspace/infran-spark/data_inference/Justine_Henin/Justine_Henin_0001_face_2.jpg
Justine_Henin,/Users/taufiq/workspace/infran-spark/data_inference/Justine_Henin/Justine_Henin_0001_face_1.jpg
Kamal_Kharrazi,/Users/taufiq/workspace/infran-spark/data_inference/Kamal_Kharrazi/Kamal_Kharrazi_0002_face_2.jpg
Kamal_Kharrazi,/Users/taufiq/workspace/infran-spark/data_inference/Kamal_Kharrazi/Kamal_Kharrazi_0002_face_1.jpg
Kaoru_Hasuike,/Users/taufiq/workspace/infran-spark/data_inference/Kaoru_Hasuike/Kaoru_Hasuike_0001_face_2.jpg
Kaoru_Hasuike,/Users/taufiq/workspace/infran-spark/data_inference/Kaoru_Hasuike/Kaoru_Hasuike_0001_face_1.jpg
Karen_Clarkson,/Users/taufiq/workspace/infran-spark/data_inference/Karen_Clarkson/Karen_Clarkson_0001_face_2.jpg
Karen_Clarkson,/Users/taufiq/workspace/infran-spark/data_inference/Karen_Clarkson/Karen_Clarkson_0001_face_1.jpg
Karin_Pilsaeter,/Users/taufiq/workspace/infran-spark/data_inference/Karin_Pilsaeter/Karin_Pilsaeter_0001_face_1.jpg
Karin_Pilsaeter,/Users/taufiq/workspace/infran-spark/data_inference/Karin_Pilsaeter/Karin_Pilsaeter_0001_face_3.jpg
Karin_Pilsaeter,/Users/taufiq/workspace/infran-spark/data_inference/Karin_Pilsaeter/Karin_Pilsaeter_0001_face_2.jpg
Kate_Capshaw,/Users/taufiq/workspace/infran-spark/data_inference/Kate_Capshaw/Kate_Capshaw_0002_face_1.jpg
Kate_Capshaw,/Users/taufiq/workspace/infran-spark/data_inference/Kate_Capshaw/Kate_Capshaw_0002_face_2.jpg
Kate_Hudson,/Users/taufiq/workspace/infran-spark/data_inference/Kate_Hudson/Kate_Hudson_0002_face_3.jpg
Kate_Hudson,/Users/taufiq/workspace/infran-spark/data_inference/Kate_Hudson/Kate_Hudson_0002_face_2.jpg
Kate_Hudson,/Users/taufiq/workspace/infran-spark/data_inference/Kate_Hudson/Kate_Hudson_0002_face_1.jpg
Kate_Hudson,/Users/taufiq/workspace/infran-spark/data_inference/Kate_Hudson/Kate_Hudson_0006_face_1.jpg
Kate_Hudson,/Users/taufiq/workspace/infran-spark/data_inference/Kate_Hudson/Kate_Hudson_0006_face_2.jpg
Kate_Winslet,/Users/taufiq/workspace/infran-spark/data_inference/Kate_Winslet/Kate_Winslet_0002_face_2.jpg
Kate_Winslet,/Users/taufiq/workspace/infran-spark/data_inference/Kate_Winslet/Kate_Winslet_0002_face_1.jpg
Katherine_Harris,/Users/taufiq/workspace/infran-spark/data_inference/Katherine_Harris/Katherine_Harris_0002_face_1.jpg
Katherine_Harris,/Users/taufiq/workspace/infran-spark/data_inference/Katherine_Harris/Katherine_Harris_0002_face_3.jpg
Katherine_Harris,/Users/taufiq/workspace/infran-spark/data_inference/Katherine_Harris/Katherine_Harris_0002_face_2.jpg
Katie_Harman,/Users/taufiq/workspace/infran-spark/data_inference/Katie_Harman/Katie_Harman_0002_face_2.jpg
Katie_Harman,/Users/taufiq/workspace/infran-spark/data_inference/Katie_Harman/Katie_Harman_0002_face_1.jpg
Katie_Wagner,/Users/taufiq/workspace/infran-spark/data_inference/Katie_Wagner/Katie_Wagner_0001_face_2.jpg
Katie_Wagner,/Users/taufiq/workspace/infran-spark/data_inference/Katie_Wagner/Katie_Wagner_0001_face_1.jpg
Keanu_Reeves,/Users/taufiq/workspace/infran-spark/data_inference/Keanu_Reeves/Keanu_Reeves_0005_face_1.jpg
Keanu_Reeves,/Users/taufiq/workspace/infran-spark/data_inference/Keanu_Reeves/Keanu_Reeves_0005_face_2.jpg
Keanu_Reeves,/Users/taufiq/workspace/infran-spark/data_inference/Keanu_Reeves/Keanu_Reeves_0006_face_1.jpg
Keanu_Reeves,/Users/taufiq/workspace/infran-spark/data_inference/Keanu_Reeves/Keanu_Reeves_0006_face_3.jpg
Keanu_Reeves,/Users/taufiq/workspace/infran-spark/data_inference/Keanu_Reeves/Keanu_Reeves_0006_face_2.jpg
Keanu_Reeves,/Users/taufiq/workspace/infran-spark/data_inference/Keanu_Reeves/Keanu_Reeves_0004_face_1.jpg
Keanu_Reeves,/Users/taufiq/workspace/infran-spark/data_inference/Keanu_Reeves/Keanu_Reeves_0004_face_2.jpg
Keira_Knightley,/Users/taufiq/workspace/infran-spark/data_inference/Keira_Knightley/Keira_Knightley_0001_face_1.jpg
Keira_Knightley,/Users/taufiq/workspace/infran-spark/data_inference/Keira_Knightley/Keira_Knightley_0001_face_2.jpg
Keith_Brown,/Users/taufiq/workspace/infran-spark/data_inference/Keith_Brown/Keith_Brown_0001_face_1.jpg
Keith_Brown,/Users/taufiq/workspace/infran-spark/data_inference/Keith_Brown/Keith_Brown_0001_face_2.jpg
Keith_Lowen,/Users/taufiq/workspace/infran-spark/data_inference/Keith_Lowen/Keith_Lowen_0001_face_1.jpg
Keith_Lowen,/Users/taufiq/workspace/infran-spark/data_inference/Keith_Lowen/Keith_Lowen_0001_face_2.jpg
Kelly_Osbourne,/Users/taufiq/workspace/infran-spark/data_inference/Kelly_Osbourne/Kelly_Osbourne_0001_face_2.jpg
Kelly_Osbourne,/Users/taufiq/workspace/infran-spark/data_inference/Kelly_Osbourne/Kelly_Osbourne_0001_face_1.jpg
Kemal_Dervis,/Users/taufiq/workspace/infran-spark/data_inference/Kemal_Dervis/Kemal_Dervis_0001_face_2.jpg
Kemal_Dervis,/Users/taufiq/workspace/infran-spark/data_inference/Kemal_Dervis/Kemal_Dervis_0001_face_1.jpg
Kenneth_Brill,/Users/taufiq/workspace/infran-spark/data_inference/Kenneth_Brill/Kenneth_Brill_0001_face_1.jpg
Kenneth_Brill,/Users/taufiq/workspace/infran-spark/data_inference/Kenneth_Brill/Kenneth_Brill_0001_face_2.jpg
Kenneth_Evans,/Users/taufiq/workspace/infran-spark/data_inference/Kenneth_Evans/Kenneth_Evans_0001_face_2.jpg
Kenneth_Evans,/Users/taufiq/workspace/infran-spark/data_inference/Kenneth_Evans/Kenneth_Evans_0001_face_1.jpg
Kent_McCord,/Users/taufiq/workspace/infran-spark/data_inference/Kent_McCord/Kent_McCord_0001_face_1.jpg
Kent_McCord,/Users/taufiq/workspace/infran-spark/data_inference/Kent_McCord/Kent_McCord_0001_face_2.jpg
Kevin_Costner,/Users/taufiq/workspace/infran-spark/data_inference/Kevin_Costner/Kevin_Costner_0002_face_1.jpg
Kevin_Costner,/Users/taufiq/workspace/infran-spark/data_inference/Kevin_Costner/Kevin_Costner_0002_face_2.jpg
Kevin_Costner,/Users/taufiq/workspace/infran-spark/data_inference/Kevin_Costner/Kevin_Costner_0001_face_1.jpg
Kevin_Costner,/Users/taufiq/workspace/infran-spark/data_inference/Kevin_Costner/Kevin_Costner_0001_face_2.jpg
Kevin_Spacey,/Users/taufiq/workspace/infran-spark/data_inference/Kevin_Spacey/Kevin_Spacey_0004_face_1.jpg
Kevin_Spacey,/Users/taufiq/workspace/infran-spark/data_inference/Kevin_Spacey/Kevin_Spacey_0004_face_2.jpg
Kevin_Spacey,/Users/taufiq/workspace/infran-spark/data_inference/Kevin_Spacey/Kevin_Spacey_0001_face_2.jpg
Kevin_Spacey,/Users/taufiq/workspace/infran-spark/data_inference/Kevin_Spacey/Kevin_Spacey_0001_face_1.jpg
Kevin_Spacey,/Users/taufiq/workspace/infran-spark/data_inference/Kevin_Spacey/Kevin_Spacey_0002_face_3.jpg
Kevin_Spacey,/Users/taufiq/workspace/infran-spark/data_inference/Kevin_Spacey/Kevin_Spacey_0002_face_2.jpg
Kevin_Spacey,/Users/taufiq/workspace/infran-spark/data_inference/Kevin_Spacey/Kevin_Spacey_0002_face_1.jpg
Kevin_Spacey,/Users/taufiq/workspace/infran-spark/data_inference/Kevin_Spacey/Kevin_Spacey_0002_face_4.jpg
Kevin_Spacey,/Users/taufiq/workspace/infran-spark/data_inference/Kevin_Spacey/Kevin_Spacey_0005_face_1.jpg
Kevin_Spacey,/Users/taufiq/workspace/infran-spark/data_inference/Kevin_Spacey/Kevin_Spacey_0005_face_2.jpg
Kevin_Spacey,/Users/taufiq/workspace/infran-spark/data_inference/Kevin_Spacey/Kevin_Spacey_0005_face_3.jpg
Kevin_Stallings,/Users/taufiq/workspace/infran-spark/data_inference/Kevin_Stallings/Kevin_Stallings_0002_face_1.jpg
Kevin_Stallings,/Users/taufiq/workspace/infran-spark/data_inference/Kevin_Stallings/Kevin_Stallings_0002_face_2.jpg
Khader_Rashid_Rahim,/Users/taufiq/workspace/infran-spark/data_inference/Khader_Rashid_Rahim/Khader_Rashid_Rahim_0001_face_2.jpg
Khader_Rashid_Rahim,/Users/taufiq/workspace/infran-spark/data_inference/Khader_Rashid_Rahim/Khader_Rashid_Rahim_0001_face_1.jpg
Khalid_Qazi,/Users/taufiq/workspace/infran-spark/data_inference/Khalid_Qazi/Khalid_Qazi_0001_face_1.jpg
Khalid_Qazi,/Users/taufiq/workspace/infran-spark/data_inference/Khalid_Qazi/Khalid_Qazi_0001_face_2.jpg
Kifah_Ajouri,/Users/taufiq/workspace/infran-spark/data_inference/Kifah_Ajouri/Kifah_Ajouri_0002_face_2.jpg
Kifah_Ajouri,/Users/taufiq/workspace/infran-spark/data_inference/Kifah_Ajouri/Kifah_Ajouri_0002_face_3.jpg
Kifah_Ajouri,/Users/taufiq/workspace/infran-spark/data_inference/Kifah_Ajouri/Kifah_Ajouri_0002_face_1.jpg
Kim_Dae-jung,/Users/taufiq/workspace/infran-spark/data_inference/Kim_Dae-jung/Kim_Dae-jung_0001_face_3.jpg
Kim_Dae-jung,/Users/taufiq/workspace/infran-spark/data_inference/Kim_Dae-jung/Kim_Dae-jung_0001_face_2.jpg
Kim_Dae-jung,/Users/taufiq/workspace/infran-spark/data_inference/Kim_Dae-jung/Kim_Dae-jung_0001_face_1.jpg
Kim_Hong-gul,/Users/taufiq/workspace/infran-spark/data_inference/Kim_Hong-gul/Kim_Hong-gul_0001_face_1.jpg
Kim_Hong-gul,/Users/taufiq/workspace/infran-spark/data_inference/Kim_Hong-gul/Kim_Hong-gul_0001_face_2.jpg
Kim_Jong-Il,/Users/taufiq/workspace/infran-spark/data_inference/Kim_Jong-Il/Kim_Jong-Il_0001_face_1.jpg
Kim_Jong-Il,/Users/taufiq/workspace/infran-spark/data_inference/Kim_Jong-Il/Kim_Jong-Il_0001_face_2.jpg
Kim_Ryong-sung,/Users/taufiq/workspace/infran-spark/data_inference/Kim_Ryong-sung/Kim_Ryong-sung_0003_face_2.jpg
Kim_Ryong-sung,/Users/taufiq/workspace/infran-spark/data_inference/Kim_Ryong-sung/Kim_Ryong-sung_0003_face_1.jpg
Kim_Ryong-sung,/Users/taufiq/workspace/infran-spark/data_inference/Kim_Ryong-sung/Kim_Ryong-sung_0011_face_4.jpg
Kim_Ryong-sung,/Users/taufiq/workspace/infran-spark/data_inference/Kim_Ryong-sung/Kim_Ryong-sung_0011_face_1.jpg
Kim_Ryong-sung,/Users/taufiq/workspace/infran-spark/data_inference/Kim_Ryong-sung/Kim_Ryong-sung_0011_face_2.jpg
Kim_Ryong-sung,/Users/taufiq/workspace/infran-spark/data_inference/Kim_Ryong-sung/Kim_Ryong-sung_0011_face_3.jpg
Kimi_Raikkonen,/Users/taufiq/workspace/infran-spark/data_inference/Kimi_Raikkonen/Kimi_Raikkonen_0001_face_1.jpg
Kimi_Raikkonen,/Users/taufiq/workspace/infran-spark/data_inference/Kimi_Raikkonen/Kimi_Raikkonen_0001_face_2.jpg
King_Abdullah_II,/Users/taufiq/workspace/infran-spark/data_inference/King_Abdullah_II/King_Abdullah_II_0004_face_2.jpg
King_Abdullah_II,/Users/taufiq/workspace/infran-spark/data_inference/King_Abdullah_II/King_Abdullah_II_0004_face_1.jpg
Kofi_Annan,/Users/taufiq/workspace/infran-spark/data_inference/Kofi_Annan/Kofi_Annan_0007_face_2.jpg
Kofi_Annan,/Users/taufiq/workspace/infran-spark/data_inference/Kofi_Annan/Kofi_Annan_0007_face_1.jpg
Kofi_Annan,/Users/taufiq/workspace/infran-spark/data_inference/Kofi_Annan/Kofi_Annan_0016_face_1.jpg
Kofi_Annan,/Users/taufiq/workspace/infran-spark/data_inference/Kofi_Annan/Kofi_Annan_0016_face_2.jpg
Kofi_Annan,/Users/taufiq/workspace/infran-spark/data_inference/Kofi_Annan/Kofi_Annan_0010_face_2.jpg
Kofi_Annan,/Users/taufiq/workspace/infran-spark/data_inference/Kofi_Annan/Kofi_Annan_0010_face_1.jpg
Kofi_Annan,/Users/taufiq/workspace/infran-spark/data_inference/Kofi_Annan/Kofi_Annan_0004_face_2.jpg
Kofi_Annan,/Users/taufiq/workspace/infran-spark/data_inference/Kofi_Annan/Kofi_Annan_0004_face_1.jpg
Koichi_Haraguchi,/Users/taufiq/workspace/infran-spark/data_inference/Koichi_Haraguchi/Koichi_Haraguchi_0001_face_1.jpg
Koichi_Haraguchi,/Users/taufiq/workspace/infran-spark/data_inference/Koichi_Haraguchi/Koichi_Haraguchi_0001_face_2.jpg
Kosuke_Kitajima,/Users/taufiq/workspace/infran-spark/data_inference/Kosuke_Kitajima/Kosuke_Kitajima_0002_face_1.jpg
Kosuke_Kitajima,/Users/taufiq/workspace/infran-spark/data_inference/Kosuke_Kitajima/Kosuke_Kitajima_0002_face_2.jpg
Krishna_Bhadur_Mahara,/Users/taufiq/workspace/infran-spark/data_inference/Krishna_Bhadur_Mahara/Krishna_Bhadur_Mahara_0001_face_1.jpg
Krishna_Bhadur_Mahara,/Users/taufiq/workspace/infran-spark/data_inference/Krishna_Bhadur_Mahara/Krishna_Bhadur_Mahara_0001_face_2.jpg
Kristen_Breitweiser,/Users/taufiq/workspace/infran-spark/data_inference/Kristen_Breitweiser/Kristen_Breitweiser_0003_face_2.jpg
Kristen_Breitweiser,/Users/taufiq/workspace/infran-spark/data_inference/Kristen_Breitweiser/Kristen_Breitweiser_0003_face_1.jpg
Kristin_Davis,/Users/taufiq/workspace/infran-spark/data_inference/Kristin_Davis/Kristin_Davis_0003_face_2.jpg
Kristin_Davis,/Users/taufiq/workspace/infran-spark/data_inference/Kristin_Davis/Kristin_Davis_0003_face_1.jpg
Kristin_Davis,/Users/taufiq/workspace/infran-spark/data_inference/Kristin_Davis/Kristin_Davis_0002_face_2.jpg
Kristin_Davis,/Users/taufiq/workspace/infran-spark/data_inference/Kristin_Davis/Kristin_Davis_0002_face_1.jpg
Kristin_Scott_Thomas,/Users/taufiq/workspace/infran-spark/data_inference/Kristin_Scott_Thomas/Kristin_Scott_Thomas_0001_face_1.jpg
Kristin_Scott_Thomas,/Users/taufiq/workspace/infran-spark/data_inference/Kristin_Scott_Thomas/Kristin_Scott_Thomas_0001_face_2.jpg
Kurt_Warner,/Users/taufiq/workspace/infran-spark/data_inference/Kurt_Warner/Kurt_Warner_0001_face_1.jpg
Kurt_Warner,/Users/taufiq/workspace/infran-spark/data_inference/Kurt_Warner/Kurt_Warner_0001_face_2.jpg
Kurt_Warner,/Users/taufiq/workspace/infran-spark/data_inference/Kurt_Warner/Kurt_Warner_0002_face_1.jpg
Kurt_Warner,/Users/taufiq/workspace/infran-spark/data_inference/Kurt_Warner/Kurt_Warner_0002_face_2.jpg
Kwon_Yang-sook,/Users/taufiq/workspace/infran-spark/data_inference/Kwon_Yang-sook/Kwon_Yang-sook_0003_face_2.jpg
Kwon_Yang-sook,/Users/taufiq/workspace/infran-spark/data_inference/Kwon_Yang-sook/Kwon_Yang-sook_0003_face_1.jpg
Kyra_Sedgwick,/Users/taufiq/workspace/infran-spark/data_inference/Kyra_Sedgwick/Kyra_Sedgwick_0001_face_2.jpg
Kyra_Sedgwick,/Users/taufiq/workspace/infran-spark/data_inference/Kyra_Sedgwick/Kyra_Sedgwick_0001_face_1.jpg
LK_Advani,/Users/taufiq/workspace/infran-spark/data_inference/LK_Advani/LK_Advani_0002_face_2.jpg
LK_Advani,/Users/taufiq/workspace/infran-spark/data_inference/LK_Advani/LK_Advani_0002_face_1.jpg
LK_Advani,/Users/taufiq/workspace/infran-spark/data_inference/LK_Advani/LK_Advani_0001_face_2.jpg
LK_Advani,/Users/taufiq/workspace/infran-spark/data_inference/LK_Advani/LK_Advani_0001_face_1.jpg
Laila_Ali,/Users/taufiq/workspace/infran-spark/data_inference/Laila_Ali/Laila_Ali_0002_face_1.jpg
Laila_Ali,/Users/taufiq/workspace/infran-spark/data_inference/Laila_Ali/Laila_Ali_0002_face_3.jpg
Laila_Ali,/Users/taufiq/workspace/infran-spark/data_inference/Laila_Ali/Laila_Ali_0002_face_2.jpg
Lance_Armstrong,/Users/taufiq/workspace/infran-spark/data_inference/Lance_Armstrong/Lance_Armstrong_0012_face_2.jpg
Lance_Armstrong,/Users/taufiq/workspace/infran-spark/data_inference/Lance_Armstrong/Lance_Armstrong_0012_face_1.jpg
Lance_Bass,/Users/taufiq/workspace/infran-spark/data_inference/Lance_Bass/Lance_Bass_0002_face_1.jpg
Lance_Bass,/Users/taufiq/workspace/infran-spark/data_inference/Lance_Bass/Lance_Bass_0002_face_2.jpg
Lance_Bass,/Users/taufiq/workspace/infran-spark/data_inference/Lance_Bass/Lance_Bass_0002_face_3.jpg
Larry_Brown,/Users/taufiq/workspace/infran-spark/data_inference/Larry_Brown/Larry_Brown_0005_face_1.jpg
Larry_Brown,/Users/taufiq/workspace/infran-spark/data_inference/Larry_Brown/Larry_Brown_0005_face_2.jpg
Larry_Brown,/Users/taufiq/workspace/infran-spark/data_inference/Larry_Brown/Larry_Brown_0006_face_1.jpg
Larry_Brown,/Users/taufiq/workspace/infran-spark/data_inference/Larry_Brown/Larry_Brown_0006_face_2.jpg
Larry_Johnson,/Users/taufiq/workspace/infran-spark/data_inference/Larry_Johnson/Larry_Johnson_0002_face_1.jpg
Larry_Johnson,/Users/taufiq/workspace/infran-spark/data_inference/Larry_Johnson/Larry_Johnson_0002_face_2.jpg
Larry_Lucchino,/Users/taufiq/workspace/infran-spark/data_inference/Larry_Lucchino/Larry_Lucchino_0001_face_2.jpg
Larry_Lucchino,/Users/taufiq/workspace/infran-spark/data_inference/Larry_Lucchino/Larry_Lucchino_0001_face_1.jpg
Larry_Thompson,/Users/taufiq/workspace/infran-spark/data_inference/Larry_Thompson/Larry_Thompson_0001_face_1.jpg
Larry_Thompson,/Users/taufiq/workspace/infran-spark/data_inference/Larry_Thompson/Larry_Thompson_0001_face_2.jpg
Lars_Von_Trier,/Users/taufiq/workspace/infran-spark/data_inference/Lars_Von_Trier/Lars_Von_Trier_0003_face_1.jpg
Lars_Von_Trier,/Users/taufiq/workspace/infran-spark/data_inference/Lars_Von_Trier/Lars_Von_Trier_0003_face_2.jpg
Lars_Von_Trier,/Users/taufiq/workspace/infran-spark/data_inference/Lars_Von_Trier/Lars_Von_Trier_0002_face_1.jpg
Lars_Von_Trier,/Users/taufiq/workspace/infran-spark/data_inference/Lars_Von_Trier/Lars_Von_Trier_0002_face_2.jpg
Laura_Bush,/Users/taufiq/workspace/infran-spark/data_inference/Laura_Bush/Laura_Bush_0020_face_2.jpg
Laura_Bush,/Users/taufiq/workspace/infran-spark/data_inference/Laura_Bush/Laura_Bush_0020_face_1.jpg
Laura_Bush,/Users/taufiq/workspace/infran-spark/data_inference/Laura_Bush/Laura_Bush_0004_face_1.jpg
Laura_Bush,/Users/taufiq/workspace/infran-spark/data_inference/Laura_Bush/Laura_Bush_0004_face_2.jpg
Laura_Bush,/Users/taufiq/workspace/infran-spark/data_inference/Laura_Bush/Laura_Bush_0004_face_3.jpg
Laura_Bush,/Users/taufiq/workspace/infran-spark/data_inference/Laura_Bush/Laura_Bush_0022_face_2.jpg
Laura_Bush,/Users/taufiq/workspace/infran-spark/data_inference/Laura_Bush/Laura_Bush_0022_face_1.jpg
Laura_Bush,/Users/taufiq/workspace/infran-spark/data_inference/Laura_Bush/Laura_Bush_0021_face_2.jpg
Laura_Bush,/Users/taufiq/workspace/infran-spark/data_inference/Laura_Bush/Laura_Bush_0021_face_1.jpg
Laura_Bush,/Users/taufiq/workspace/infran-spark/data_inference/Laura_Bush/Laura_Bush_0030_face_1.jpg
Laura_Bush,/Users/taufiq/workspace/infran-spark/data_inference/Laura_Bush/Laura_Bush_0030_face_2.jpg
Laura_Bush,/Users/taufiq/workspace/infran-spark/data_inference/Laura_Bush/Laura_Bush_0007_face_1.jpg
Laura_Bush,/Users/taufiq/workspace/infran-spark/data_inference/Laura_Bush/Laura_Bush_0007_face_2.jpg
Laura_Bush,/Users/taufiq/workspace/infran-spark/data_inference/Laura_Bush/Laura_Bush_0002_face_2.jpg
Laura_Bush,/Users/taufiq/workspace/infran-spark/data_inference/Laura_Bush/Laura_Bush_0002_face_1.jpg
Laura_Bush,/Users/taufiq/workspace/infran-spark/data_inference/Laura_Bush/Laura_Bush_0032_face_1.jpg
Laura_Bush,/Users/taufiq/workspace/infran-spark/data_inference/Laura_Bush/Laura_Bush_0032_face_2.jpg
Laura_Bush,/Users/taufiq/workspace/infran-spark/data_inference/Laura_Bush/Laura_Bush_0011_face_1.jpg
Laura_Bush,/Users/taufiq/workspace/infran-spark/data_inference/Laura_Bush/Laura_Bush_0011_face_2.jpg
Laura_Hernandez,/Users/taufiq/workspace/infran-spark/data_inference/Laura_Hernandez/Laura_Hernandez_0001_face_1.jpg
Laura_Hernandez,/Users/taufiq/workspace/infran-spark/data_inference/Laura_Hernandez/Laura_Hernandez_0001_face_2.jpg
Laura_Morante,/Users/taufiq/workspace/infran-spark/data_inference/Laura_Morante/Laura_Morante_0001_face_2.jpg
Laura_Morante,/Users/taufiq/workspace/infran-spark/data_inference/Laura_Morante/Laura_Morante_0001_face_1.jpg
Lauren_Killian,/Users/taufiq/workspace/infran-spark/data_inference/Lauren_Killian/Lauren_Killian_0002_face_2.jpg
Lauren_Killian,/Users/taufiq/workspace/infran-spark/data_inference/Lauren_Killian/Lauren_Killian_0002_face_3.jpg
Lauren_Killian,/Users/taufiq/workspace/infran-spark/data_inference/Lauren_Killian/Lauren_Killian_0002_face_1.jpg
Laurence_Tribe,/Users/taufiq/workspace/infran-spark/data_inference/Laurence_Tribe/Laurence_Tribe_0001_face_2.jpg
Laurence_Tribe,/Users/taufiq/workspace/infran-spark/data_inference/Laurence_Tribe/Laurence_Tribe_0001_face_1.jpg
Laurent_Gbagbo,/Users/taufiq/workspace/infran-spark/data_inference/Laurent_Gbagbo/Laurent_Gbagbo_0001_face_2.jpg
Laurent_Gbagbo,/Users/taufiq/workspace/infran-spark/data_inference/Laurent_Gbagbo/Laurent_Gbagbo_0001_face_1.jpg
LeBron_James,/Users/taufiq/workspace/infran-spark/data_inference/LeBron_James/LeBron_James_0005_face_2.jpg
LeBron_James,/Users/taufiq/workspace/infran-spark/data_inference/LeBron_James/LeBron_James_0005_face_1.jpg
Lea_Fastow,/Users/taufiq/workspace/infran-spark/data_inference/Lea_Fastow/Lea_Fastow_0001_face_1.jpg
Lea_Fastow,/Users/taufiq/workspace/infran-spark/data_inference/Lea_Fastow/Lea_Fastow_0001_face_2.jpg
Lea_Fastow,/Users/taufiq/workspace/infran-spark/data_inference/Lea_Fastow/Lea_Fastow_0002_face_1.jpg
Lea_Fastow,/Users/taufiq/workspace/infran-spark/data_inference/Lea_Fastow/Lea_Fastow_0002_face_2.jpg
Lech_Walesa,/Users/taufiq/workspace/infran-spark/data_inference/Lech_Walesa/Lech_Walesa_0002_face_4.jpg
Lech_Walesa,/Users/taufiq/workspace/infran-spark/data_inference/Lech_Walesa/Lech_Walesa_0002_face_1.jpg
Lech_Walesa,/Users/taufiq/workspace/infran-spark/data_inference/Lech_Walesa/Lech_Walesa_0002_face_2.jpg
Lech_Walesa,/Users/taufiq/workspace/infran-spark/data_inference/Lech_Walesa/Lech_Walesa_0002_face_3.jpg
Lee_Hoi-chang,/Users/taufiq/workspace/infran-spark/data_inference/Lee_Hoi-chang/Lee_Hoi-chang_0001_face_2.jpg
Lee_Hoi-chang,/Users/taufiq/workspace/infran-spark/data_inference/Lee_Hoi-chang/Lee_Hoi-chang_0001_face_1.jpg
Lee_Soo-hyuck,/Users/taufiq/workspace/infran-spark/data_inference/Lee_Soo-hyuck/Lee_Soo-hyuck_0002_face_1.jpg
Lee_Soo-hyuck,/Users/taufiq/workspace/infran-spark/data_inference/Lee_Soo-hyuck/Lee_Soo-hyuck_0002_face_3.jpg
Lee_Soo-hyuck,/Users/taufiq/workspace/infran-spark/data_inference/Lee_Soo-hyuck/Lee_Soo-hyuck_0002_face_2.jpg
Lee_Soo-hyuck,/Users/taufiq/workspace/infran-spark/data_inference/Lee_Soo-hyuck/Lee_Soo-hyuck_0001_face_1.jpg
Lee_Soo-hyuck,/Users/taufiq/workspace/infran-spark/data_inference/Lee_Soo-hyuck/Lee_Soo-hyuck_0001_face_2.jpg
Lee_Soo-hyuck,/Users/taufiq/workspace/infran-spark/data_inference/Lee_Soo-hyuck/Lee_Soo-hyuck_0001_face_3.jpg
Lesley_Coppin,/Users/taufiq/workspace/infran-spark/data_inference/Lesley_Coppin/Lesley_Coppin_0001_face_2.jpg
Lesley_Coppin,/Users/taufiq/workspace/infran-spark/data_inference/Lesley_Coppin/Lesley_Coppin_0001_face_1.jpg
Leslie_Caldwell,/Users/taufiq/workspace/infran-spark/data_inference/Leslie_Caldwell/Leslie_Caldwell_0002_face_2.jpg
Leslie_Caldwell,/Users/taufiq/workspace/infran-spark/data_inference/Leslie_Caldwell/Leslie_Caldwell_0002_face_1.jpg
Leslie_Moonves,/Users/taufiq/workspace/infran-spark/data_inference/Leslie_Moonves/Leslie_Moonves_0002_face_1.jpg
Leslie_Moonves,/Users/taufiq/workspace/infran-spark/data_inference/Leslie_Moonves/Leslie_Moonves_0002_face_2.jpg
Leszek_Miller,/Users/taufiq/workspace/infran-spark/data_inference/Leszek_Miller/Leszek_Miller_0001_face_1.jpg
Leszek_Miller,/Users/taufiq/workspace/infran-spark/data_inference/Leszek_Miller/Leszek_Miller_0001_face_2.jpg
Leszek_Miller,/Users/taufiq/workspace/infran-spark/data_inference/Leszek_Miller/Leszek_Miller_0001_face_3.jpg
Leticia_Van_de_Putte,/Users/taufiq/workspace/infran-spark/data_inference/Leticia_Van_de_Putte/Leticia_Van_de_Putte_0001_face_2.jpg
Leticia_Van_de_Putte,/Users/taufiq/workspace/infran-spark/data_inference/Leticia_Van_de_Putte/Leticia_Van_de_Putte_0001_face_1.jpg
Leuris_Pupo,/Users/taufiq/workspace/infran-spark/data_inference/Leuris_Pupo/Leuris_Pupo_0001_face_2.jpg
Leuris_Pupo,/Users/taufiq/workspace/infran-spark/data_inference/Leuris_Pupo/Leuris_Pupo_0001_face_1.jpg
Lew_Rywin,/Users/taufiq/workspace/infran-spark/data_inference/Lew_Rywin/Lew_Rywin_0001_face_1.jpg
Lew_Rywin,/Users/taufiq/workspace/infran-spark/data_inference/Lew_Rywin/Lew_Rywin_0001_face_2.jpg
Li_Ka-shing,/Users/taufiq/workspace/infran-spark/data_inference/Li_Ka-shing/Li_Ka-shing_0001_face_1.jpg
Li_Ka-shing,/Users/taufiq/workspace/infran-spark/data_inference/Li_Ka-shing/Li_Ka-shing_0001_face_2.jpg
Li_Peng,/Users/taufiq/workspace/infran-spark/data_inference/Li_Peng/Li_Peng_0008_face_2.jpg
Li_Peng,/Users/taufiq/workspace/infran-spark/data_inference/Li_Peng/Li_Peng_0008_face_1.jpg
Li_Peng,/Users/taufiq/workspace/infran-spark/data_inference/Li_Peng/Li_Peng_0002_face_2.jpg
Li_Peng,/Users/taufiq/workspace/infran-spark/data_inference/Li_Peng/Li_Peng_0002_face_1.jpg
Li_Peng,/Users/taufiq/workspace/infran-spark/data_inference/Li_Peng/Li_Peng_0006_face_1.jpg
Li_Peng,/Users/taufiq/workspace/infran-spark/data_inference/Li_Peng/Li_Peng_0006_face_2.jpg
Li_Peng,/Users/taufiq/workspace/infran-spark/data_inference/Li_Peng/Li_Peng_0003_face_2.jpg
Li_Peng,/Users/taufiq/workspace/infran-spark/data_inference/Li_Peng/Li_Peng_0003_face_3.jpg
Li_Peng,/Users/taufiq/workspace/infran-spark/data_inference/Li_Peng/Li_Peng_0003_face_1.jpg
Li_Zhaoxing,/Users/taufiq/workspace/infran-spark/data_inference/Li_Zhaoxing/Li_Zhaoxing_0004_face_4.jpg
Li_Zhaoxing,/Users/taufiq/workspace/infran-spark/data_inference/Li_Zhaoxing/Li_Zhaoxing_0004_face_1.jpg
Li_Zhaoxing,/Users/taufiq/workspace/infran-spark/data_inference/Li_Zhaoxing/Li_Zhaoxing_0004_face_3.jpg
Li_Zhaoxing,/Users/taufiq/workspace/infran-spark/data_inference/Li_Zhaoxing/Li_Zhaoxing_0004_face_2.jpg
Li_Zhaoxing,/Users/taufiq/workspace/infran-spark/data_inference/Li_Zhaoxing/Li_Zhaoxing_0007_face_1.jpg
Li_Zhaoxing,/Users/taufiq/workspace/infran-spark/data_inference/Li_Zhaoxing/Li_Zhaoxing_0007_face_2.jpg
Li_Zhaoxing,/Users/taufiq/workspace/infran-spark/data_inference/Li_Zhaoxing/Li_Zhaoxing_0007_face_3.jpg
Liam_Neeson,/Users/taufiq/workspace/infran-spark/data_inference/Liam_Neeson/Liam_Neeson_0001_face_2.jpg
Liam_Neeson,/Users/taufiq/workspace/infran-spark/data_inference/Liam_Neeson/Liam_Neeson_0001_face_1.jpg
Lidija_Djukanovic,/Users/taufiq/workspace/infran-spark/data_inference/Lidija_Djukanovic/Lidija_Djukanovic_0001_face_2.jpg
Lidija_Djukanovic,/Users/taufiq/workspace/infran-spark/data_inference/Lidija_Djukanovic/Lidija_Djukanovic_0001_face_1.jpg
Linda_Dano,/Users/taufiq/workspace/infran-spark/data_inference/Linda_Dano/Linda_Dano_0001_face_2.jpg
Linda_Dano,/Users/taufiq/workspace/infran-spark/data_inference/Linda_Dano/Linda_Dano_0001_face_1.jpg
Lindsay_Lohan,/Users/taufiq/workspace/infran-spark/data_inference/Lindsay_Lohan/Lindsay_Lohan_0001_face_2.jpg
Lindsay_Lohan,/Users/taufiq/workspace/infran-spark/data_inference/Lindsay_Lohan/Lindsay_Lohan_0001_face_1.jpg
Lino_Oviedo,/Users/taufiq/workspace/infran-spark/data_inference/Lino_Oviedo/Lino_Oviedo_0002_face_2.jpg
Lino_Oviedo,/Users/taufiq/workspace/infran-spark/data_inference/Lino_Oviedo/Lino_Oviedo_0002_face_3.jpg
Lino_Oviedo,/Users/taufiq/workspace/infran-spark/data_inference/Lino_Oviedo/Lino_Oviedo_0002_face_1.jpg
Lino_Oviedo,/Users/taufiq/workspace/infran-spark/data_inference/Lino_Oviedo/Lino_Oviedo_0001_face_2.jpg
Lino_Oviedo,/Users/taufiq/workspace/infran-spark/data_inference/Lino_Oviedo/Lino_Oviedo_0001_face_1.jpg
Liv_Tyler,/Users/taufiq/workspace/infran-spark/data_inference/Liv_Tyler/Liv_Tyler_0001_face_1.jpg
Liv_Tyler,/Users/taufiq/workspace/infran-spark/data_inference/Liv_Tyler/Liv_Tyler_0001_face_2.jpg
Liza_Minnelli,/Users/taufiq/workspace/infran-spark/data_inference/Liza_Minnelli/Liza_Minnelli_0005_face_2.jpg
Liza_Minnelli,/Users/taufiq/workspace/infran-spark/data_inference/Liza_Minnelli/Liza_Minnelli_0005_face_1.jpg
Lleyton_Hewitt,/Users/taufiq/workspace/infran-spark/data_inference/Lleyton_Hewitt/Lleyton_Hewitt_0041_face_2.jpg
Lleyton_Hewitt,/Users/taufiq/workspace/infran-spark/data_inference/Lleyton_Hewitt/Lleyton_Hewitt_0041_face_1.jpg
Lleyton_Hewitt,/Users/taufiq/workspace/infran-spark/data_inference/Lleyton_Hewitt/Lleyton_Hewitt_0007_face_1.jpg
Lleyton_Hewitt,/Users/taufiq/workspace/infran-spark/data_inference/Lleyton_Hewitt/Lleyton_Hewitt_0007_face_2.jpg
Lloyd_Richards,/Users/taufiq/workspace/infran-spark/data_inference/Lloyd_Richards/Lloyd_Richards_0001_face_1.jpg
Lloyd_Richards,/Users/taufiq/workspace/infran-spark/data_inference/Lloyd_Richards/Lloyd_Richards_0001_face_2.jpg
Loretta_Lynn_Harper,/Users/taufiq/workspace/infran-spark/data_inference/Loretta_Lynn_Harper/Loretta_Lynn_Harper_0001_face_2.jpg
Loretta_Lynn_Harper,/Users/taufiq/workspace/infran-spark/data_inference/Loretta_Lynn_Harper/Loretta_Lynn_Harper_0001_face_1.jpg
Lou_Lang,/Users/taufiq/workspace/infran-spark/data_inference/Lou_Lang/Lou_Lang_0001_face_1.jpg
Lou_Lang,/Users/taufiq/workspace/infran-spark/data_inference/Lou_Lang/Lou_Lang_0001_face_2.jpg
Lucio_Gutierrez,/Users/taufiq/workspace/infran-spark/data_inference/Lucio_Gutierrez/Lucio_Gutierrez_0009_face_2.jpg
Lucio_Gutierrez,/Users/taufiq/workspace/infran-spark/data_inference/Lucio_Gutierrez/Lucio_Gutierrez_0009_face_3.jpg
Lucio_Gutierrez,/Users/taufiq/workspace/infran-spark/data_inference/Lucio_Gutierrez/Lucio_Gutierrez_0009_face_1.jpg
Lucio_Gutierrez,/Users/taufiq/workspace/infran-spark/data_inference/Lucio_Gutierrez/Lucio_Gutierrez_0013_face_1.jpg
Lucio_Gutierrez,/Users/taufiq/workspace/infran-spark/data_inference/Lucio_Gutierrez/Lucio_Gutierrez_0013_face_2.jpg
Lucio_Gutierrez,/Users/taufiq/workspace/infran-spark/data_inference/Lucio_Gutierrez/Lucio_Gutierrez_0013_face_3.jpg
Lucio_Gutierrez,/Users/taufiq/workspace/infran-spark/data_inference/Lucio_Gutierrez/Lucio_Gutierrez_0002_face_2.jpg
Lucio_Gutierrez,/Users/taufiq/workspace/infran-spark/data_inference/Lucio_Gutierrez/Lucio_Gutierrez_0002_face_1.jpg
Lucy_Liu,/Users/taufiq/workspace/infran-spark/data_inference/Lucy_Liu/Lucy_Liu_0001_face_2.jpg
Lucy_Liu,/Users/taufiq/workspace/infran-spark/data_inference/Lucy_Liu/Lucy_Liu_0001_face_1.jpg
Ludivine_Sagnier,/Users/taufiq/workspace/infran-spark/data_inference/Ludivine_Sagnier/Ludivine_Sagnier_0004_face_2.jpg
Ludivine_Sagnier,/Users/taufiq/workspace/infran-spark/data_inference/Ludivine_Sagnier/Ludivine_Sagnier_0004_face_1.jpg
Luis_Ernesto_Derbez_Bautista,/Users/taufiq/workspace/infran-spark/data_inference/Luis_Ernesto_Derbez_Bautista/Luis_Ernesto_Derbez_Bautista_0002_face_1.jpg
Luis_Ernesto_Derbez_Bautista,/Users/taufiq/workspace/infran-spark/data_inference/Luis_Ernesto_Derbez_Bautista/Luis_Ernesto_Derbez_Bautista_0002_face_2.jpg
Luis_Ernesto_Derbez_Bautista,/Users/taufiq/workspace/infran-spark/data_inference/Luis_Ernesto_Derbez_Bautista/Luis_Ernesto_Derbez_Bautista_0002_face_3.jpg
Luis_Figo,/Users/taufiq/workspace/infran-spark/data_inference/Luis_Figo/Luis_Figo_0003_face_1.jpg
Luis_Figo,/Users/taufiq/workspace/infran-spark/data_inference/Luis_Figo/Luis_Figo_0003_face_2.jpg
Luis_Figo,/Users/taufiq/workspace/infran-spark/data_inference/Luis_Figo/Luis_Figo_0003_face_3.jpg
Luis_Gonzalez_Macchi,/Users/taufiq/workspace/infran-spark/data_inference/Luis_Gonzalez_Macchi/Luis_Gonzalez_Macchi_0001_face_1.jpg
Luis_Gonzalez_Macchi,/Users/taufiq/workspace/infran-spark/data_inference/Luis_Gonzalez_Macchi/Luis_Gonzalez_Macchi_0001_face_3.jpg
Luis_Gonzalez_Macchi,/Users/taufiq/workspace/infran-spark/data_inference/Luis_Gonzalez_Macchi/Luis_Gonzalez_Macchi_0001_face_2.jpg
Luiz_Inacio_Lula_da_Silva,/Users/taufiq/workspace/infran-spark/data_inference/Luiz_Inacio_Lula_da_Silva/Luiz_Inacio_Lula_da_Silva_0004_face_1.jpg
Luiz_Inacio_Lula_da_Silva,/Users/taufiq/workspace/infran-spark/data_inference/Luiz_Inacio_Lula_da_Silva/Luiz_Inacio_Lula_da_Silva_0004_face_2.jpg
Luiz_Inacio_Lula_da_Silva,/Users/taufiq/workspace/infran-spark/data_inference/Luiz_Inacio_Lula_da_Silva/Luiz_Inacio_Lula_da_Silva_0010_face_1.jpg
Luiz_Inacio_Lula_da_Silva,/Users/taufiq/workspace/infran-spark/data_inference/Luiz_Inacio_Lula_da_Silva/Luiz_Inacio_Lula_da_Silva_0010_face_2.jpg
Luiz_Inacio_Lula_da_Silva,/Users/taufiq/workspace/infran-spark/data_inference/Luiz_Inacio_Lula_da_Silva/Luiz_Inacio_Lula_da_Silva_0017_face_2.jpg
Luiz_Inacio_Lula_da_Silva,/Users/taufiq/workspace/infran-spark/data_inference/Luiz_Inacio_Lula_da_Silva/Luiz_Inacio_Lula_da_Silva_0017_face_1.jpg
Luiz_Inacio_Lula_da_Silva,/Users/taufiq/workspace/infran-spark/data_inference/Luiz_Inacio_Lula_da_Silva/Luiz_Inacio_Lula_da_Silva_0031_face_1.jpg
Luiz_Inacio_Lula_da_Silva,/Users/taufiq/workspace/infran-spark/data_inference/Luiz_Inacio_Lula_da_Silva/Luiz_Inacio_Lula_da_Silva_0031_face_2.jpg
Luiz_Inacio_Lula_da_Silva,/Users/taufiq/workspace/infran-spark/data_inference/Luiz_Inacio_Lula_da_Silva/Luiz_Inacio_Lula_da_Silva_0025_face_1.jpg
Luiz_Inacio_Lula_da_Silva,/Users/taufiq/workspace/infran-spark/data_inference/Luiz_Inacio_Lula_da_Silva/Luiz_Inacio_Lula_da_Silva_0025_face_2.jpg
Luiz_Inacio_Lula_da_Silva,/Users/taufiq/workspace/infran-spark/data_inference/Luiz_Inacio_Lula_da_Silva/Luiz_Inacio_Lula_da_Silva_0003_face_2.jpg
Luiz_Inacio_Lula_da_Silva,/Users/taufiq/workspace/infran-spark/data_inference/Luiz_Inacio_Lula_da_Silva/Luiz_Inacio_Lula_da_Silva_0003_face_1.jpg
Luiz_Inacio_Lula_da_Silva,/Users/taufiq/workspace/infran-spark/data_inference/Luiz_Inacio_Lula_da_Silva/Luiz_Inacio_Lula_da_Silva_0011_face_1.jpg
Luiz_Inacio_Lula_da_Silva,/Users/taufiq/workspace/infran-spark/data_inference/Luiz_Inacio_Lula_da_Silva/Luiz_Inacio_Lula_da_Silva_0011_face_2.jpg
Luiz_Inacio_Lula_da_Silva,/Users/taufiq/workspace/infran-spark/data_inference/Luiz_Inacio_Lula_da_Silva/Luiz_Inacio_Lula_da_Silva_0044_face_1.jpg
Luiz_Inacio_Lula_da_Silva,/Users/taufiq/workspace/infran-spark/data_inference/Luiz_Inacio_Lula_da_Silva/Luiz_Inacio_Lula_da_Silva_0044_face_2.jpg
Luiz_Inacio_Lula_da_Silva,/Users/taufiq/workspace/infran-spark/data_inference/Luiz_Inacio_Lula_da_Silva/Luiz_Inacio_Lula_da_Silva_0041_face_3.jpg
Luiz_Inacio_Lula_da_Silva,/Users/taufiq/workspace/infran-spark/data_inference/Luiz_Inacio_Lula_da_Silva/Luiz_Inacio_Lula_da_Silva_0041_face_2.jpg
Luiz_Inacio_Lula_da_Silva,/Users/taufiq/workspace/infran-spark/data_inference/Luiz_Inacio_Lula_da_Silva/Luiz_Inacio_Lula_da_Silva_0041_face_1.jpg
Luiz_Inacio_Lula_da_Silva,/Users/taufiq/workspace/infran-spark/data_inference/Luiz_Inacio_Lula_da_Silva/Luiz_Inacio_Lula_da_Silva_0019_face_1.jpg
Luiz_Inacio_Lula_da_Silva,/Users/taufiq/workspace/infran-spark/data_inference/Luiz_Inacio_Lula_da_Silva/Luiz_Inacio_Lula_da_Silva_0019_face_2.jpg
Luiz_Inacio_Lula_da_Silva,/Users/taufiq/workspace/infran-spark/data_inference/Luiz_Inacio_Lula_da_Silva/Luiz_Inacio_Lula_da_Silva_0013_face_1.jpg
Luiz_Inacio_Lula_da_Silva,/Users/taufiq/workspace/infran-spark/data_inference/Luiz_Inacio_Lula_da_Silva/Luiz_Inacio_Lula_da_Silva_0013_face_2.jpg
Luiz_Inacio_Lula_da_Silva,/Users/taufiq/workspace/infran-spark/data_inference/Luiz_Inacio_Lula_da_Silva/Luiz_Inacio_Lula_da_Silva_0024_face_1.jpg
Luiz_Inacio_Lula_da_Silva,/Users/taufiq/workspace/infran-spark/data_inference/Luiz_Inacio_Lula_da_Silva/Luiz_Inacio_Lula_da_Silva_0024_face_2.jpg
Luiz_Inacio_Lula_da_Silva,/Users/taufiq/workspace/infran-spark/data_inference/Luiz_Inacio_Lula_da_Silva/Luiz_Inacio_Lula_da_Silva_0038_face_1.jpg
Luiz_Inacio_Lula_da_Silva,/Users/taufiq/workspace/infran-spark/data_inference/Luiz_Inacio_Lula_da_Silva/Luiz_Inacio_Lula_da_Silva_0038_face_2.jpg
Luke_Walton,/Users/taufiq/workspace/infran-spark/data_inference/Luke_Walton/Luke_Walton_0002_face_2.jpg
Luke_Walton,/Users/taufiq/workspace/infran-spark/data_inference/Luke_Walton/Luke_Walton_0002_face_1.jpg
Luther_Htu,/Users/taufiq/workspace/infran-spark/data_inference/Luther_Htu/Luther_Htu_0001_face_1.jpg
Luther_Htu,/Users/taufiq/workspace/infran-spark/data_inference/Luther_Htu/Luther_Htu_0001_face_2.jpg
Lynn_Abraham,/Users/taufiq/workspace/infran-spark/data_inference/Lynn_Abraham/Lynn_Abraham_0002_face_1.jpg
Lynn_Abraham,/Users/taufiq/workspace/infran-spark/data_inference/Lynn_Abraham/Lynn_Abraham_0002_face_3.jpg
Lynn_Abraham,/Users/taufiq/workspace/infran-spark/data_inference/Lynn_Abraham/Lynn_Abraham_0002_face_2.jpg
Lynn_Abraham,/Users/taufiq/workspace/infran-spark/data_inference/Lynn_Abraham/Lynn_Abraham_0001_face_1.jpg
Lynn_Abraham,/Users/taufiq/workspace/infran-spark/data_inference/Lynn_Abraham/Lynn_Abraham_0001_face_2.jpg
Lynn_Abraham,/Users/taufiq/workspace/infran-spark/data_inference/Lynn_Abraham/Lynn_Abraham_0001_face_3.jpg
Madonna,/Users/taufiq/workspace/infran-spark/data_inference/Madonna/Madonna_0004_face_2.jpg
Madonna,/Users/taufiq/workspace/infran-spark/data_inference/Madonna/Madonna_0004_face_1.jpg
Mahathir_Mohamad,/Users/taufiq/workspace/infran-spark/data_inference/Mahathir_Mohamad/Mahathir_Mohamad_0002_face_3.jpg
Mahathir_Mohamad,/Users/taufiq/workspace/infran-spark/data_inference/Mahathir_Mohamad/Mahathir_Mohamad_0002_face_2.jpg
Mahathir_Mohamad,/Users/taufiq/workspace/infran-spark/data_inference/Mahathir_Mohamad/Mahathir_Mohamad_0002_face_1.jpg
Mahathir_Mohamad,/Users/taufiq/workspace/infran-spark/data_inference/Mahathir_Mohamad/Mahathir_Mohamad_0003_face_2.jpg
Mahathir_Mohamad,/Users/taufiq/workspace/infran-spark/data_inference/Mahathir_Mohamad/Mahathir_Mohamad_0003_face_1.jpg
Mahathir_Mohamad,/Users/taufiq/workspace/infran-spark/data_inference/Mahathir_Mohamad/Mahathir_Mohamad_0009_face_2.jpg
Mahathir_Mohamad,/Users/taufiq/workspace/infran-spark/data_inference/Mahathir_Mohamad/Mahathir_Mohamad_0009_face_3.jpg
Mahathir_Mohamad,/Users/taufiq/workspace/infran-spark/data_inference/Mahathir_Mohamad/Mahathir_Mohamad_0009_face_1.jpg
Mahdi_Al_Bassam,/Users/taufiq/workspace/infran-spark/data_inference/Mahdi_Al_Bassam/Mahdi_Al_Bassam_0001_face_2.jpg
Mahdi_Al_Bassam,/Users/taufiq/workspace/infran-spark/data_inference/Mahdi_Al_Bassam/Mahdi_Al_Bassam_0001_face_1.jpg
Mahmoud_Abbas,/Users/taufiq/workspace/infran-spark/data_inference/Mahmoud_Abbas/Mahmoud_Abbas_0018_face_2.jpg
Mahmoud_Abbas,/Users/taufiq/workspace/infran-spark/data_inference/Mahmoud_Abbas/Mahmoud_Abbas_0018_face_1.jpg
Mahmoud_Abbas,/Users/taufiq/workspace/infran-spark/data_inference/Mahmoud_Abbas/Mahmoud_Abbas_0010_face_2.jpg
Mahmoud_Abbas,/Users/taufiq/workspace/infran-spark/data_inference/Mahmoud_Abbas/Mahmoud_Abbas_0010_face_1.jpg
Mahmoud_Abbas,/Users/taufiq/workspace/infran-spark/data_inference/Mahmoud_Abbas/Mahmoud_Abbas_0028_face_1.jpg
Mahmoud_Abbas,/Users/taufiq/workspace/infran-spark/data_inference/Mahmoud_Abbas/Mahmoud_Abbas_0028_face_2.jpg
Mahmoud_Abbas,/Users/taufiq/workspace/infran-spark/data_inference/Mahmoud_Abbas/Mahmoud_Abbas_0013_face_2.jpg
Mahmoud_Abbas,/Users/taufiq/workspace/infran-spark/data_inference/Mahmoud_Abbas/Mahmoud_Abbas_0013_face_1.jpg
Mahmoud_Abbas,/Users/taufiq/workspace/infran-spark/data_inference/Mahmoud_Abbas/Mahmoud_Abbas_0029_face_1.jpg
Mahmoud_Abbas,/Users/taufiq/workspace/infran-spark/data_inference/Mahmoud_Abbas/Mahmoud_Abbas_0029_face_2.jpg
Mahmoud_Abbas,/Users/taufiq/workspace/infran-spark/data_inference/Mahmoud_Abbas/Mahmoud_Abbas_0021_face_1.jpg
Mahmoud_Abbas,/Users/taufiq/workspace/infran-spark/data_inference/Mahmoud_Abbas/Mahmoud_Abbas_0021_face_2.jpg
Mahmoud_Abbas,/Users/taufiq/workspace/infran-spark/data_inference/Mahmoud_Abbas/Mahmoud_Abbas_0021_face_3.jpg
Makhdoom_Amin_Fahim,/Users/taufiq/workspace/infran-spark/data_inference/Makhdoom_Amin_Fahim/Makhdoom_Amin_Fahim_0001_face_3.jpg
Makhdoom_Amin_Fahim,/Users/taufiq/workspace/infran-spark/data_inference/Makhdoom_Amin_Fahim/Makhdoom_Amin_Fahim_0001_face_2.jpg
Makhdoom_Amin_Fahim,/Users/taufiq/workspace/infran-spark/data_inference/Makhdoom_Amin_Fahim/Makhdoom_Amin_Fahim_0001_face_1.jpg
Makiya_Ali_Hassan,/Users/taufiq/workspace/infran-spark/data_inference/Makiya_Ali_Hassan/Makiya_Ali_Hassan_0001_face_2.jpg
Makiya_Ali_Hassan,/Users/taufiq/workspace/infran-spark/data_inference/Makiya_Ali_Hassan/Makiya_Ali_Hassan_0001_face_1.jpg
Manfred_Stolpe,/Users/taufiq/workspace/infran-spark/data_inference/Manfred_Stolpe/Manfred_Stolpe_0001_face_2.jpg
Manfred_Stolpe,/Users/taufiq/workspace/infran-spark/data_inference/Manfred_Stolpe/Manfred_Stolpe_0001_face_1.jpg
Manijeh_Hekmat,/Users/taufiq/workspace/infran-spark/data_inference/Manijeh_Hekmat/Manijeh_Hekmat_0001_face_1.jpg
Manijeh_Hekmat,/Users/taufiq/workspace/infran-spark/data_inference/Manijeh_Hekmat/Manijeh_Hekmat_0001_face_2.jpg
Manijeh_Hekmat,/Users/taufiq/workspace/infran-spark/data_inference/Manijeh_Hekmat/Manijeh_Hekmat_0001_face_3.jpg
Marc_Anthony,/Users/taufiq/workspace/infran-spark/data_inference/Marc_Anthony/Marc_Anthony_0001_face_2.jpg
Marc_Anthony,/Users/taufiq/workspace/infran-spark/data_inference/Marc_Anthony/Marc_Anthony_0001_face_1.jpg
Marcelo_Ebrard,/Users/taufiq/workspace/infran-spark/data_inference/Marcelo_Ebrard/Marcelo_Ebrard_0002_face_3.jpg
Marcelo_Ebrard,/Users/taufiq/workspace/infran-spark/data_inference/Marcelo_Ebrard/Marcelo_Ebrard_0002_face_2.jpg
Marcelo_Ebrard,/Users/taufiq/workspace/infran-spark/data_inference/Marcelo_Ebrard/Marcelo_Ebrard_0002_face_1.jpg
Marcelo_Ebrard,/Users/taufiq/workspace/infran-spark/data_inference/Marcelo_Ebrard/Marcelo_Ebrard_0003_face_2.jpg
Marcelo_Ebrard,/Users/taufiq/workspace/infran-spark/data_inference/Marcelo_Ebrard/Marcelo_Ebrard_0003_face_1.jpg
Marcelo_Rios,/Users/taufiq/workspace/infran-spark/data_inference/Marcelo_Rios/Marcelo_Rios_0001_face_2.jpg
Marcelo_Rios,/Users/taufiq/workspace/infran-spark/data_inference/Marcelo_Rios/Marcelo_Rios_0001_face_1.jpg
Marco_Antonio_Barrera,/Users/taufiq/workspace/infran-spark/data_inference/Marco_Antonio_Barrera/Marco_Antonio_Barrera_0003_face_1.jpg
Marco_Antonio_Barrera,/Users/taufiq/workspace/infran-spark/data_inference/Marco_Antonio_Barrera/Marco_Antonio_Barrera_0003_face_2.jpg
Marco_Irizarry,/Users/taufiq/workspace/infran-spark/data_inference/Marco_Irizarry/Marco_Irizarry_0001_face_2.jpg
Marco_Irizarry,/Users/taufiq/workspace/infran-spark/data_inference/Marco_Irizarry/Marco_Irizarry_0001_face_1.jpg
Marcus_Garrettson,/Users/taufiq/workspace/infran-spark/data_inference/Marcus_Garrettson/Marcus_Garrettson_0001_face_1.jpg
Marcus_Garrettson,/Users/taufiq/workspace/infran-spark/data_inference/Marcus_Garrettson/Marcus_Garrettson_0001_face_2.jpg
Maria_Luisa_Mendonca,/Users/taufiq/workspace/infran-spark/data_inference/Maria_Luisa_Mendonca/Maria_Luisa_Mendonca_0001_face_1.jpg
Maria_Luisa_Mendonca,/Users/taufiq/workspace/infran-spark/data_inference/Maria_Luisa_Mendonca/Maria_Luisa_Mendonca_0001_face_2.jpg
Maria_Luisa_Mendonca,/Users/taufiq/workspace/infran-spark/data_inference/Maria_Luisa_Mendonca/Maria_Luisa_Mendonca_0002_face_1.jpg
Maria_Luisa_Mendonca,/Users/taufiq/workspace/infran-spark/data_inference/Maria_Luisa_Mendonca/Maria_Luisa_Mendonca_0002_face_2.jpg
Maria_Shriver,/Users/taufiq/workspace/infran-spark/data_inference/Maria_Shriver/Maria_Shriver_0008_face_1.jpg
Maria_Shriver,/Users/taufiq/workspace/infran-spark/data_inference/Maria_Shriver/Maria_Shriver_0008_face_2.jpg
Maria_Shriver,/Users/taufiq/workspace/infran-spark/data_inference/Maria_Shriver/Maria_Shriver_0001_face_1.jpg
Maria_Shriver,/Users/taufiq/workspace/infran-spark/data_inference/Maria_Shriver/Maria_Shriver_0001_face_2.jpg
Maria_Shriver,/Users/taufiq/workspace/infran-spark/data_inference/Maria_Shriver/Maria_Shriver_0003_face_1.jpg
Maria_Shriver,/Users/taufiq/workspace/infran-spark/data_inference/Maria_Shriver/Maria_Shriver_0003_face_2.jpg
Mariana_Pollack,/Users/taufiq/workspace/infran-spark/data_inference/Mariana_Pollack/Mariana_Pollack_0003_face_1.jpg
Mariana_Pollack,/Users/taufiq/workspace/infran-spark/data_inference/Mariana_Pollack/Mariana_Pollack_0003_face_2.jpg
Marina_Anissina,/Users/taufiq/workspace/infran-spark/data_inference/Marina_Anissina/Marina_Anissina_0002_face_1.jpg
Marina_Anissina,/Users/taufiq/workspace/infran-spark/data_inference/Marina_Anissina/Marina_Anissina_0002_face_2.jpg
Mario_Dumont,/Users/taufiq/workspace/infran-spark/data_inference/Mario_Dumont/Mario_Dumont_0001_face_1.jpg
Mario_Dumont,/Users/taufiq/workspace/infran-spark/data_inference/Mario_Dumont/Mario_Dumont_0001_face_2.jpg
Marion_Barry,/Users/taufiq/workspace/infran-spark/data_inference/Marion_Barry/Marion_Barry_0001_face_1.jpg
Marion_Barry,/Users/taufiq/workspace/infran-spark/data_inference/Marion_Barry/Marion_Barry_0001_face_2.jpg
Marion_Barry,/Users/taufiq/workspace/infran-spark/data_inference/Marion_Barry/Marion_Barry_0001_face_3.jpg
Marisa_Tomei,/Users/taufiq/workspace/infran-spark/data_inference/Marisa_Tomei/Marisa_Tomei_0002_face_1.jpg
Marisa_Tomei,/Users/taufiq/workspace/infran-spark/data_inference/Marisa_Tomei/Marisa_Tomei_0002_face_2.jpg
Mark_Foley,/Users/taufiq/workspace/infran-spark/data_inference/Mark_Foley/Mark_Foley_0001_face_2.jpg
Mark_Foley,/Users/taufiq/workspace/infran-spark/data_inference/Mark_Foley/Mark_Foley_0001_face_1.jpg
Mark_Geragos,/Users/taufiq/workspace/infran-spark/data_inference/Mark_Geragos/Mark_Geragos_0001_face_3.jpg
Mark_Geragos,/Users/taufiq/workspace/infran-spark/data_inference/Mark_Geragos/Mark_Geragos_0001_face_2.jpg
Mark_Geragos,/Users/taufiq/workspace/infran-spark/data_inference/Mark_Geragos/Mark_Geragos_0001_face_1.jpg
Mark_Geragos,/Users/taufiq/workspace/infran-spark/data_inference/Mark_Geragos/Mark_Geragos_0001_face_4.jpg
Mark_Heller,/Users/taufiq/workspace/infran-spark/data_inference/Mark_Heller/Mark_Heller_0002_face_1.jpg
Mark_Heller,/Users/taufiq/workspace/infran-spark/data_inference/Mark_Heller/Mark_Heller_0002_face_2.jpg
Mark_Hurlbert,/Users/taufiq/workspace/infran-spark/data_inference/Mark_Hurlbert/Mark_Hurlbert_0004_face_1.jpg
Mark_Hurlbert,/Users/taufiq/workspace/infran-spark/data_inference/Mark_Hurlbert/Mark_Hurlbert_0004_face_2.jpg
Mark_Hurlbert,/Users/taufiq/workspace/infran-spark/data_inference/Mark_Hurlbert/Mark_Hurlbert_0001_face_2.jpg
Mark_Hurlbert,/Users/taufiq/workspace/infran-spark/data_inference/Mark_Hurlbert/Mark_Hurlbert_0001_face_1.jpg
Mark_Kelly,/Users/taufiq/workspace/infran-spark/data_inference/Mark_Kelly/Mark_Kelly_0001_face_2.jpg
Mark_Kelly,/Users/taufiq/workspace/infran-spark/data_inference/Mark_Kelly/Mark_Kelly_0001_face_1.jpg
Mark_Philippoussis,/Users/taufiq/workspace/infran-spark/data_inference/Mark_Philippoussis/Mark_Philippoussis_0003_face_1.jpg
Mark_Philippoussis,/Users/taufiq/workspace/infran-spark/data_inference/Mark_Philippoussis/Mark_Philippoussis_0003_face_2.jpg
Mark_Podlesny,/Users/taufiq/workspace/infran-spark/data_inference/Mark_Podlesny/Mark_Podlesny_0001_face_2.jpg
Mark_Podlesny,/Users/taufiq/workspace/infran-spark/data_inference/Mark_Podlesny/Mark_Podlesny_0001_face_1.jpg
Mark_Richt,/Users/taufiq/workspace/infran-spark/data_inference/Mark_Richt/Mark_Richt_0002_face_1.jpg
Mark_Richt,/Users/taufiq/workspace/infran-spark/data_inference/Mark_Richt/Mark_Richt_0002_face_2.jpg
Mark_Richt,/Users/taufiq/workspace/infran-spark/data_inference/Mark_Richt/Mark_Richt_0003_face_1.jpg
Mark_Richt,/Users/taufiq/workspace/infran-spark/data_inference/Mark_Richt/Mark_Richt_0003_face_2.jpg
Martha_Beatriz_Roque,/Users/taufiq/workspace/infran-spark/data_inference/Martha_Beatriz_Roque/Martha_Beatriz_Roque_0001_face_1.jpg
Martha_Beatriz_Roque,/Users/taufiq/workspace/infran-spark/data_inference/Martha_Beatriz_Roque/Martha_Beatriz_Roque_0001_face_2.jpg
Martha_Bowen,/Users/taufiq/workspace/infran-spark/data_inference/Martha_Bowen/Martha_Bowen_0002_face_2.jpg
Martha_Bowen,/Users/taufiq/workspace/infran-spark/data_inference/Martha_Bowen/Martha_Bowen_0002_face_1.jpg
Martha_Lucia_Ramirez,/Users/taufiq/workspace/infran-spark/data_inference/Martha_Lucia_Ramirez/Martha_Lucia_Ramirez_0003_face_1.jpg
Martha_Lucia_Ramirez,/Users/taufiq/workspace/infran-spark/data_inference/Martha_Lucia_Ramirez/Martha_Lucia_Ramirez_0003_face_2.jpg
Martha_Stewart,/Users/taufiq/workspace/infran-spark/data_inference/Martha_Stewart/Martha_Stewart_0002_face_1.jpg
Martha_Stewart,/Users/taufiq/workspace/infran-spark/data_inference/Martha_Stewart/Martha_Stewart_0002_face_2.jpg
Martin_Brooke,/Users/taufiq/workspace/infran-spark/data_inference/Martin_Brooke/Martin_Brooke_0001_face_2.jpg
Martin_Brooke,/Users/taufiq/workspace/infran-spark/data_inference/Martin_Brooke/Martin_Brooke_0001_face_1.jpg
Martin_Scorsese,/Users/taufiq/workspace/infran-spark/data_inference/Martin_Scorsese/Martin_Scorsese_0002_face_2.jpg
Martin_Scorsese,/Users/taufiq/workspace/infran-spark/data_inference/Martin_Scorsese/Martin_Scorsese_0002_face_3.jpg
Martin_Scorsese,/Users/taufiq/workspace/infran-spark/data_inference/Martin_Scorsese/Martin_Scorsese_0002_face_1.jpg
Martin_Scorsese,/Users/taufiq/workspace/infran-spark/data_inference/Martin_Scorsese/Martin_Scorsese_0001_face_2.jpg
Martin_Scorsese,/Users/taufiq/workspace/infran-spark/data_inference/Martin_Scorsese/Martin_Scorsese_0001_face_1.jpg
Mary-Kate_Olsen,/Users/taufiq/workspace/infran-spark/data_inference/Mary-Kate_Olsen/Mary-Kate_Olsen_0003_face_1.jpg
Mary-Kate_Olsen,/Users/taufiq/workspace/infran-spark/data_inference/Mary-Kate_Olsen/Mary-Kate_Olsen_0003_face_2.jpg
Maryn_McKenna,/Users/taufiq/workspace/infran-spark/data_inference/Maryn_McKenna/Maryn_McKenna_0001_face_2.jpg
Maryn_McKenna,/Users/taufiq/workspace/infran-spark/data_inference/Maryn_McKenna/Maryn_McKenna_0001_face_1.jpg
Matt_Doherty,/Users/taufiq/workspace/infran-spark/data_inference/Matt_Doherty/Matt_Doherty_0001_face_2.jpg
Matt_Doherty,/Users/taufiq/workspace/infran-spark/data_inference/Matt_Doherty/Matt_Doherty_0001_face_1.jpg
Matthew_Perry,/Users/taufiq/workspace/infran-spark/data_inference/Matthew_Perry/Matthew_Perry_0004_face_2.jpg
Matthew_Perry,/Users/taufiq/workspace/infran-spark/data_inference/Matthew_Perry/Matthew_Perry_0004_face_1.jpg
Matthew_Perry,/Users/taufiq/workspace/infran-spark/data_inference/Matthew_Perry/Matthew_Perry_0003_face_1.jpg
Matthew_Perry,/Users/taufiq/workspace/infran-spark/data_inference/Matthew_Perry/Matthew_Perry_0003_face_2.jpg
Matthew_Perry,/Users/taufiq/workspace/infran-spark/data_inference/Matthew_Perry/Matthew_Perry_0003_face_3.jpg
Matthew_Perry,/Users/taufiq/workspace/infran-spark/data_inference/Matthew_Perry/Matthew_Perry_0006_face_2.jpg
Matthew_Perry,/Users/taufiq/workspace/infran-spark/data_inference/Matthew_Perry/Matthew_Perry_0006_face_1.jpg
Max_von_Sydow,/Users/taufiq/workspace/infran-spark/data_inference/Max_von_Sydow/Max_von_Sydow_0001_face_4.jpg
Max_von_Sydow,/Users/taufiq/workspace/infran-spark/data_inference/Max_von_Sydow/Max_von_Sydow_0001_face_1.jpg
Max_von_Sydow,/Users/taufiq/workspace/infran-spark/data_inference/Max_von_Sydow/Max_von_Sydow_0001_face_3.jpg
Max_von_Sydow,/Users/taufiq/workspace/infran-spark/data_inference/Max_von_Sydow/Max_von_Sydow_0001_face_2.jpg
Meg_Wakeman,/Users/taufiq/workspace/infran-spark/data_inference/Meg_Wakeman/Meg_Wakeman_0001_face_1.jpg
Meg_Wakeman,/Users/taufiq/workspace/infran-spark/data_inference/Meg_Wakeman/Meg_Wakeman_0001_face_2.jpg
Megawati_Sukarnoputri,/Users/taufiq/workspace/infran-spark/data_inference/Megawati_Sukarnoputri/Megawati_Sukarnoputri_0025_face_1.jpg
Megawati_Sukarnoputri,/Users/taufiq/workspace/infran-spark/data_inference/Megawati_Sukarnoputri/Megawati_Sukarnoputri_0025_face_2.jpg
Megawati_Sukarnoputri,/Users/taufiq/workspace/infran-spark/data_inference/Megawati_Sukarnoputri/Megawati_Sukarnoputri_0012_face_1.jpg
Megawati_Sukarnoputri,/Users/taufiq/workspace/infran-spark/data_inference/Megawati_Sukarnoputri/Megawati_Sukarnoputri_0012_face_2.jpg
Megawati_Sukarnoputri,/Users/taufiq/workspace/infran-spark/data_inference/Megawati_Sukarnoputri/Megawati_Sukarnoputri_0003_face_2.jpg
Megawati_Sukarnoputri,/Users/taufiq/workspace/infran-spark/data_inference/Megawati_Sukarnoputri/Megawati_Sukarnoputri_0003_face_1.jpg
Megawati_Sukarnoputri,/Users/taufiq/workspace/infran-spark/data_inference/Megawati_Sukarnoputri/Megawati_Sukarnoputri_0031_face_1.jpg
Megawati_Sukarnoputri,/Users/taufiq/workspace/infran-spark/data_inference/Megawati_Sukarnoputri/Megawati_Sukarnoputri_0031_face_2.jpg
Megawati_Sukarnoputri,/Users/taufiq/workspace/infran-spark/data_inference/Megawati_Sukarnoputri/Megawati_Sukarnoputri_0001_face_2.jpg
Megawati_Sukarnoputri,/Users/taufiq/workspace/infran-spark/data_inference/Megawati_Sukarnoputri/Megawati_Sukarnoputri_0001_face_1.jpg
Megawati_Sukarnoputri,/Users/taufiq/workspace/infran-spark/data_inference/Megawati_Sukarnoputri/Megawati_Sukarnoputri_0027_face_1.jpg
Megawati_Sukarnoputri,/Users/taufiq/workspace/infran-spark/data_inference/Megawati_Sukarnoputri/Megawati_Sukarnoputri_0027_face_2.jpg
Megawati_Sukarnoputri,/Users/taufiq/workspace/infran-spark/data_inference/Megawati_Sukarnoputri/Megawati_Sukarnoputri_0029_face_4.jpg
Megawati_Sukarnoputri,/Users/taufiq/workspace/infran-spark/data_inference/Megawati_Sukarnoputri/Megawati_Sukarnoputri_0029_face_2.jpg
Megawati_Sukarnoputri,/Users/taufiq/workspace/infran-spark/data_inference/Megawati_Sukarnoputri/Megawati_Sukarnoputri_0029_face_3.jpg
Megawati_Sukarnoputri,/Users/taufiq/workspace/infran-spark/data_inference/Megawati_Sukarnoputri/Megawati_Sukarnoputri_0029_face_1.jpg
Megawati_Sukarnoputri,/Users/taufiq/workspace/infran-spark/data_inference/Megawati_Sukarnoputri/Megawati_Sukarnoputri_0005_face_1.jpg
Megawati_Sukarnoputri,/Users/taufiq/workspace/infran-spark/data_inference/Megawati_Sukarnoputri/Megawati_Sukarnoputri_0005_face_2.jpg
Mehmet_Ali_Sahin,/Users/taufiq/workspace/infran-spark/data_inference/Mehmet_Ali_Sahin/Mehmet_Ali_Sahin_0001_face_2.jpg
Mehmet_Ali_Sahin,/Users/taufiq/workspace/infran-spark/data_inference/Mehmet_Ali_Sahin/Mehmet_Ali_Sahin_0001_face_3.jpg
Mehmet_Ali_Sahin,/Users/taufiq/workspace/infran-spark/data_inference/Mehmet_Ali_Sahin/Mehmet_Ali_Sahin_0001_face_1.jpg
Mel_Brooks,/Users/taufiq/workspace/infran-spark/data_inference/Mel_Brooks/Mel_Brooks_0002_face_2.jpg
Mel_Brooks,/Users/taufiq/workspace/infran-spark/data_inference/Mel_Brooks/Mel_Brooks_0002_face_3.jpg
Mel_Brooks,/Users/taufiq/workspace/infran-spark/data_inference/Mel_Brooks/Mel_Brooks_0002_face_1.jpg
Mel_Gibson,/Users/taufiq/workspace/infran-spark/data_inference/Mel_Gibson/Mel_Gibson_0002_face_1.jpg
Mel_Gibson,/Users/taufiq/workspace/infran-spark/data_inference/Mel_Gibson/Mel_Gibson_0002_face_2.jpg
Mel_Gibson,/Users/taufiq/workspace/infran-spark/data_inference/Mel_Gibson/Mel_Gibson_0001_face_1.jpg
Mel_Gibson,/Users/taufiq/workspace/infran-spark/data_inference/Mel_Gibson/Mel_Gibson_0001_face_2.jpg
Melissa_Etheridge,/Users/taufiq/workspace/infran-spark/data_inference/Melissa_Etheridge/Melissa_Etheridge_0001_face_2.jpg
Melissa_Etheridge,/Users/taufiq/workspace/infran-spark/data_inference/Melissa_Etheridge/Melissa_Etheridge_0001_face_1.jpg
Melissa_Etheridge,/Users/taufiq/workspace/infran-spark/data_inference/Melissa_Etheridge/Melissa_Etheridge_0002_face_2.jpg
Melissa_Etheridge,/Users/taufiq/workspace/infran-spark/data_inference/Melissa_Etheridge/Melissa_Etheridge_0002_face_1.jpg
Meryl_Streep,/Users/taufiq/workspace/infran-spark/data_inference/Meryl_Streep/Meryl_Streep_0003_face_2.jpg
Meryl_Streep,/Users/taufiq/workspace/infran-spark/data_inference/Meryl_Streep/Meryl_Streep_0003_face_1.jpg
Mesut_Yilmaz,/Users/taufiq/workspace/infran-spark/data_inference/Mesut_Yilmaz/Mesut_Yilmaz_0001_face_2.jpg
Mesut_Yilmaz,/Users/taufiq/workspace/infran-spark/data_inference/Mesut_Yilmaz/Mesut_Yilmaz_0001_face_1.jpg
Mian_Khursheed_Mehmood_Kasuri,/Users/taufiq/workspace/infran-spark/data_inference/Mian_Khursheed_Mehmood_Kasuri/Mian_Khursheed_Mehmood_Kasuri_0004_face_2.jpg
Mian_Khursheed_Mehmood_Kasuri,/Users/taufiq/workspace/infran-spark/data_inference/Mian_Khursheed_Mehmood_Kasuri/Mian_Khursheed_Mehmood_Kasuri_0004_face_1.jpg
Mian_Khursheed_Mehmood_Kasuri,/Users/taufiq/workspace/infran-spark/data_inference/Mian_Khursheed_Mehmood_Kasuri/Mian_Khursheed_Mehmood_Kasuri_0001_face_1.jpg
Mian_Khursheed_Mehmood_Kasuri,/Users/taufiq/workspace/infran-spark/data_inference/Mian_Khursheed_Mehmood_Kasuri/Mian_Khursheed_Mehmood_Kasuri_0001_face_2.jpg
Mian_Khursheed_Mehmood_Kasuri,/Users/taufiq/workspace/infran-spark/data_inference/Mian_Khursheed_Mehmood_Kasuri/Mian_Khursheed_Mehmood_Kasuri_0002_face_1.jpg
Mian_Khursheed_Mehmood_Kasuri,/Users/taufiq/workspace/infran-spark/data_inference/Mian_Khursheed_Mehmood_Kasuri/Mian_Khursheed_Mehmood_Kasuri_0002_face_2.jpg
Michael_Ballack,/Users/taufiq/workspace/infran-spark/data_inference/Michael_Ballack/Michael_Ballack_0003_face_1.jpg
Michael_Ballack,/Users/taufiq/workspace/infran-spark/data_inference/Michael_Ballack/Michael_Ballack_0003_face_2.jpg
Michael_Bloomberg,/Users/taufiq/workspace/infran-spark/data_inference/Michael_Bloomberg/Michael_Bloomberg_0015_face_2.jpg
Michael_Bloomberg,/Users/taufiq/workspace/infran-spark/data_inference/Michael_Bloomberg/Michael_Bloomberg_0015_face_1.jpg
Michael_Bloomberg,/Users/taufiq/workspace/infran-spark/data_inference/Michael_Bloomberg/Michael_Bloomberg_0009_face_2.jpg
Michael_Bloomberg,/Users/taufiq/workspace/infran-spark/data_inference/Michael_Bloomberg/Michael_Bloomberg_0009_face_1.jpg
Michael_Bloomberg,/Users/taufiq/workspace/infran-spark/data_inference/Michael_Bloomberg/Michael_Bloomberg_0004_face_1.jpg
Michael_Bloomberg,/Users/taufiq/workspace/infran-spark/data_inference/Michael_Bloomberg/Michael_Bloomberg_0004_face_2.jpg
Michael_Bloomberg,/Users/taufiq/workspace/infran-spark/data_inference/Michael_Bloomberg/Michael_Bloomberg_0012_face_1.jpg
Michael_Bloomberg,/Users/taufiq/workspace/infran-spark/data_inference/Michael_Bloomberg/Michael_Bloomberg_0012_face_2.jpg
Michael_Bloomberg,/Users/taufiq/workspace/infran-spark/data_inference/Michael_Bloomberg/Michael_Bloomberg_0006_face_1.jpg
Michael_Bloomberg,/Users/taufiq/workspace/infran-spark/data_inference/Michael_Bloomberg/Michael_Bloomberg_0006_face_2.jpg
Michael_Bloomberg,/Users/taufiq/workspace/infran-spark/data_inference/Michael_Bloomberg/Michael_Bloomberg_0007_face_1.jpg
Michael_Bloomberg,/Users/taufiq/workspace/infran-spark/data_inference/Michael_Bloomberg/Michael_Bloomberg_0007_face_2.jpg
Michael_Caine,/Users/taufiq/workspace/infran-spark/data_inference/Michael_Caine/Michael_Caine_0001_face_1.jpg
Michael_Caine,/Users/taufiq/workspace/infran-spark/data_inference/Michael_Caine/Michael_Caine_0001_face_2.jpg
Michael_Chang,/Users/taufiq/workspace/infran-spark/data_inference/Michael_Chang/Michael_Chang_0001_face_2.jpg
Michael_Chang,/Users/taufiq/workspace/infran-spark/data_inference/Michael_Chang/Michael_Chang_0001_face_1.jpg
Michael_Chiklis,/Users/taufiq/workspace/infran-spark/data_inference/Michael_Chiklis/Michael_Chiklis_0005_face_2.jpg
Michael_Chiklis,/Users/taufiq/workspace/infran-spark/data_inference/Michael_Chiklis/Michael_Chiklis_0005_face_1.jpg
Michael_Chiklis,/Users/taufiq/workspace/infran-spark/data_inference/Michael_Chiklis/Michael_Chiklis_0004_face_2.jpg
Michael_Chiklis,/Users/taufiq/workspace/infran-spark/data_inference/Michael_Chiklis/Michael_Chiklis_0004_face_1.jpg
Michael_Douglas,/Users/taufiq/workspace/infran-spark/data_inference/Michael_Douglas/Michael_Douglas_0004_face_1.jpg
Michael_Douglas,/Users/taufiq/workspace/infran-spark/data_inference/Michael_Douglas/Michael_Douglas_0004_face_2.jpg
Michael_Hagee,/Users/taufiq/workspace/infran-spark/data_inference/Michael_Hagee/Michael_Hagee_0001_face_2.jpg
Michael_Hagee,/Users/taufiq/workspace/infran-spark/data_inference/Michael_Hagee/Michael_Hagee_0001_face_1.jpg
Michael_Keaton,/Users/taufiq/workspace/infran-spark/data_inference/Michael_Keaton/Michael_Keaton_0002_face_2.jpg
Michael_Keaton,/Users/taufiq/workspace/infran-spark/data_inference/Michael_Keaton/Michael_Keaton_0002_face_1.jpg
Michael_Lopez-Alegria,/Users/taufiq/workspace/infran-spark/data_inference/Michael_Lopez-Alegria/Michael_Lopez-Alegria_0001_face_1.jpg
Michael_Lopez-Alegria,/Users/taufiq/workspace/infran-spark/data_inference/Michael_Lopez-Alegria/Michael_Lopez-Alegria_0001_face_2.jpg
Michael_Schumacher,/Users/taufiq/workspace/infran-spark/data_inference/Michael_Schumacher/Michael_Schumacher_0015_face_2.jpg
Michael_Schumacher,/Users/taufiq/workspace/infran-spark/data_inference/Michael_Schumacher/Michael_Schumacher_0015_face_1.jpg
Michael_Shane_Jolly,/Users/taufiq/workspace/infran-spark/data_inference/Michael_Shane_Jolly/Michael_Shane_Jolly_0001_face_2.jpg
Michael_Shane_Jolly,/Users/taufiq/workspace/infran-spark/data_inference/Michael_Shane_Jolly/Michael_Shane_Jolly_0001_face_1.jpg
Michael_Shelby,/Users/taufiq/workspace/infran-spark/data_inference/Michael_Shelby/Michael_Shelby_0001_face_1.jpg
Michael_Shelby,/Users/taufiq/workspace/infran-spark/data_inference/Michael_Shelby/Michael_Shelby_0001_face_2.jpg
Michel_Temer,/Users/taufiq/workspace/infran-spark/data_inference/Michel_Temer/Michel_Temer_0002_face_2.jpg
Michel_Temer,/Users/taufiq/workspace/infran-spark/data_inference/Michel_Temer/Michel_Temer_0002_face_1.jpg
Michelangelo_Antonioni,/Users/taufiq/workspace/infran-spark/data_inference/Michelangelo_Antonioni/Michelangelo_Antonioni_0001_face_2.jpg
Michelangelo_Antonioni,/Users/taufiq/workspace/infran-spark/data_inference/Michelangelo_Antonioni/Michelangelo_Antonioni_0001_face_1.jpg
Michelle_Bachelet,/Users/taufiq/workspace/infran-spark/data_inference/Michelle_Bachelet/Michelle_Bachelet_0001_face_1.jpg
Michelle_Bachelet,/Users/taufiq/workspace/infran-spark/data_inference/Michelle_Bachelet/Michelle_Bachelet_0001_face_2.jpg
Michelle_Kwan,/Users/taufiq/workspace/infran-spark/data_inference/Michelle_Kwan/Michelle_Kwan_0002_face_1.jpg
Michelle_Kwan,/Users/taufiq/workspace/infran-spark/data_inference/Michelle_Kwan/Michelle_Kwan_0002_face_2.jpg
Michelle_Pfeiffer,/Users/taufiq/workspace/infran-spark/data_inference/Michelle_Pfeiffer/Michelle_Pfeiffer_0002_face_2.jpg
Michelle_Pfeiffer,/Users/taufiq/workspace/infran-spark/data_inference/Michelle_Pfeiffer/Michelle_Pfeiffer_0002_face_1.jpg
Michelle_Pfeiffer,/Users/taufiq/workspace/infran-spark/data_inference/Michelle_Pfeiffer/Michelle_Pfeiffer_0001_face_2.jpg
Michelle_Pfeiffer,/Users/taufiq/workspace/infran-spark/data_inference/Michelle_Pfeiffer/Michelle_Pfeiffer_0001_face_1.jpg
Michelle_Yeoh,/Users/taufiq/workspace/infran-spark/data_inference/Michelle_Yeoh/Michelle_Yeoh_0005_face_1.jpg
Michelle_Yeoh,/Users/taufiq/workspace/infran-spark/data_inference/Michelle_Yeoh/Michelle_Yeoh_0005_face_2.jpg
Mickey_Rooney,/Users/taufiq/workspace/infran-spark/data_inference/Mickey_Rooney/Mickey_Rooney_0001_face_4.jpg
Mickey_Rooney,/Users/taufiq/workspace/infran-spark/data_inference/Mickey_Rooney/Mickey_Rooney_0001_face_1.jpg
Mickey_Rooney,/Users/taufiq/workspace/infran-spark/data_inference/Mickey_Rooney/Mickey_Rooney_0001_face_3.jpg
Mickey_Rooney,/Users/taufiq/workspace/infran-spark/data_inference/Mickey_Rooney/Mickey_Rooney_0001_face_2.jpg
Micky_Ward,/Users/taufiq/workspace/infran-spark/data_inference/Micky_Ward/Micky_Ward_0001_face_3.jpg
Micky_Ward,/Users/taufiq/workspace/infran-spark/data_inference/Micky_Ward/Micky_Ward_0001_face_2.jpg
Micky_Ward,/Users/taufiq/workspace/infran-spark/data_inference/Micky_Ward/Micky_Ward_0001_face_1.jpg
Mike_Carona,/Users/taufiq/workspace/infran-spark/data_inference/Mike_Carona/Mike_Carona_0001_face_2.jpg
Mike_Carona,/Users/taufiq/workspace/infran-spark/data_inference/Mike_Carona/Mike_Carona_0001_face_1.jpg
Mike_Duke,/Users/taufiq/workspace/infran-spark/data_inference/Mike_Duke/Mike_Duke_0001_face_1.jpg
Mike_Duke,/Users/taufiq/workspace/infran-spark/data_inference/Mike_Duke/Mike_Duke_0001_face_2.jpg
Mike_Leach,/Users/taufiq/workspace/infran-spark/data_inference/Mike_Leach/Mike_Leach_0001_face_1.jpg
Mike_Leach,/Users/taufiq/workspace/infran-spark/data_inference/Mike_Leach/Mike_Leach_0001_face_2.jpg
Mike_Miller,/Users/taufiq/workspace/infran-spark/data_inference/Mike_Miller/Mike_Miller_0001_face_1.jpg
Mike_Miller,/Users/taufiq/workspace/infran-spark/data_inference/Mike_Miller/Mike_Miller_0001_face_2.jpg
Mike_Tyson,/Users/taufiq/workspace/infran-spark/data_inference/Mike_Tyson/Mike_Tyson_0004_face_2.jpg
Mike_Tyson,/Users/taufiq/workspace/infran-spark/data_inference/Mike_Tyson/Mike_Tyson_0004_face_1.jpg
Mike_Weir,/Users/taufiq/workspace/infran-spark/data_inference/Mike_Weir/Mike_Weir_0006_face_1.jpg
Mike_Weir,/Users/taufiq/workspace/infran-spark/data_inference/Mike_Weir/Mike_Weir_0006_face_2.jpg
Mikhail_Gorbachev,/Users/taufiq/workspace/infran-spark/data_inference/Mikhail_Gorbachev/Mikhail_Gorbachev_0001_face_1.jpg
Mikhail_Gorbachev,/Users/taufiq/workspace/infran-spark/data_inference/Mikhail_Gorbachev/Mikhail_Gorbachev_0001_face_2.jpg
Milo_Djukanovic,/Users/taufiq/workspace/infran-spark/data_inference/Milo_Djukanovic/Milo_Djukanovic_0002_face_2.jpg
Milo_Djukanovic,/Users/taufiq/workspace/infran-spark/data_inference/Milo_Djukanovic/Milo_Djukanovic_0002_face_1.jpg
Milo_Maestrecampo,/Users/taufiq/workspace/infran-spark/data_inference/Milo_Maestrecampo/Milo_Maestrecampo_0002_face_2.jpg
Milo_Maestrecampo,/Users/taufiq/workspace/infran-spark/data_inference/Milo_Maestrecampo/Milo_Maestrecampo_0002_face_1.jpg
Milo_Maestrecampo,/Users/taufiq/workspace/infran-spark/data_inference/Milo_Maestrecampo/Milo_Maestrecampo_0003_face_2.jpg
Milo_Maestrecampo,/Users/taufiq/workspace/infran-spark/data_inference/Milo_Maestrecampo/Milo_Maestrecampo_0003_face_1.jpg
Mo_Elleithee,/Users/taufiq/workspace/infran-spark/data_inference/Mo_Elleithee/Mo_Elleithee_0001_face_1.jpg
Mo_Elleithee,/Users/taufiq/workspace/infran-spark/data_inference/Mo_Elleithee/Mo_Elleithee_0001_face_2.jpg
Mo_Elleithee,/Users/taufiq/workspace/infran-spark/data_inference/Mo_Elleithee/Mo_Elleithee_0001_face_3.jpg
Mohamed_ElBaradei,/Users/taufiq/workspace/infran-spark/data_inference/Mohamed_ElBaradei/Mohamed_ElBaradei_0005_face_1.jpg
Mohamed_ElBaradei,/Users/taufiq/workspace/infran-spark/data_inference/Mohamed_ElBaradei/Mohamed_ElBaradei_0005_face_2.jpg
Mohamed_ElBaradei,/Users/taufiq/workspace/infran-spark/data_inference/Mohamed_ElBaradei/Mohamed_ElBaradei_0007_face_1.jpg
Mohamed_ElBaradei,/Users/taufiq/workspace/infran-spark/data_inference/Mohamed_ElBaradei/Mohamed_ElBaradei_0007_face_2.jpg
Mohamed_ElBaradei,/Users/taufiq/workspace/infran-spark/data_inference/Mohamed_ElBaradei/Mohamed_ElBaradei_0004_face_1.jpg
Mohamed_ElBaradei,/Users/taufiq/workspace/infran-spark/data_inference/Mohamed_ElBaradei/Mohamed_ElBaradei_0004_face_2.jpg
Mohammad_Aktar,/Users/taufiq/workspace/infran-spark/data_inference/Mohammad_Aktar/Mohammad_Aktar_0001_face_2.jpg
Mohammad_Aktar,/Users/taufiq/workspace/infran-spark/data_inference/Mohammad_Aktar/Mohammad_Aktar_0001_face_1.jpg
Mohammad_Fares,/Users/taufiq/workspace/infran-spark/data_inference/Mohammad_Fares/Mohammad_Fares_0001_face_2.jpg
Mohammad_Fares,/Users/taufiq/workspace/infran-spark/data_inference/Mohammad_Fares/Mohammad_Fares_0001_face_1.jpg
Mohammad_Khatami,/Users/taufiq/workspace/infran-spark/data_inference/Mohammad_Khatami/Mohammad_Khatami_0008_face_3.jpg
Mohammad_Khatami,/Users/taufiq/workspace/infran-spark/data_inference/Mohammad_Khatami/Mohammad_Khatami_0008_face_2.jpg
Mohammad_Khatami,/Users/taufiq/workspace/infran-spark/data_inference/Mohammad_Khatami/Mohammad_Khatami_0008_face_1.jpg
Mohammad_Khatami,/Users/taufiq/workspace/infran-spark/data_inference/Mohammad_Khatami/Mohammad_Khatami_0003_face_2.jpg
Mohammad_Khatami,/Users/taufiq/workspace/infran-spark/data_inference/Mohammad_Khatami/Mohammad_Khatami_0003_face_1.jpg
Mohammed_Al-Douri,/Users/taufiq/workspace/infran-spark/data_inference/Mohammed_Al-Douri/Mohammed_Al-Douri_0006_face_1.jpg
Mohammed_Al-Douri,/Users/taufiq/workspace/infran-spark/data_inference/Mohammed_Al-Douri/Mohammed_Al-Douri_0006_face_2.jpg
Mohammed_Al-Douri,/Users/taufiq/workspace/infran-spark/data_inference/Mohammed_Al-Douri/Mohammed_Al-Douri_0001_face_3.jpg
Mohammed_Al-Douri,/Users/taufiq/workspace/infran-spark/data_inference/Mohammed_Al-Douri/Mohammed_Al-Douri_0001_face_2.jpg
Mohammed_Al-Douri,/Users/taufiq/workspace/infran-spark/data_inference/Mohammed_Al-Douri/Mohammed_Al-Douri_0001_face_1.jpg
Mohammed_Ashraf_Hafiz,/Users/taufiq/workspace/infran-spark/data_inference/Mohammed_Ashraf_Hafiz/Mohammed_Ashraf_Hafiz_0001_face_2.jpg
Mohammed_Ashraf_Hafiz,/Users/taufiq/workspace/infran-spark/data_inference/Mohammed_Ashraf_Hafiz/Mohammed_Ashraf_Hafiz_0001_face_3.jpg
Mohammed_Ashraf_Hafiz,/Users/taufiq/workspace/infran-spark/data_inference/Mohammed_Ashraf_Hafiz/Mohammed_Ashraf_Hafiz_0001_face_1.jpg
Mohammed_Dahlan,/Users/taufiq/workspace/infran-spark/data_inference/Mohammed_Dahlan/Mohammed_Dahlan_0001_face_1.jpg
Mohammed_Dahlan,/Users/taufiq/workspace/infran-spark/data_inference/Mohammed_Dahlan/Mohammed_Dahlan_0001_face_2.jpg
Monica_Bellucci,/Users/taufiq/workspace/infran-spark/data_inference/Monica_Bellucci/Monica_Bellucci_0001_face_2.jpg
Monica_Bellucci,/Users/taufiq/workspace/infran-spark/data_inference/Monica_Bellucci/Monica_Bellucci_0001_face_3.jpg
Monica_Bellucci,/Users/taufiq/workspace/infran-spark/data_inference/Monica_Bellucci/Monica_Bellucci_0001_face_1.jpg
Monica_Bellucci,/Users/taufiq/workspace/infran-spark/data_inference/Monica_Bellucci/Monica_Bellucci_0001_face_4.jpg
Monica_Bellucci,/Users/taufiq/workspace/infran-spark/data_inference/Monica_Bellucci/Monica_Bellucci_0004_face_1.jpg
Monica_Bellucci,/Users/taufiq/workspace/infran-spark/data_inference/Monica_Bellucci/Monica_Bellucci_0004_face_2.jpg
Monica_Gabrielle,/Users/taufiq/workspace/infran-spark/data_inference/Monica_Gabrielle/Monica_Gabrielle_0001_face_2.jpg
Monica_Gabrielle,/Users/taufiq/workspace/infran-spark/data_inference/Monica_Gabrielle/Monica_Gabrielle_0001_face_1.jpg
Moshe_Katsav,/Users/taufiq/workspace/infran-spark/data_inference/Moshe_Katsav/Moshe_Katsav_0003_face_2.jpg
Moshe_Katsav,/Users/taufiq/workspace/infran-spark/data_inference/Moshe_Katsav/Moshe_Katsav_0003_face_1.jpg
Moshe_Katsav,/Users/taufiq/workspace/infran-spark/data_inference/Moshe_Katsav/Moshe_Katsav_0004_face_1.jpg
Moshe_Katsav,/Users/taufiq/workspace/infran-spark/data_inference/Moshe_Katsav/Moshe_Katsav_0004_face_2.jpg
Moshe_Katsav,/Users/taufiq/workspace/infran-spark/data_inference/Moshe_Katsav/Moshe_Katsav_0002_face_2.jpg
Moshe_Katsav,/Users/taufiq/workspace/infran-spark/data_inference/Moshe_Katsav/Moshe_Katsav_0002_face_1.jpg
Muhammad_Ali,/Users/taufiq/workspace/infran-spark/data_inference/Muhammad_Ali/Muhammad_Ali_0009_face_1.jpg
Muhammad_Ali,/Users/taufiq/workspace/infran-spark/data_inference/Muhammad_Ali/Muhammad_Ali_0009_face_2.jpg
Muhammad_Ali,/Users/taufiq/workspace/infran-spark/data_inference/Muhammad_Ali/Muhammad_Ali_0002_face_1.jpg
Muhammad_Ali,/Users/taufiq/workspace/infran-spark/data_inference/Muhammad_Ali/Muhammad_Ali_0002_face_2.jpg
Muhammad_Ali,/Users/taufiq/workspace/infran-spark/data_inference/Muhammad_Ali/Muhammad_Ali_0005_face_2.jpg
Muhammad_Ali,/Users/taufiq/workspace/infran-spark/data_inference/Muhammad_Ali/Muhammad_Ali_0005_face_1.jpg
Naji_Sabri,/Users/taufiq/workspace/infran-spark/data_inference/Naji_Sabri/Naji_Sabri_0008_face_1.jpg
Naji_Sabri,/Users/taufiq/workspace/infran-spark/data_inference/Naji_Sabri/Naji_Sabri_0008_face_2.jpg
Naji_Sabri,/Users/taufiq/workspace/infran-spark/data_inference/Naji_Sabri/Naji_Sabri_0005_face_2.jpg
Naji_Sabri,/Users/taufiq/workspace/infran-spark/data_inference/Naji_Sabri/Naji_Sabri_0005_face_3.jpg
Naji_Sabri,/Users/taufiq/workspace/infran-spark/data_inference/Naji_Sabri/Naji_Sabri_0005_face_1.jpg
Naji_Sabri,/Users/taufiq/workspace/infran-spark/data_inference/Naji_Sabri/Naji_Sabri_0007_face_3.jpg
Naji_Sabri,/Users/taufiq/workspace/infran-spark/data_inference/Naji_Sabri/Naji_Sabri_0007_face_2.jpg
Naji_Sabri,/Users/taufiq/workspace/infran-spark/data_inference/Naji_Sabri/Naji_Sabri_0007_face_1.jpg
Naji_Sabri,/Users/taufiq/workspace/infran-spark/data_inference/Naji_Sabri/Naji_Sabri_0002_face_1.jpg
Naji_Sabri,/Users/taufiq/workspace/infran-spark/data_inference/Naji_Sabri/Naji_Sabri_0002_face_3.jpg
Naji_Sabri,/Users/taufiq/workspace/infran-spark/data_inference/Naji_Sabri/Naji_Sabri_0002_face_2.jpg
Naji_Sabri,/Users/taufiq/workspace/infran-spark/data_inference/Naji_Sabri/Naji_Sabri_0004_face_2.jpg
Naji_Sabri,/Users/taufiq/workspace/infran-spark/data_inference/Naji_Sabri/Naji_Sabri_0004_face_1.jpg
Naji_Sabri,/Users/taufiq/workspace/infran-spark/data_inference/Naji_Sabri/Naji_Sabri_0003_face_1.jpg
Naji_Sabri,/Users/taufiq/workspace/infran-spark/data_inference/Naji_Sabri/Naji_Sabri_0003_face_3.jpg
Naji_Sabri,/Users/taufiq/workspace/infran-spark/data_inference/Naji_Sabri/Naji_Sabri_0003_face_2.jpg
Naji_Sabri,/Users/taufiq/workspace/infran-spark/data_inference/Naji_Sabri/Naji_Sabri_0003_face_6.jpg
Naji_Sabri,/Users/taufiq/workspace/infran-spark/data_inference/Naji_Sabri/Naji_Sabri_0003_face_7.jpg
Naji_Sabri,/Users/taufiq/workspace/infran-spark/data_inference/Naji_Sabri/Naji_Sabri_0003_face_5.jpg
Naji_Sabri,/Users/taufiq/workspace/infran-spark/data_inference/Naji_Sabri/Naji_Sabri_0003_face_4.jpg
Naji_Sabri,/Users/taufiq/workspace/infran-spark/data_inference/Naji_Sabri/Naji_Sabri_0006_face_3.jpg
Naji_Sabri,/Users/taufiq/workspace/infran-spark/data_inference/Naji_Sabri/Naji_Sabri_0006_face_2.jpg
Naji_Sabri,/Users/taufiq/workspace/infran-spark/data_inference/Naji_Sabri/Naji_Sabri_0006_face_1.jpg
Nancy_Pelosi,/Users/taufiq/workspace/infran-spark/data_inference/Nancy_Pelosi/Nancy_Pelosi_0010_face_1.jpg
Nancy_Pelosi,/Users/taufiq/workspace/infran-spark/data_inference/Nancy_Pelosi/Nancy_Pelosi_0010_face_2.jpg
Nancy_Pelosi,/Users/taufiq/workspace/infran-spark/data_inference/Nancy_Pelosi/Nancy_Pelosi_0005_face_1.jpg
Nancy_Pelosi,/Users/taufiq/workspace/infran-spark/data_inference/Nancy_Pelosi/Nancy_Pelosi_0005_face_2.jpg
Naomi_Watts,/Users/taufiq/workspace/infran-spark/data_inference/Naomi_Watts/Naomi_Watts_0014_face_1.jpg
Naomi_Watts,/Users/taufiq/workspace/infran-spark/data_inference/Naomi_Watts/Naomi_Watts_0014_face_2.jpg
Naomi_Watts,/Users/taufiq/workspace/infran-spark/data_inference/Naomi_Watts/Naomi_Watts_0010_face_2.jpg
Naomi_Watts,/Users/taufiq/workspace/infran-spark/data_inference/Naomi_Watts/Naomi_Watts_0010_face_1.jpg
Natalie_Imbruglia,/Users/taufiq/workspace/infran-spark/data_inference/Natalie_Imbruglia/Natalie_Imbruglia_0001_face_2.jpg
Natalie_Imbruglia,/Users/taufiq/workspace/infran-spark/data_inference/Natalie_Imbruglia/Natalie_Imbruglia_0001_face_1.jpg
Natalie_Juniardi,/Users/taufiq/workspace/infran-spark/data_inference/Natalie_Juniardi/Natalie_Juniardi_0001_face_2.jpg
Natalie_Juniardi,/Users/taufiq/workspace/infran-spark/data_inference/Natalie_Juniardi/Natalie_Juniardi_0001_face_1.jpg
Natalie_Maines,/Users/taufiq/workspace/infran-spark/data_inference/Natalie_Maines/Natalie_Maines_0004_face_2.jpg
Natalie_Maines,/Users/taufiq/workspace/infran-spark/data_inference/Natalie_Maines/Natalie_Maines_0004_face_1.jpg
Natalie_Stewart,/Users/taufiq/workspace/infran-spark/data_inference/Natalie_Stewart/Natalie_Stewart_0001_face_2.jpg
Natalie_Stewart,/Users/taufiq/workspace/infran-spark/data_inference/Natalie_Stewart/Natalie_Stewart_0001_face_3.jpg
Natalie_Stewart,/Users/taufiq/workspace/infran-spark/data_inference/Natalie_Stewart/Natalie_Stewart_0001_face_1.jpg
Nathirah_Hussein,/Users/taufiq/workspace/infran-spark/data_inference/Nathirah_Hussein/Nathirah_Hussein_0001_face_1.jpg
Nathirah_Hussein,/Users/taufiq/workspace/infran-spark/data_inference/Nathirah_Hussein/Nathirah_Hussein_0001_face_3.jpg
Nathirah_Hussein,/Users/taufiq/workspace/infran-spark/data_inference/Nathirah_Hussein/Nathirah_Hussein_0001_face_2.jpg
Nelson_Mandela,/Users/taufiq/workspace/infran-spark/data_inference/Nelson_Mandela/Nelson_Mandela_0001_face_2.jpg
Nelson_Mandela,/Users/taufiq/workspace/infran-spark/data_inference/Nelson_Mandela/Nelson_Mandela_0001_face_1.jpg
Neri_Marcore,/Users/taufiq/workspace/infran-spark/data_inference/Neri_Marcore/Neri_Marcore_0002_face_2.jpg
Neri_Marcore,/Users/taufiq/workspace/infran-spark/data_inference/Neri_Marcore/Neri_Marcore_0002_face_1.jpg
Neri_Marcore,/Users/taufiq/workspace/infran-spark/data_inference/Neri_Marcore/Neri_Marcore_0001_face_2.jpg
Neri_Marcore,/Users/taufiq/workspace/infran-spark/data_inference/Neri_Marcore/Neri_Marcore_0001_face_1.jpg
Nestor_Kirchner,/Users/taufiq/workspace/infran-spark/data_inference/Nestor_Kirchner/Nestor_Kirchner_0034_face_1.jpg
Nestor_Kirchner,/Users/taufiq/workspace/infran-spark/data_inference/Nestor_Kirchner/Nestor_Kirchner_0034_face_3.jpg
Nestor_Kirchner,/Users/taufiq/workspace/infran-spark/data_inference/Nestor_Kirchner/Nestor_Kirchner_0034_face_2.jpg
Nestor_Kirchner,/Users/taufiq/workspace/infran-spark/data_inference/Nestor_Kirchner/Nestor_Kirchner_0036_face_1.jpg
Nestor_Kirchner,/Users/taufiq/workspace/infran-spark/data_inference/Nestor_Kirchner/Nestor_Kirchner_0036_face_2.jpg
Nestor_Kirchner,/Users/taufiq/workspace/infran-spark/data_inference/Nestor_Kirchner/Nestor_Kirchner_0036_face_3.jpg
Nestor_Kirchner,/Users/taufiq/workspace/infran-spark/data_inference/Nestor_Kirchner/Nestor_Kirchner_0036_face_4.jpg
Nestor_Kirchner,/Users/taufiq/workspace/infran-spark/data_inference/Nestor_Kirchner/Nestor_Kirchner_0027_face_2.jpg
Nestor_Kirchner,/Users/taufiq/workspace/infran-spark/data_inference/Nestor_Kirchner/Nestor_Kirchner_0027_face_1.jpg
Nestor_Kirchner,/Users/taufiq/workspace/infran-spark/data_inference/Nestor_Kirchner/Nestor_Kirchner_0004_face_2.jpg
Nestor_Kirchner,/Users/taufiq/workspace/infran-spark/data_inference/Nestor_Kirchner/Nestor_Kirchner_0004_face_1.jpg
Nestor_Kirchner,/Users/taufiq/workspace/infran-spark/data_inference/Nestor_Kirchner/Nestor_Kirchner_0024_face_2.jpg
Nestor_Kirchner,/Users/taufiq/workspace/infran-spark/data_inference/Nestor_Kirchner/Nestor_Kirchner_0024_face_1.jpg
Nestor_Kirchner,/Users/taufiq/workspace/infran-spark/data_inference/Nestor_Kirchner/Nestor_Kirchner_0002_face_1.jpg
Nestor_Kirchner,/Users/taufiq/workspace/infran-spark/data_inference/Nestor_Kirchner/Nestor_Kirchner_0002_face_2.jpg
Nestor_Kirchner,/Users/taufiq/workspace/infran-spark/data_inference/Nestor_Kirchner/Nestor_Kirchner_0005_face_2.jpg
Nestor_Kirchner,/Users/taufiq/workspace/infran-spark/data_inference/Nestor_Kirchner/Nestor_Kirchner_0005_face_1.jpg
Nestor_Kirchner,/Users/taufiq/workspace/infran-spark/data_inference/Nestor_Kirchner/Nestor_Kirchner_0032_face_2.jpg
Nestor_Kirchner,/Users/taufiq/workspace/infran-spark/data_inference/Nestor_Kirchner/Nestor_Kirchner_0032_face_1.jpg
Nestor_Kirchner,/Users/taufiq/workspace/infran-spark/data_inference/Nestor_Kirchner/Nestor_Kirchner_0023_face_1.jpg
Nestor_Kirchner,/Users/taufiq/workspace/infran-spark/data_inference/Nestor_Kirchner/Nestor_Kirchner_0023_face_2.jpg
Nia_Vardalos,/Users/taufiq/workspace/infran-spark/data_inference/Nia_Vardalos/Nia_Vardalos_0004_face_2.jpg
Nia_Vardalos,/Users/taufiq/workspace/infran-spark/data_inference/Nia_Vardalos/Nia_Vardalos_0004_face_3.jpg
Nia_Vardalos,/Users/taufiq/workspace/infran-spark/data_inference/Nia_Vardalos/Nia_Vardalos_0004_face_1.jpg
Nicanor_Duarte_Frutos,/Users/taufiq/workspace/infran-spark/data_inference/Nicanor_Duarte_Frutos/Nicanor_Duarte_Frutos_0006_face_1.jpg
Nicanor_Duarte_Frutos,/Users/taufiq/workspace/infran-spark/data_inference/Nicanor_Duarte_Frutos/Nicanor_Duarte_Frutos_0006_face_2.jpg
Nicanor_Duarte_Frutos,/Users/taufiq/workspace/infran-spark/data_inference/Nicanor_Duarte_Frutos/Nicanor_Duarte_Frutos_0009_face_2.jpg
Nicanor_Duarte_Frutos,/Users/taufiq/workspace/infran-spark/data_inference/Nicanor_Duarte_Frutos/Nicanor_Duarte_Frutos_0009_face_1.jpg
Nicanor_Duarte_Frutos,/Users/taufiq/workspace/infran-spark/data_inference/Nicanor_Duarte_Frutos/Nicanor_Duarte_Frutos_0001_face_2.jpg
Nicanor_Duarte_Frutos,/Users/taufiq/workspace/infran-spark/data_inference/Nicanor_Duarte_Frutos/Nicanor_Duarte_Frutos_0001_face_1.jpg
Nicanor_Duarte_Frutos,/Users/taufiq/workspace/infran-spark/data_inference/Nicanor_Duarte_Frutos/Nicanor_Duarte_Frutos_0010_face_1.jpg
Nicanor_Duarte_Frutos,/Users/taufiq/workspace/infran-spark/data_inference/Nicanor_Duarte_Frutos/Nicanor_Duarte_Frutos_0010_face_2.jpg
Nicanor_Duarte_Frutos,/Users/taufiq/workspace/infran-spark/data_inference/Nicanor_Duarte_Frutos/Nicanor_Duarte_Frutos_0002_face_2.jpg
Nicanor_Duarte_Frutos,/Users/taufiq/workspace/infran-spark/data_inference/Nicanor_Duarte_Frutos/Nicanor_Duarte_Frutos_0002_face_1.jpg
Nicanor_Duarte_Frutos,/Users/taufiq/workspace/infran-spark/data_inference/Nicanor_Duarte_Frutos/Nicanor_Duarte_Frutos_0008_face_2.jpg
Nicanor_Duarte_Frutos,/Users/taufiq/workspace/infran-spark/data_inference/Nicanor_Duarte_Frutos/Nicanor_Duarte_Frutos_0008_face_1.jpg
Nicholas_Byron,/Users/taufiq/workspace/infran-spark/data_inference/Nicholas_Byron/Nicholas_Byron_0001_face_2.jpg
Nicholas_Byron,/Users/taufiq/workspace/infran-spark/data_inference/Nicholas_Byron/Nicholas_Byron_0001_face_3.jpg
Nicholas_Byron,/Users/taufiq/workspace/infran-spark/data_inference/Nicholas_Byron/Nicholas_Byron_0001_face_1.jpg
Nick_Nolte,/Users/taufiq/workspace/infran-spark/data_inference/Nick_Nolte/Nick_Nolte_0002_face_2.jpg
Nick_Nolte,/Users/taufiq/workspace/infran-spark/data_inference/Nick_Nolte/Nick_Nolte_0002_face_1.jpg
Nicolas_Cage,/Users/taufiq/workspace/infran-spark/data_inference/Nicolas_Cage/Nicolas_Cage_0001_face_2.jpg
Nicolas_Cage,/Users/taufiq/workspace/infran-spark/data_inference/Nicolas_Cage/Nicolas_Cage_0001_face_1.jpg
Nicole_Kidman,/Users/taufiq/workspace/infran-spark/data_inference/Nicole_Kidman/Nicole_Kidman_0013_face_2.jpg
Nicole_Kidman,/Users/taufiq/workspace/infran-spark/data_inference/Nicole_Kidman/Nicole_Kidman_0013_face_1.jpg
Nicoletta_Braschi,/Users/taufiq/workspace/infran-spark/data_inference/Nicoletta_Braschi/Nicoletta_Braschi_0001_face_2.jpg
Nicoletta_Braschi,/Users/taufiq/workspace/infran-spark/data_inference/Nicoletta_Braschi/Nicoletta_Braschi_0001_face_1.jpg
Nikki_McKibbin,/Users/taufiq/workspace/infran-spark/data_inference/Nikki_McKibbin/Nikki_McKibbin_0001_face_1.jpg
Nikki_McKibbin,/Users/taufiq/workspace/infran-spark/data_inference/Nikki_McKibbin/Nikki_McKibbin_0001_face_2.jpg
Nikki_Reed,/Users/taufiq/workspace/infran-spark/data_inference/Nikki_Reed/Nikki_Reed_0002_face_2.jpg
Nikki_Reed,/Users/taufiq/workspace/infran-spark/data_inference/Nikki_Reed/Nikki_Reed_0002_face_3.jpg
Nikki_Reed,/Users/taufiq/workspace/infran-spark/data_inference/Nikki_Reed/Nikki_Reed_0002_face_1.jpg
Noelle_Bush,/Users/taufiq/workspace/infran-spark/data_inference/Noelle_Bush/Noelle_Bush_0002_face_1.jpg
Noelle_Bush,/Users/taufiq/workspace/infran-spark/data_inference/Noelle_Bush/Noelle_Bush_0002_face_2.jpg
Noelle_Bush,/Users/taufiq/workspace/infran-spark/data_inference/Noelle_Bush/Noelle_Bush_0003_face_1.jpg
Noelle_Bush,/Users/taufiq/workspace/infran-spark/data_inference/Noelle_Bush/Noelle_Bush_0003_face_2.jpg
Nora_Bendijo,/Users/taufiq/workspace/infran-spark/data_inference/Nora_Bendijo/Nora_Bendijo_0002_face_1.jpg
Nora_Bendijo,/Users/taufiq/workspace/infran-spark/data_inference/Nora_Bendijo/Nora_Bendijo_0002_face_2.jpg
Norah_Jones,/Users/taufiq/workspace/infran-spark/data_inference/Norah_Jones/Norah_Jones_0013_face_1.jpg
Norah_Jones,/Users/taufiq/workspace/infran-spark/data_inference/Norah_Jones/Norah_Jones_0013_face_2.jpg
Norm_Coleman,/Users/taufiq/workspace/infran-spark/data_inference/Norm_Coleman/Norm_Coleman_0007_face_3.jpg
Norm_Coleman,/Users/taufiq/workspace/infran-spark/data_inference/Norm_Coleman/Norm_Coleman_0007_face_2.jpg
Norm_Coleman,/Users/taufiq/workspace/infran-spark/data_inference/Norm_Coleman/Norm_Coleman_0007_face_1.jpg
Norm_Coleman,/Users/taufiq/workspace/infran-spark/data_inference/Norm_Coleman/Norm_Coleman_0007_face_4.jpg
Norm_Coleman,/Users/taufiq/workspace/infran-spark/data_inference/Norm_Coleman/Norm_Coleman_0005_face_2.jpg
Norm_Coleman,/Users/taufiq/workspace/infran-spark/data_inference/Norm_Coleman/Norm_Coleman_0005_face_1.jpg
Norm_Coleman,/Users/taufiq/workspace/infran-spark/data_inference/Norm_Coleman/Norm_Coleman_0003_face_1.jpg
Norm_Coleman,/Users/taufiq/workspace/infran-spark/data_inference/Norm_Coleman/Norm_Coleman_0003_face_2.jpg
Norodom_Sihanouk,/Users/taufiq/workspace/infran-spark/data_inference/Norodom_Sihanouk/Norodom_Sihanouk_0003_face_1.jpg
Norodom_Sihanouk,/Users/taufiq/workspace/infran-spark/data_inference/Norodom_Sihanouk/Norodom_Sihanouk_0003_face_2.jpg
Norodom_Sihanouk,/Users/taufiq/workspace/infran-spark/data_inference/Norodom_Sihanouk/Norodom_Sihanouk_0002_face_1.jpg
Norodom_Sihanouk,/Users/taufiq/workspace/infran-spark/data_inference/Norodom_Sihanouk/Norodom_Sihanouk_0002_face_2.jpg
Nova_Esther_Guthrie,/Users/taufiq/workspace/infran-spark/data_inference/Nova_Esther_Guthrie/Nova_Esther_Guthrie_0001_face_1.jpg
Nova_Esther_Guthrie,/Users/taufiq/workspace/infran-spark/data_inference/Nova_Esther_Guthrie/Nova_Esther_Guthrie_0001_face_2.jpg
Nursultan_Nazarbayev,/Users/taufiq/workspace/infran-spark/data_inference/Nursultan_Nazarbayev/Nursultan_Nazarbayev_0002_face_1.jpg
Nursultan_Nazarbayev,/Users/taufiq/workspace/infran-spark/data_inference/Nursultan_Nazarbayev/Nursultan_Nazarbayev_0002_face_2.jpg
Orlando_Bloom,/Users/taufiq/workspace/infran-spark/data_inference/Orlando_Bloom/Orlando_Bloom_0001_face_1.jpg
Orlando_Bloom,/Users/taufiq/workspace/infran-spark/data_inference/Orlando_Bloom/Orlando_Bloom_0001_face_2.jpg
Oscar_De_La_Hoya,/Users/taufiq/workspace/infran-spark/data_inference/Oscar_De_La_Hoya/Oscar_De_La_Hoya_0007_face_2.jpg
Oscar_De_La_Hoya,/Users/taufiq/workspace/infran-spark/data_inference/Oscar_De_La_Hoya/Oscar_De_La_Hoya_0007_face_1.jpg
Oscar_De_La_Hoya,/Users/taufiq/workspace/infran-spark/data_inference/Oscar_De_La_Hoya/Oscar_De_La_Hoya_0001_face_1.jpg
Oscar_De_La_Hoya,/Users/taufiq/workspace/infran-spark/data_inference/Oscar_De_La_Hoya/Oscar_De_La_Hoya_0001_face_2.jpg
Oswaldo_Paya,/Users/taufiq/workspace/infran-spark/data_inference/Oswaldo_Paya/Oswaldo_Paya_0005_face_1.jpg
Oswaldo_Paya,/Users/taufiq/workspace/infran-spark/data_inference/Oswaldo_Paya/Oswaldo_Paya_0005_face_2.jpg
Oswaldo_Paya,/Users/taufiq/workspace/infran-spark/data_inference/Oswaldo_Paya/Oswaldo_Paya_0005_face_3.jpg
Oswaldo_Paya,/Users/taufiq/workspace/infran-spark/data_inference/Oswaldo_Paya/Oswaldo_Paya_0005_face_4.jpg
Oswaldo_Paya,/Users/taufiq/workspace/infran-spark/data_inference/Oswaldo_Paya/Oswaldo_Paya_0004_face_1.jpg
Oswaldo_Paya,/Users/taufiq/workspace/infran-spark/data_inference/Oswaldo_Paya/Oswaldo_Paya_0004_face_2.jpg
Ozzy_Osbourne,/Users/taufiq/workspace/infran-spark/data_inference/Ozzy_Osbourne/Ozzy_Osbourne_0002_face_2.jpg
Ozzy_Osbourne,/Users/taufiq/workspace/infran-spark/data_inference/Ozzy_Osbourne/Ozzy_Osbourne_0002_face_1.jpg
Ozzy_Osbourne,/Users/taufiq/workspace/infran-spark/data_inference/Ozzy_Osbourne/Ozzy_Osbourne_0003_face_2.jpg
Ozzy_Osbourne,/Users/taufiq/workspace/infran-spark/data_inference/Ozzy_Osbourne/Ozzy_Osbourne_0003_face_1.jpg
Pamela_Anderson,/Users/taufiq/workspace/infran-spark/data_inference/Pamela_Anderson/Pamela_Anderson_0005_face_2.jpg
Pamela_Anderson,/Users/taufiq/workspace/infran-spark/data_inference/Pamela_Anderson/Pamela_Anderson_0005_face_1.jpg
Paradorn_Srichaphan,/Users/taufiq/workspace/infran-spark/data_inference/Paradorn_Srichaphan/Paradorn_Srichaphan_0007_face_1.jpg
Paradorn_Srichaphan,/Users/taufiq/workspace/infran-spark/data_inference/Paradorn_Srichaphan/Paradorn_Srichaphan_0007_face_2.jpg
Park_Jung_Sung,/Users/taufiq/workspace/infran-spark/data_inference/Park_Jung_Sung/Park_Jung_Sung_0001_face_1.jpg
Park_Jung_Sung,/Users/taufiq/workspace/infran-spark/data_inference/Park_Jung_Sung/Park_Jung_Sung_0001_face_2.jpg
Park_Na-kyong,/Users/taufiq/workspace/infran-spark/data_inference/Park_Na-kyong/Park_Na-kyong_0001_face_1.jpg
Park_Na-kyong,/Users/taufiq/workspace/infran-spark/data_inference/Park_Na-kyong/Park_Na-kyong_0001_face_3.jpg
Park_Na-kyong,/Users/taufiq/workspace/infran-spark/data_inference/Park_Na-kyong/Park_Na-kyong_0001_face_2.jpg
Pascal_Quignard,/Users/taufiq/workspace/infran-spark/data_inference/Pascal_Quignard/Pascal_Quignard_0002_face_1.jpg
Pascal_Quignard,/Users/taufiq/workspace/infran-spark/data_inference/Pascal_Quignard/Pascal_Quignard_0002_face_2.jpg
Pat_Cox,/Users/taufiq/workspace/infran-spark/data_inference/Pat_Cox/Pat_Cox_0002_face_1.jpg
Pat_Cox,/Users/taufiq/workspace/infran-spark/data_inference/Pat_Cox/Pat_Cox_0002_face_2.jpg
Patricia_Clarkson,/Users/taufiq/workspace/infran-spark/data_inference/Patricia_Clarkson/Patricia_Clarkson_0003_face_1.jpg
Patricia_Clarkson,/Users/taufiq/workspace/infran-spark/data_inference/Patricia_Clarkson/Patricia_Clarkson_0003_face_3.jpg
Patricia_Clarkson,/Users/taufiq/workspace/infran-spark/data_inference/Patricia_Clarkson/Patricia_Clarkson_0003_face_2.jpg
Patricia_Hearst,/Users/taufiq/workspace/infran-spark/data_inference/Patricia_Hearst/Patricia_Hearst_0001_face_1.jpg
Patricia_Hearst,/Users/taufiq/workspace/infran-spark/data_inference/Patricia_Hearst/Patricia_Hearst_0001_face_2.jpg
Patrick_Leahy,/Users/taufiq/workspace/infran-spark/data_inference/Patrick_Leahy/Patrick_Leahy_0001_face_2.jpg
Patrick_Leahy,/Users/taufiq/workspace/infran-spark/data_inference/Patrick_Leahy/Patrick_Leahy_0001_face_1.jpg
Patrick_Stewart,/Users/taufiq/workspace/infran-spark/data_inference/Patrick_Stewart/Patrick_Stewart_0002_face_1.jpg
Patrick_Stewart,/Users/taufiq/workspace/infran-spark/data_inference/Patrick_Stewart/Patrick_Stewart_0002_face_2.jpg
Patti_Balgojevich,/Users/taufiq/workspace/infran-spark/data_inference/Patti_Balgojevich/Patti_Balgojevich_0001_face_2.jpg
Patti_Balgojevich,/Users/taufiq/workspace/infran-spark/data_inference/Patti_Balgojevich/Patti_Balgojevich_0001_face_1.jpg
Paul_Bremer,/Users/taufiq/workspace/infran-spark/data_inference/Paul_Bremer/Paul_Bremer_0002_face_2.jpg
Paul_Bremer,/Users/taufiq/workspace/infran-spark/data_inference/Paul_Bremer/Paul_Bremer_0002_face_1.jpg
Paul_Bremer,/Users/taufiq/workspace/infran-spark/data_inference/Paul_Bremer/Paul_Bremer_0013_face_1.jpg
Paul_Bremer,/Users/taufiq/workspace/infran-spark/data_inference/Paul_Bremer/Paul_Bremer_0013_face_2.jpg
Paul_Burrell,/Users/taufiq/workspace/infran-spark/data_inference/Paul_Burrell/Paul_Burrell_0007_face_1.jpg
Paul_Burrell,/Users/taufiq/workspace/infran-spark/data_inference/Paul_Burrell/Paul_Burrell_0007_face_2.jpg
Paul_Burrell,/Users/taufiq/workspace/infran-spark/data_inference/Paul_Burrell/Paul_Burrell_0007_face_3.jpg
Paul_Burrell,/Users/taufiq/workspace/infran-spark/data_inference/Paul_Burrell/Paul_Burrell_0007_face_4.jpg
Paul_Burrell,/Users/taufiq/workspace/infran-spark/data_inference/Paul_Burrell/Paul_Burrell_0002_face_2.jpg
Paul_Burrell,/Users/taufiq/workspace/infran-spark/data_inference/Paul_Burrell/Paul_Burrell_0002_face_1.jpg
Paul_Burrell,/Users/taufiq/workspace/infran-spark/data_inference/Paul_Burrell/Paul_Burrell_0008_face_2.jpg
Paul_Burrell,/Users/taufiq/workspace/infran-spark/data_inference/Paul_Burrell/Paul_Burrell_0008_face_1.jpg
Paul_Burrell,/Users/taufiq/workspace/infran-spark/data_inference/Paul_Burrell/Paul_Burrell_0006_face_1.jpg
Paul_Burrell,/Users/taufiq/workspace/infran-spark/data_inference/Paul_Burrell/Paul_Burrell_0006_face_2.jpg
Paul_Burrell,/Users/taufiq/workspace/infran-spark/data_inference/Paul_Burrell/Paul_Burrell_0009_face_2.jpg
Paul_Burrell,/Users/taufiq/workspace/infran-spark/data_inference/Paul_Burrell/Paul_Burrell_0009_face_1.jpg
Paul_Byrd,/Users/taufiq/workspace/infran-spark/data_inference/Paul_Byrd/Paul_Byrd_0001_face_2.jpg
Paul_Byrd,/Users/taufiq/workspace/infran-spark/data_inference/Paul_Byrd/Paul_Byrd_0001_face_1.jpg
Paul_Gascoigne,/Users/taufiq/workspace/infran-spark/data_inference/Paul_Gascoigne/Paul_Gascoigne_0003_face_2.jpg
Paul_Gascoigne,/Users/taufiq/workspace/infran-spark/data_inference/Paul_Gascoigne/Paul_Gascoigne_0003_face_3.jpg
Paul_Gascoigne,/Users/taufiq/workspace/infran-spark/data_inference/Paul_Gascoigne/Paul_Gascoigne_0003_face_1.jpg
Paul_McCartney,/Users/taufiq/workspace/infran-spark/data_inference/Paul_McCartney/Paul_McCartney_0005_face_1.jpg
Paul_McCartney,/Users/taufiq/workspace/infran-spark/data_inference/Paul_McCartney/Paul_McCartney_0005_face_2.jpg
Paul_McCartney,/Users/taufiq/workspace/infran-spark/data_inference/Paul_McCartney/Paul_McCartney_0002_face_2.jpg
Paul_McCartney,/Users/taufiq/workspace/infran-spark/data_inference/Paul_McCartney/Paul_McCartney_0002_face_1.jpg
Paul_McCartney,/Users/taufiq/workspace/infran-spark/data_inference/Paul_McCartney/Paul_McCartney_0003_face_2.jpg
Paul_McCartney,/Users/taufiq/workspace/infran-spark/data_inference/Paul_McCartney/Paul_McCartney_0003_face_1.jpg
Paul_Murphy,/Users/taufiq/workspace/infran-spark/data_inference/Paul_Murphy/Paul_Murphy_0001_face_1.jpg
Paul_Murphy,/Users/taufiq/workspace/infran-spark/data_inference/Paul_Murphy/Paul_Murphy_0001_face_2.jpg
Paul_ONeill,/Users/taufiq/workspace/infran-spark/data_inference/Paul_ONeill/Paul_ONeill_0009_face_1.jpg
Paul_ONeill,/Users/taufiq/workspace/infran-spark/data_inference/Paul_ONeill/Paul_ONeill_0009_face_2.jpg
Paul_ONeill,/Users/taufiq/workspace/infran-spark/data_inference/Paul_ONeill/Paul_ONeill_0003_face_1.jpg
Paul_ONeill,/Users/taufiq/workspace/infran-spark/data_inference/Paul_ONeill/Paul_ONeill_0003_face_2.jpg
Paul_Pierce,/Users/taufiq/workspace/infran-spark/data_inference/Paul_Pierce/Paul_Pierce_0002_face_1.jpg
Paul_Pierce,/Users/taufiq/workspace/infran-spark/data_inference/Paul_Pierce/Paul_Pierce_0002_face_2.jpg
Paul_Sarbanes,/Users/taufiq/workspace/infran-spark/data_inference/Paul_Sarbanes/Paul_Sarbanes_0002_face_1.jpg
Paul_Sarbanes,/Users/taufiq/workspace/infran-spark/data_inference/Paul_Sarbanes/Paul_Sarbanes_0002_face_2.jpg
Paul_Shanley,/Users/taufiq/workspace/infran-spark/data_inference/Paul_Shanley/Paul_Shanley_0001_face_1.jpg
Paul_Shanley,/Users/taufiq/workspace/infran-spark/data_inference/Paul_Shanley/Paul_Shanley_0001_face_2.jpg
Paul_Shanley,/Users/taufiq/workspace/infran-spark/data_inference/Paul_Shanley/Paul_Shanley_0003_face_1.jpg
Paul_Shanley,/Users/taufiq/workspace/infran-spark/data_inference/Paul_Shanley/Paul_Shanley_0003_face_2.jpg
Paul_Shanley,/Users/taufiq/workspace/infran-spark/data_inference/Paul_Shanley/Paul_Shanley_0002_face_1.jpg
Paul_Shanley,/Users/taufiq/workspace/infran-spark/data_inference/Paul_Shanley/Paul_Shanley_0002_face_2.jpg
Paul_Wellstone,/Users/taufiq/workspace/infran-spark/data_inference/Paul_Wellstone/Paul_Wellstone_0002_face_2.jpg
Paul_Wellstone,/Users/taufiq/workspace/infran-spark/data_inference/Paul_Wellstone/Paul_Wellstone_0002_face_1.jpg
Paul_William_Hurley,/Users/taufiq/workspace/infran-spark/data_inference/Paul_William_Hurley/Paul_William_Hurley_0002_face_2.jpg
Paul_William_Hurley,/Users/taufiq/workspace/infran-spark/data_inference/Paul_William_Hurley/Paul_William_Hurley_0002_face_1.jpg
Paul_Wolfowitz,/Users/taufiq/workspace/infran-spark/data_inference/Paul_Wolfowitz/Paul_Wolfowitz_0006_face_1.jpg
Paul_Wolfowitz,/Users/taufiq/workspace/infran-spark/data_inference/Paul_Wolfowitz/Paul_Wolfowitz_0006_face_2.jpg
Paul_Wolfowitz,/Users/taufiq/workspace/infran-spark/data_inference/Paul_Wolfowitz/Paul_Wolfowitz_0006_face_3.jpg
Paula_Locke,/Users/taufiq/workspace/infran-spark/data_inference/Paula_Locke/Paula_Locke_0001_face_1.jpg
Paula_Locke,/Users/taufiq/workspace/infran-spark/data_inference/Paula_Locke/Paula_Locke_0001_face_2.jpg
Pauley_Perrette,/Users/taufiq/workspace/infran-spark/data_inference/Pauley_Perrette/Pauley_Perrette_0001_face_2.jpg
Pauley_Perrette,/Users/taufiq/workspace/infran-spark/data_inference/Pauley_Perrette/Pauley_Perrette_0001_face_1.jpg
Paulina_Rodriguez_Davila,/Users/taufiq/workspace/infran-spark/data_inference/Paulina_Rodriguez_Davila/Paulina_Rodriguez_Davila_0001_face_2.jpg
Paulina_Rodriguez_Davila,/Users/taufiq/workspace/infran-spark/data_inference/Paulina_Rodriguez_Davila/Paulina_Rodriguez_Davila_0001_face_1.jpg
Pauline_Landers,/Users/taufiq/workspace/infran-spark/data_inference/Pauline_Landers/Pauline_Landers_0001_face_1.jpg
Pauline_Landers,/Users/taufiq/workspace/infran-spark/data_inference/Pauline_Landers/Pauline_Landers_0001_face_2.jpg
Pedro_Almodovar,/Users/taufiq/workspace/infran-spark/data_inference/Pedro_Almodovar/Pedro_Almodovar_0006_face_1.jpg
Pedro_Almodovar,/Users/taufiq/workspace/infran-spark/data_inference/Pedro_Almodovar/Pedro_Almodovar_0006_face_2.jpg
Pedro_Almodovar,/Users/taufiq/workspace/infran-spark/data_inference/Pedro_Almodovar/Pedro_Almodovar_0003_face_2.jpg
Pedro_Almodovar,/Users/taufiq/workspace/infran-spark/data_inference/Pedro_Almodovar/Pedro_Almodovar_0003_face_3.jpg
Pedro_Almodovar,/Users/taufiq/workspace/infran-spark/data_inference/Pedro_Almodovar/Pedro_Almodovar_0003_face_1.jpg
Pedro_Alvarez,/Users/taufiq/workspace/infran-spark/data_inference/Pedro_Alvarez/Pedro_Alvarez_0001_face_1.jpg
Pedro_Alvarez,/Users/taufiq/workspace/infran-spark/data_inference/Pedro_Alvarez/Pedro_Alvarez_0001_face_2.jpg
Pedro_Mahecha,/Users/taufiq/workspace/infran-spark/data_inference/Pedro_Mahecha/Pedro_Mahecha_0001_face_2.jpg
Pedro_Mahecha,/Users/taufiq/workspace/infran-spark/data_inference/Pedro_Mahecha/Pedro_Mahecha_0001_face_1.jpg
Pedro_Malan,/Users/taufiq/workspace/infran-spark/data_inference/Pedro_Malan/Pedro_Malan_0004_face_2.jpg
Pedro_Malan,/Users/taufiq/workspace/infran-spark/data_inference/Pedro_Malan/Pedro_Malan_0004_face_1.jpg
Pedro_Solbes,/Users/taufiq/workspace/infran-spark/data_inference/Pedro_Solbes/Pedro_Solbes_0003_face_1.jpg
Pedro_Solbes,/Users/taufiq/workspace/infran-spark/data_inference/Pedro_Solbes/Pedro_Solbes_0003_face_2.jpg
Pedro_Solbes,/Users/taufiq/workspace/infran-spark/data_inference/Pedro_Solbes/Pedro_Solbes_0001_face_1.jpg
Pedro_Solbes,/Users/taufiq/workspace/infran-spark/data_inference/Pedro_Solbes/Pedro_Solbes_0001_face_2.jpg
Penny_Lancaster,/Users/taufiq/workspace/infran-spark/data_inference/Penny_Lancaster/Penny_Lancaster_0001_face_2.jpg
Penny_Lancaster,/Users/taufiq/workspace/infran-spark/data_inference/Penny_Lancaster/Penny_Lancaster_0001_face_1.jpg
Pervez_Musharraf,/Users/taufiq/workspace/infran-spark/data_inference/Pervez_Musharraf/Pervez_Musharraf_0013_face_2.jpg
Pervez_Musharraf,/Users/taufiq/workspace/infran-spark/data_inference/Pervez_Musharraf/Pervez_Musharraf_0013_face_1.jpg
Pervez_Musharraf,/Users/taufiq/workspace/infran-spark/data_inference/Pervez_Musharraf/Pervez_Musharraf_0005_face_2.jpg
Pervez_Musharraf,/Users/taufiq/workspace/infran-spark/data_inference/Pervez_Musharraf/Pervez_Musharraf_0005_face_1.jpg
Pete_Sampras,/Users/taufiq/workspace/infran-spark/data_inference/Pete_Sampras/Pete_Sampras_0002_face_1.jpg
Pete_Sampras,/Users/taufiq/workspace/infran-spark/data_inference/Pete_Sampras/Pete_Sampras_0002_face_2.jpg
Pete_Sampras,/Users/taufiq/workspace/infran-spark/data_inference/Pete_Sampras/Pete_Sampras_0008_face_1.jpg
Pete_Sampras,/Users/taufiq/workspace/infran-spark/data_inference/Pete_Sampras/Pete_Sampras_0008_face_2.jpg
Peter_Greenaway,/Users/taufiq/workspace/infran-spark/data_inference/Peter_Greenaway/Peter_Greenaway_0001_face_2.jpg
Peter_Greenaway,/Users/taufiq/workspace/infran-spark/data_inference/Peter_Greenaway/Peter_Greenaway_0001_face_1.jpg
Peter_Greenspun,/Users/taufiq/workspace/infran-spark/data_inference/Peter_Greenspun/Peter_Greenspun_0001_face_1.jpg
Peter_Greenspun,/Users/taufiq/workspace/infran-spark/data_inference/Peter_Greenspun/Peter_Greenspun_0001_face_2.jpg
Peter_Greenspun,/Users/taufiq/workspace/infran-spark/data_inference/Peter_Greenspun/Peter_Greenspun_0001_face_3.jpg
Peter_Hillary,/Users/taufiq/workspace/infran-spark/data_inference/Peter_Hillary/Peter_Hillary_0002_face_1.jpg
Peter_Hillary,/Users/taufiq/workspace/infran-spark/data_inference/Peter_Hillary/Peter_Hillary_0002_face_2.jpg
Peter_Struck,/Users/taufiq/workspace/infran-spark/data_inference/Peter_Struck/Peter_Struck_0004_face_1.jpg
Peter_Struck,/Users/taufiq/workspace/infran-spark/data_inference/Peter_Struck/Peter_Struck_0004_face_3.jpg
Peter_Struck,/Users/taufiq/workspace/infran-spark/data_inference/Peter_Struck/Peter_Struck_0004_face_2.jpg
Petro_Symonenko,/Users/taufiq/workspace/infran-spark/data_inference/Petro_Symonenko/Petro_Symonenko_0002_face_1.jpg
Petro_Symonenko,/Users/taufiq/workspace/infran-spark/data_inference/Petro_Symonenko/Petro_Symonenko_0002_face_2.jpg
Pham_Sy_Chien,/Users/taufiq/workspace/infran-spark/data_inference/Pham_Sy_Chien/Pham_Sy_Chien_0001_face_3.jpg
Pham_Sy_Chien,/Users/taufiq/workspace/infran-spark/data_inference/Pham_Sy_Chien/Pham_Sy_Chien_0001_face_2.jpg
Pham_Sy_Chien,/Users/taufiq/workspace/infran-spark/data_inference/Pham_Sy_Chien/Pham_Sy_Chien_0001_face_1.jpg
Pham_Sy_Chien,/Users/taufiq/workspace/infran-spark/data_inference/Pham_Sy_Chien/Pham_Sy_Chien_0001_face_4.jpg
Phan_Van_Khai,/Users/taufiq/workspace/infran-spark/data_inference/Phan_Van_Khai/Phan_Van_Khai_0002_face_1.jpg
Phan_Van_Khai,/Users/taufiq/workspace/infran-spark/data_inference/Phan_Van_Khai/Phan_Van_Khai_0002_face_2.jpg
Phil_Bredesen,/Users/taufiq/workspace/infran-spark/data_inference/Phil_Bredesen/Phil_Bredesen_0001_face_2.jpg
Phil_Bredesen,/Users/taufiq/workspace/infran-spark/data_inference/Phil_Bredesen/Phil_Bredesen_0001_face_1.jpg
Phil_Gramm,/Users/taufiq/workspace/infran-spark/data_inference/Phil_Gramm/Phil_Gramm_0001_face_2.jpg
Phil_Gramm,/Users/taufiq/workspace/infran-spark/data_inference/Phil_Gramm/Phil_Gramm_0001_face_1.jpg
Phil_Vassar,/Users/taufiq/workspace/infran-spark/data_inference/Phil_Vassar/Phil_Vassar_0002_face_2.jpg
Phil_Vassar,/Users/taufiq/workspace/infran-spark/data_inference/Phil_Vassar/Phil_Vassar_0002_face_1.jpg
Philip_Zalewski,/Users/taufiq/workspace/infran-spark/data_inference/Philip_Zalewski/Philip_Zalewski_0001_face_1.jpg
Philip_Zalewski,/Users/taufiq/workspace/infran-spark/data_inference/Philip_Zalewski/Philip_Zalewski_0001_face_2.jpg
Philippe_Noiret,/Users/taufiq/workspace/infran-spark/data_inference/Philippe_Noiret/Philippe_Noiret_0001_face_1.jpg
Philippe_Noiret,/Users/taufiq/workspace/infran-spark/data_inference/Philippe_Noiret/Philippe_Noiret_0001_face_2.jpg
Philippe_Noiret,/Users/taufiq/workspace/infran-spark/data_inference/Philippe_Noiret/Philippe_Noiret_0001_face_3.jpg
Phillipe_Comtois,/Users/taufiq/workspace/infran-spark/data_inference/Phillipe_Comtois/Phillipe_Comtois_0001_face_2.jpg
Phillipe_Comtois,/Users/taufiq/workspace/infran-spark/data_inference/Phillipe_Comtois/Phillipe_Comtois_0001_face_1.jpg
Pierce_Brosnan,/Users/taufiq/workspace/infran-spark/data_inference/Pierce_Brosnan/Pierce_Brosnan_0004_face_1.jpg
Pierce_Brosnan,/Users/taufiq/workspace/infran-spark/data_inference/Pierce_Brosnan/Pierce_Brosnan_0004_face_2.jpg
Pierce_Brosnan,/Users/taufiq/workspace/infran-spark/data_inference/Pierce_Brosnan/Pierce_Brosnan_0009_face_2.jpg
Pierce_Brosnan,/Users/taufiq/workspace/infran-spark/data_inference/Pierce_Brosnan/Pierce_Brosnan_0009_face_1.jpg
Pierce_Brosnan,/Users/taufiq/workspace/infran-spark/data_inference/Pierce_Brosnan/Pierce_Brosnan_0012_face_1.jpg
Pierce_Brosnan,/Users/taufiq/workspace/infran-spark/data_inference/Pierce_Brosnan/Pierce_Brosnan_0012_face_2.jpg
Pierce_Brosnan,/Users/taufiq/workspace/infran-spark/data_inference/Pierce_Brosnan/Pierce_Brosnan_0012_face_3.jpg
Pierre_Pettigrew,/Users/taufiq/workspace/infran-spark/data_inference/Pierre_Pettigrew/Pierre_Pettigrew_0001_face_1.jpg
Pierre_Pettigrew,/Users/taufiq/workspace/infran-spark/data_inference/Pierre_Pettigrew/Pierre_Pettigrew_0001_face_2.jpg
Pierre_Pettigrew,/Users/taufiq/workspace/infran-spark/data_inference/Pierre_Pettigrew/Pierre_Pettigrew_0002_face_1.jpg
Pierre_Pettigrew,/Users/taufiq/workspace/infran-spark/data_inference/Pierre_Pettigrew/Pierre_Pettigrew_0002_face_3.jpg
Pierre_Pettigrew,/Users/taufiq/workspace/infran-spark/data_inference/Pierre_Pettigrew/Pierre_Pettigrew_0002_face_2.jpg
Pierre_Png,/Users/taufiq/workspace/infran-spark/data_inference/Pierre_Png/Pierre_Png_0001_face_1.jpg
Pierre_Png,/Users/taufiq/workspace/infran-spark/data_inference/Pierre_Png/Pierre_Png_0001_face_2.jpg
Pieter_Bouw,/Users/taufiq/workspace/infran-spark/data_inference/Pieter_Bouw/Pieter_Bouw_0001_face_1.jpg
Pieter_Bouw,/Users/taufiq/workspace/infran-spark/data_inference/Pieter_Bouw/Pieter_Bouw_0001_face_2.jpg
Prakash_Hinduja,/Users/taufiq/workspace/infran-spark/data_inference/Prakash_Hinduja/Prakash_Hinduja_0001_face_1.jpg
Prakash_Hinduja,/Users/taufiq/workspace/infran-spark/data_inference/Prakash_Hinduja/Prakash_Hinduja_0001_face_2.jpg
Prince_Naruhito,/Users/taufiq/workspace/infran-spark/data_inference/Prince_Naruhito/Prince_Naruhito_0001_face_2.jpg
Prince_Naruhito,/Users/taufiq/workspace/infran-spark/data_inference/Prince_Naruhito/Prince_Naruhito_0001_face_1.jpg
Prince_Rainier_III,/Users/taufiq/workspace/infran-spark/data_inference/Prince_Rainier_III/Prince_Rainier_III_0001_face_1.jpg
Prince_Rainier_III,/Users/taufiq/workspace/infran-spark/data_inference/Prince_Rainier_III/Prince_Rainier_III_0001_face_2.jpg
Prince_William,/Users/taufiq/workspace/infran-spark/data_inference/Prince_William/Prince_William_0001_face_1.jpg
Prince_William,/Users/taufiq/workspace/infran-spark/data_inference/Prince_William/Prince_William_0001_face_2.jpg
Princess_Caroline,/Users/taufiq/workspace/infran-spark/data_inference/Princess_Caroline/Princess_Caroline_0004_face_1.jpg
Princess_Caroline,/Users/taufiq/workspace/infran-spark/data_inference/Princess_Caroline/Princess_Caroline_0004_face_2.jpg
Princess_Caroline,/Users/taufiq/workspace/infran-spark/data_inference/Princess_Caroline/Princess_Caroline_0003_face_2.jpg
Princess_Caroline,/Users/taufiq/workspace/infran-spark/data_inference/Princess_Caroline/Princess_Caroline_0003_face_1.jpg
Princess_Masako,/Users/taufiq/workspace/infran-spark/data_inference/Princess_Masako/Princess_Masako_0002_face_1.jpg
Princess_Masako,/Users/taufiq/workspace/infran-spark/data_inference/Princess_Masako/Princess_Masako_0002_face_2.jpg
Princess_Masako,/Users/taufiq/workspace/infran-spark/data_inference/Princess_Masako/Princess_Masako_0001_face_1.jpg
Princess_Masako,/Users/taufiq/workspace/infran-spark/data_inference/Princess_Masako/Princess_Masako_0001_face_3.jpg
Princess_Masako,/Users/taufiq/workspace/infran-spark/data_inference/Princess_Masako/Princess_Masako_0001_face_2.jpg
Pupi_Avati,/Users/taufiq/workspace/infran-spark/data_inference/Pupi_Avati/Pupi_Avati_0002_face_1.jpg
Pupi_Avati,/Users/taufiq/workspace/infran-spark/data_inference/Pupi_Avati/Pupi_Avati_0002_face_2.jpg
Pupi_Avati,/Users/taufiq/workspace/infran-spark/data_inference/Pupi_Avati/Pupi_Avati_0004_face_2.jpg
Pupi_Avati,/Users/taufiq/workspace/infran-spark/data_inference/Pupi_Avati/Pupi_Avati_0004_face_1.jpg
Pupi_Avati,/Users/taufiq/workspace/infran-spark/data_inference/Pupi_Avati/Pupi_Avati_0001_face_1.jpg
Pupi_Avati,/Users/taufiq/workspace/infran-spark/data_inference/Pupi_Avati/Pupi_Avati_0001_face_2.jpg
Pyar_Jung_Thapa,/Users/taufiq/workspace/infran-spark/data_inference/Pyar_Jung_Thapa/Pyar_Jung_Thapa_0001_face_4.jpg
Pyar_Jung_Thapa,/Users/taufiq/workspace/infran-spark/data_inference/Pyar_Jung_Thapa/Pyar_Jung_Thapa_0001_face_1.jpg
Pyar_Jung_Thapa,/Users/taufiq/workspace/infran-spark/data_inference/Pyar_Jung_Thapa/Pyar_Jung_Thapa_0001_face_3.jpg
Pyar_Jung_Thapa,/Users/taufiq/workspace/infran-spark/data_inference/Pyar_Jung_Thapa/Pyar_Jung_Thapa_0001_face_2.jpg
Qazi_Afzal,/Users/taufiq/workspace/infran-spark/data_inference/Qazi_Afzal/Qazi_Afzal_0001_face_2.jpg
Qazi_Afzal,/Users/taufiq/workspace/infran-spark/data_inference/Qazi_Afzal/Qazi_Afzal_0001_face_1.jpg
Qazi_Hussain_Ahmed,/Users/taufiq/workspace/infran-spark/data_inference/Qazi_Hussain_Ahmed/Qazi_Hussain_Ahmed_0001_face_1.jpg
Qazi_Hussain_Ahmed,/Users/taufiq/workspace/infran-spark/data_inference/Qazi_Hussain_Ahmed/Qazi_Hussain_Ahmed_0001_face_3.jpg
Qazi_Hussain_Ahmed,/Users/taufiq/workspace/infran-spark/data_inference/Qazi_Hussain_Ahmed/Qazi_Hussain_Ahmed_0001_face_2.jpg
Queen_Latifah,/Users/taufiq/workspace/infran-spark/data_inference/Queen_Latifah/Queen_Latifah_0003_face_1.jpg
Queen_Latifah,/Users/taufiq/workspace/infran-spark/data_inference/Queen_Latifah/Queen_Latifah_0003_face_2.jpg
Queen_Latifah,/Users/taufiq/workspace/infran-spark/data_inference/Queen_Latifah/Queen_Latifah_0004_face_2.jpg
Queen_Latifah,/Users/taufiq/workspace/infran-spark/data_inference/Queen_Latifah/Queen_Latifah_0004_face_1.jpg
Rachel_Roy,/Users/taufiq/workspace/infran-spark/data_inference/Rachel_Roy/Rachel_Roy_0001_face_1.jpg
Rachel_Roy,/Users/taufiq/workspace/infran-spark/data_inference/Rachel_Roy/Rachel_Roy_0001_face_2.jpg
Rainer_Schuettler,/Users/taufiq/workspace/infran-spark/data_inference/Rainer_Schuettler/Rainer_Schuettler_0004_face_1.jpg
Rainer_Schuettler,/Users/taufiq/workspace/infran-spark/data_inference/Rainer_Schuettler/Rainer_Schuettler_0004_face_2.jpg
Rainer_Schuettler,/Users/taufiq/workspace/infran-spark/data_inference/Rainer_Schuettler/Rainer_Schuettler_0005_face_1.jpg
Rainer_Schuettler,/Users/taufiq/workspace/infran-spark/data_inference/Rainer_Schuettler/Rainer_Schuettler_0005_face_2.jpg
Raja_Zafar-ul-Haq,/Users/taufiq/workspace/infran-spark/data_inference/Raja_Zafar-ul-Haq/Raja_Zafar-ul-Haq_0001_face_1.jpg
Raja_Zafar-ul-Haq,/Users/taufiq/workspace/infran-spark/data_inference/Raja_Zafar-ul-Haq/Raja_Zafar-ul-Haq_0001_face_2.jpg
Ralf_Schumacher,/Users/taufiq/workspace/infran-spark/data_inference/Ralf_Schumacher/Ralf_Schumacher_0008_face_1.jpg
Ralf_Schumacher,/Users/taufiq/workspace/infran-spark/data_inference/Ralf_Schumacher/Ralf_Schumacher_0008_face_2.jpg
Ralf_Schumacher,/Users/taufiq/workspace/infran-spark/data_inference/Ralf_Schumacher/Ralf_Schumacher_0008_face_3.jpg
Ralph_Klein,/Users/taufiq/workspace/infran-spark/data_inference/Ralph_Klein/Ralph_Klein_0001_face_2.jpg
Ralph_Klein,/Users/taufiq/workspace/infran-spark/data_inference/Ralph_Klein/Ralph_Klein_0001_face_1.jpg
Ralph_Lauren,/Users/taufiq/workspace/infran-spark/data_inference/Ralph_Lauren/Ralph_Lauren_0002_face_2.jpg
Ralph_Lauren,/Users/taufiq/workspace/infran-spark/data_inference/Ralph_Lauren/Ralph_Lauren_0002_face_1.jpg
Ramon_Cardenas,/Users/taufiq/workspace/infran-spark/data_inference/Ramon_Cardenas/Ramon_Cardenas_0001_face_2.jpg
Ramon_Cardenas,/Users/taufiq/workspace/infran-spark/data_inference/Ramon_Cardenas/Ramon_Cardenas_0001_face_1.jpg
Randy_Brown,/Users/taufiq/workspace/infran-spark/data_inference/Randy_Brown/Randy_Brown_0001_face_2.jpg
Randy_Brown,/Users/taufiq/workspace/infran-spark/data_inference/Randy_Brown/Randy_Brown_0001_face_1.jpg
Randy_Jackson,/Users/taufiq/workspace/infran-spark/data_inference/Randy_Jackson/Randy_Jackson_0001_face_2.jpg
Randy_Jackson,/Users/taufiq/workspace/infran-spark/data_inference/Randy_Jackson/Randy_Jackson_0001_face_1.jpg
Raoul_Ruiz,/Users/taufiq/workspace/infran-spark/data_inference/Raoul_Ruiz/Raoul_Ruiz_0004_face_1.jpg
Raoul_Ruiz,/Users/taufiq/workspace/infran-spark/data_inference/Raoul_Ruiz/Raoul_Ruiz_0004_face_3.jpg
Raoul_Ruiz,/Users/taufiq/workspace/infran-spark/data_inference/Raoul_Ruiz/Raoul_Ruiz_0004_face_2.jpg
Raoul_Ruiz,/Users/taufiq/workspace/infran-spark/data_inference/Raoul_Ruiz/Raoul_Ruiz_0003_face_2.jpg
Raoul_Ruiz,/Users/taufiq/workspace/infran-spark/data_inference/Raoul_Ruiz/Raoul_Ruiz_0003_face_3.jpg
Raoul_Ruiz,/Users/taufiq/workspace/infran-spark/data_inference/Raoul_Ruiz/Raoul_Ruiz_0003_face_1.jpg
Ratna_Sari_Dewi_Sukarno,/Users/taufiq/workspace/infran-spark/data_inference/Ratna_Sari_Dewi_Sukarno/Ratna_Sari_Dewi_Sukarno_0001_face_2.jpg
Ratna_Sari_Dewi_Sukarno,/Users/taufiq/workspace/infran-spark/data_inference/Ratna_Sari_Dewi_Sukarno/Ratna_Sari_Dewi_Sukarno_0001_face_1.jpg
Raul_Cubas,/Users/taufiq/workspace/infran-spark/data_inference/Raul_Cubas/Raul_Cubas_0001_face_2.jpg
Raul_Cubas,/Users/taufiq/workspace/infran-spark/data_inference/Raul_Cubas/Raul_Cubas_0001_face_1.jpg
Ray_Allen,/Users/taufiq/workspace/infran-spark/data_inference/Ray_Allen/Ray_Allen_0001_face_2.jpg
Ray_Allen,/Users/taufiq/workspace/infran-spark/data_inference/Ray_Allen/Ray_Allen_0001_face_1.jpg
Ray_Bradbury,/Users/taufiq/workspace/infran-spark/data_inference/Ray_Bradbury/Ray_Bradbury_0001_face_1.jpg
Ray_Bradbury,/Users/taufiq/workspace/infran-spark/data_inference/Ray_Bradbury/Ray_Bradbury_0001_face_3.jpg
Ray_Bradbury,/Users/taufiq/workspace/infran-spark/data_inference/Ray_Bradbury/Ray_Bradbury_0001_face_2.jpg
Ray_Liotta,/Users/taufiq/workspace/infran-spark/data_inference/Ray_Liotta/Ray_Liotta_0001_face_1.jpg
Ray_Liotta,/Users/taufiq/workspace/infran-spark/data_inference/Ray_Liotta/Ray_Liotta_0001_face_2.jpg
Raza_Rabbani,/Users/taufiq/workspace/infran-spark/data_inference/Raza_Rabbani/Raza_Rabbani_0001_face_1.jpg
Raza_Rabbani,/Users/taufiq/workspace/infran-spark/data_inference/Raza_Rabbani/Raza_Rabbani_0001_face_2.jpg
Recep_Tayyip_Erdogan,/Users/taufiq/workspace/infran-spark/data_inference/Recep_Tayyip_Erdogan/Recep_Tayyip_Erdogan_0023_face_2.jpg
Recep_Tayyip_Erdogan,/Users/taufiq/workspace/infran-spark/data_inference/Recep_Tayyip_Erdogan/Recep_Tayyip_Erdogan_0023_face_1.jpg
Recep_Tayyip_Erdogan,/Users/taufiq/workspace/infran-spark/data_inference/Recep_Tayyip_Erdogan/Recep_Tayyip_Erdogan_0008_face_2.jpg
Recep_Tayyip_Erdogan,/Users/taufiq/workspace/infran-spark/data_inference/Recep_Tayyip_Erdogan/Recep_Tayyip_Erdogan_0008_face_1.jpg
Recep_Tayyip_Erdogan,/Users/taufiq/workspace/infran-spark/data_inference/Recep_Tayyip_Erdogan/Recep_Tayyip_Erdogan_0029_face_3.jpg
Recep_Tayyip_Erdogan,/Users/taufiq/workspace/infran-spark/data_inference/Recep_Tayyip_Erdogan/Recep_Tayyip_Erdogan_0029_face_2.jpg
Recep_Tayyip_Erdogan,/Users/taufiq/workspace/infran-spark/data_inference/Recep_Tayyip_Erdogan/Recep_Tayyip_Erdogan_0029_face_1.jpg
Recep_Tayyip_Erdogan,/Users/taufiq/workspace/infran-spark/data_inference/Recep_Tayyip_Erdogan/Recep_Tayyip_Erdogan_0002_face_2.jpg
Recep_Tayyip_Erdogan,/Users/taufiq/workspace/infran-spark/data_inference/Recep_Tayyip_Erdogan/Recep_Tayyip_Erdogan_0002_face_1.jpg
Recep_Tayyip_Erdogan,/Users/taufiq/workspace/infran-spark/data_inference/Recep_Tayyip_Erdogan/Recep_Tayyip_Erdogan_0027_face_1.jpg
Recep_Tayyip_Erdogan,/Users/taufiq/workspace/infran-spark/data_inference/Recep_Tayyip_Erdogan/Recep_Tayyip_Erdogan_0027_face_2.jpg
Recep_Tayyip_Erdogan,/Users/taufiq/workspace/infran-spark/data_inference/Recep_Tayyip_Erdogan/Recep_Tayyip_Erdogan_0027_face_3.jpg
Recep_Tayyip_Erdogan,/Users/taufiq/workspace/infran-spark/data_inference/Recep_Tayyip_Erdogan/Recep_Tayyip_Erdogan_0009_face_2.jpg
Recep_Tayyip_Erdogan,/Users/taufiq/workspace/infran-spark/data_inference/Recep_Tayyip_Erdogan/Recep_Tayyip_Erdogan_0009_face_1.jpg
Recep_Tayyip_Erdogan,/Users/taufiq/workspace/infran-spark/data_inference/Recep_Tayyip_Erdogan/Recep_Tayyip_Erdogan_0003_face_2.jpg
Recep_Tayyip_Erdogan,/Users/taufiq/workspace/infran-spark/data_inference/Recep_Tayyip_Erdogan/Recep_Tayyip_Erdogan_0003_face_3.jpg
Recep_Tayyip_Erdogan,/Users/taufiq/workspace/infran-spark/data_inference/Recep_Tayyip_Erdogan/Recep_Tayyip_Erdogan_0003_face_1.jpg
Recep_Tayyip_Erdogan,/Users/taufiq/workspace/infran-spark/data_inference/Recep_Tayyip_Erdogan/Recep_Tayyip_Erdogan_0012_face_1.jpg
Recep_Tayyip_Erdogan,/Users/taufiq/workspace/infran-spark/data_inference/Recep_Tayyip_Erdogan/Recep_Tayyip_Erdogan_0012_face_2.jpg
Recep_Tayyip_Erdogan,/Users/taufiq/workspace/infran-spark/data_inference/Recep_Tayyip_Erdogan/Recep_Tayyip_Erdogan_0006_face_1.jpg
Recep_Tayyip_Erdogan,/Users/taufiq/workspace/infran-spark/data_inference/Recep_Tayyip_Erdogan/Recep_Tayyip_Erdogan_0006_face_2.jpg
Recep_Tayyip_Erdogan,/Users/taufiq/workspace/infran-spark/data_inference/Recep_Tayyip_Erdogan/Recep_Tayyip_Erdogan_0006_face_3.jpg
Ren_Qingjin,/Users/taufiq/workspace/infran-spark/data_inference/Ren_Qingjin/Ren_Qingjin_0001_face_2.jpg
Ren_Qingjin,/Users/taufiq/workspace/infran-spark/data_inference/Ren_Qingjin/Ren_Qingjin_0001_face_1.jpg
Renee_Zellweger,/Users/taufiq/workspace/infran-spark/data_inference/Renee_Zellweger/Renee_Zellweger_0015_face_2.jpg
Renee_Zellweger,/Users/taufiq/workspace/infran-spark/data_inference/Renee_Zellweger/Renee_Zellweger_0015_face_1.jpg
Renee_Zellweger,/Users/taufiq/workspace/infran-spark/data_inference/Renee_Zellweger/Renee_Zellweger_0016_face_2.jpg
Renee_Zellweger,/Users/taufiq/workspace/infran-spark/data_inference/Renee_Zellweger/Renee_Zellweger_0016_face_1.jpg
Renee_Zellweger,/Users/taufiq/workspace/infran-spark/data_inference/Renee_Zellweger/Renee_Zellweger_0002_face_2.jpg
Renee_Zellweger,/Users/taufiq/workspace/infran-spark/data_inference/Renee_Zellweger/Renee_Zellweger_0002_face_1.jpg
Richard_Armitage,/Users/taufiq/workspace/infran-spark/data_inference/Richard_Armitage/Richard_Armitage_0009_face_1.jpg
Richard_Armitage,/Users/taufiq/workspace/infran-spark/data_inference/Richard_Armitage/Richard_Armitage_0009_face_2.jpg
Richard_Armitage,/Users/taufiq/workspace/infran-spark/data_inference/Richard_Armitage/Richard_Armitage_0009_face_3.jpg
Richard_Gephardt,/Users/taufiq/workspace/infran-spark/data_inference/Richard_Gephardt/Richard_Gephardt_0002_face_1.jpg
Richard_Gephardt,/Users/taufiq/workspace/infran-spark/data_inference/Richard_Gephardt/Richard_Gephardt_0002_face_2.jpg
Richard_Myers,/Users/taufiq/workspace/infran-spark/data_inference/Richard_Myers/Richard_Myers_0001_face_2.jpg
Richard_Myers,/Users/taufiq/workspace/infran-spark/data_inference/Richard_Myers/Richard_Myers_0001_face_1.jpg
Richard_Myers,/Users/taufiq/workspace/infran-spark/data_inference/Richard_Myers/Richard_Myers_0013_face_1.jpg
Richard_Myers,/Users/taufiq/workspace/infran-spark/data_inference/Richard_Myers/Richard_Myers_0013_face_2.jpg
Richard_Naughton,/Users/taufiq/workspace/infran-spark/data_inference/Richard_Naughton/Richard_Naughton_0001_face_2.jpg
Richard_Naughton,/Users/taufiq/workspace/infran-spark/data_inference/Richard_Naughton/Richard_Naughton_0001_face_1.jpg
Richard_Virenque,/Users/taufiq/workspace/infran-spark/data_inference/Richard_Virenque/Richard_Virenque_0004_face_2.jpg
Richard_Virenque,/Users/taufiq/workspace/infran-spark/data_inference/Richard_Virenque/Richard_Virenque_0004_face_1.jpg
Rick_Carlisle,/Users/taufiq/workspace/infran-spark/data_inference/Rick_Carlisle/Rick_Carlisle_0001_face_2.jpg
Rick_Carlisle,/Users/taufiq/workspace/infran-spark/data_inference/Rick_Carlisle/Rick_Carlisle_0001_face_1.jpg
Rick_Dinse,/Users/taufiq/workspace/infran-spark/data_inference/Rick_Dinse/Rick_Dinse_0003_face_2.jpg
Rick_Dinse,/Users/taufiq/workspace/infran-spark/data_inference/Rick_Dinse/Rick_Dinse_0003_face_1.jpg
Rick_Perry,/Users/taufiq/workspace/infran-spark/data_inference/Rick_Perry/Rick_Perry_0006_face_1.jpg
Rick_Perry,/Users/taufiq/workspace/infran-spark/data_inference/Rick_Perry/Rick_Perry_0006_face_2.jpg
Rick_Pitino,/Users/taufiq/workspace/infran-spark/data_inference/Rick_Pitino/Rick_Pitino_0004_face_1.jpg
Rick_Pitino,/Users/taufiq/workspace/infran-spark/data_inference/Rick_Pitino/Rick_Pitino_0004_face_2.jpg
Rick_Santorum,/Users/taufiq/workspace/infran-spark/data_inference/Rick_Santorum/Rick_Santorum_0002_face_1.jpg
Rick_Santorum,/Users/taufiq/workspace/infran-spark/data_inference/Rick_Santorum/Rick_Santorum_0002_face_2.jpg
Rita_Moreno,/Users/taufiq/workspace/infran-spark/data_inference/Rita_Moreno/Rita_Moreno_0002_face_1.jpg
Rita_Moreno,/Users/taufiq/workspace/infran-spark/data_inference/Rita_Moreno/Rita_Moreno_0002_face_2.jpg
Rob_Marshall,/Users/taufiq/workspace/infran-spark/data_inference/Rob_Marshall/Rob_Marshall_0006_face_1.jpg
Rob_Marshall,/Users/taufiq/workspace/infran-spark/data_inference/Rob_Marshall/Rob_Marshall_0006_face_2.jpg
Rob_Schneider,/Users/taufiq/workspace/infran-spark/data_inference/Rob_Schneider/Rob_Schneider_0001_face_2.jpg
Rob_Schneider,/Users/taufiq/workspace/infran-spark/data_inference/Rob_Schneider/Rob_Schneider_0001_face_1.jpg
Robbie_Coltrane,/Users/taufiq/workspace/infran-spark/data_inference/Robbie_Coltrane/Robbie_Coltrane_0001_face_1.jpg
Robbie_Coltrane,/Users/taufiq/workspace/infran-spark/data_inference/Robbie_Coltrane/Robbie_Coltrane_0001_face_2.jpg
Robbie_Naish,/Users/taufiq/workspace/infran-spark/data_inference/Robbie_Naish/Robbie_Naish_0001_face_2.jpg
Robbie_Naish,/Users/taufiq/workspace/infran-spark/data_inference/Robbie_Naish/Robbie_Naish_0001_face_1.jpg
Robbie_Williams,/Users/taufiq/workspace/infran-spark/data_inference/Robbie_Williams/Robbie_Williams_0003_face_1.jpg
Robbie_Williams,/Users/taufiq/workspace/infran-spark/data_inference/Robbie_Williams/Robbie_Williams_0003_face_2.jpg
Robert_Blackwill,/Users/taufiq/workspace/infran-spark/data_inference/Robert_Blackwill/Robert_Blackwill_0002_face_2.jpg
Robert_Blackwill,/Users/taufiq/workspace/infran-spark/data_inference/Robert_Blackwill/Robert_Blackwill_0002_face_1.jpg
Robert_Blake,/Users/taufiq/workspace/infran-spark/data_inference/Robert_Blake/Robert_Blake_0006_face_2.jpg
Robert_Blake,/Users/taufiq/workspace/infran-spark/data_inference/Robert_Blake/Robert_Blake_0006_face_1.jpg
Robert_Bullock,/Users/taufiq/workspace/infran-spark/data_inference/Robert_Bullock/Robert_Bullock_0001_face_1.jpg
Robert_Bullock,/Users/taufiq/workspace/infran-spark/data_inference/Robert_Bullock/Robert_Bullock_0001_face_2.jpg
Robert_Duvall,/Users/taufiq/workspace/infran-spark/data_inference/Robert_Duvall/Robert_Duvall_0005_face_2.jpg
Robert_Duvall,/Users/taufiq/workspace/infran-spark/data_inference/Robert_Duvall/Robert_Duvall_0005_face_1.jpg
Robert_Duvall,/Users/taufiq/workspace/infran-spark/data_inference/Robert_Duvall/Robert_Duvall_0003_face_1.jpg
Robert_Duvall,/Users/taufiq/workspace/infran-spark/data_inference/Robert_Duvall/Robert_Duvall_0003_face_2.jpg
Robert_Duvall,/Users/taufiq/workspace/infran-spark/data_inference/Robert_Duvall/Robert_Duvall_0001_face_1.jpg
Robert_Duvall,/Users/taufiq/workspace/infran-spark/data_inference/Robert_Duvall/Robert_Duvall_0001_face_3.jpg
Robert_Duvall,/Users/taufiq/workspace/infran-spark/data_inference/Robert_Duvall/Robert_Duvall_0001_face_2.jpg
Robert_Evans,/Users/taufiq/workspace/infran-spark/data_inference/Robert_Evans/Robert_Evans_0003_face_1.jpg
Robert_Evans,/Users/taufiq/workspace/infran-spark/data_inference/Robert_Evans/Robert_Evans_0003_face_2.jpg
Robert_Evans,/Users/taufiq/workspace/infran-spark/data_inference/Robert_Evans/Robert_Evans_0002_face_1.jpg
Robert_Evans,/Users/taufiq/workspace/infran-spark/data_inference/Robert_Evans/Robert_Evans_0002_face_2.jpg
Robert_Fico,/Users/taufiq/workspace/infran-spark/data_inference/Robert_Fico/Robert_Fico_0002_face_2.jpg
Robert_Fico,/Users/taufiq/workspace/infran-spark/data_inference/Robert_Fico/Robert_Fico_0002_face_1.jpg
Robert_Fico,/Users/taufiq/workspace/infran-spark/data_inference/Robert_Fico/Robert_Fico_0001_face_2.jpg
Robert_Fico,/Users/taufiq/workspace/infran-spark/data_inference/Robert_Fico/Robert_Fico_0001_face_1.jpg
Robert_Kocharian,/Users/taufiq/workspace/infran-spark/data_inference/Robert_Kocharian/Robert_Kocharian_0003_face_2.jpg
Robert_Kocharian,/Users/taufiq/workspace/infran-spark/data_inference/Robert_Kocharian/Robert_Kocharian_0003_face_1.jpg
Robert_Redford,/Users/taufiq/workspace/infran-spark/data_inference/Robert_Redford/Robert_Redford_0001_face_1.jpg
Robert_Redford,/Users/taufiq/workspace/infran-spark/data_inference/Robert_Redford/Robert_Redford_0001_face_2.jpg
Robert_Redford,/Users/taufiq/workspace/infran-spark/data_inference/Robert_Redford/Robert_Redford_0003_face_4.jpg
Robert_Redford,/Users/taufiq/workspace/infran-spark/data_inference/Robert_Redford/Robert_Redford_0003_face_1.jpg
Robert_Redford,/Users/taufiq/workspace/infran-spark/data_inference/Robert_Redford/Robert_Redford_0003_face_2.jpg
Robert_Redford,/Users/taufiq/workspace/infran-spark/data_inference/Robert_Redford/Robert_Redford_0003_face_3.jpg
Robert_Stack,/Users/taufiq/workspace/infran-spark/data_inference/Robert_Stack/Robert_Stack_0001_face_1.jpg
Robert_Stack,/Users/taufiq/workspace/infran-spark/data_inference/Robert_Stack/Robert_Stack_0001_face_2.jpg
Robert_Towne,/Users/taufiq/workspace/infran-spark/data_inference/Robert_Towne/Robert_Towne_0001_face_1.jpg
Robert_Towne,/Users/taufiq/workspace/infran-spark/data_inference/Robert_Towne/Robert_Towne_0001_face_2.jpg
Robert_Wagner,/Users/taufiq/workspace/infran-spark/data_inference/Robert_Wagner/Robert_Wagner_0001_face_2.jpg
Robert_Wagner,/Users/taufiq/workspace/infran-spark/data_inference/Robert_Wagner/Robert_Wagner_0001_face_1.jpg
Roberto_Canessa,/Users/taufiq/workspace/infran-spark/data_inference/Roberto_Canessa/Roberto_Canessa_0001_face_1.jpg
Roberto_Canessa,/Users/taufiq/workspace/infran-spark/data_inference/Roberto_Canessa/Roberto_Canessa_0001_face_2.jpg
Roberto_Tovar,/Users/taufiq/workspace/infran-spark/data_inference/Roberto_Tovar/Roberto_Tovar_0001_face_1.jpg
Roberto_Tovar,/Users/taufiq/workspace/infran-spark/data_inference/Roberto_Tovar/Roberto_Tovar_0001_face_2.jpg
Robin_Cook,/Users/taufiq/workspace/infran-spark/data_inference/Robin_Cook/Robin_Cook_0002_face_2.jpg
Robin_Cook,/Users/taufiq/workspace/infran-spark/data_inference/Robin_Cook/Robin_Cook_0002_face_1.jpg
Robin_McLaurin_Williams,/Users/taufiq/workspace/infran-spark/data_inference/Robin_McLaurin_Williams/Robin_McLaurin_Williams_0001_face_2.jpg
Robin_McLaurin_Williams,/Users/taufiq/workspace/infran-spark/data_inference/Robin_McLaurin_Williams/Robin_McLaurin_Williams_0001_face_1.jpg
Robin_Wagner,/Users/taufiq/workspace/infran-spark/data_inference/Robin_Wagner/Robin_Wagner_0001_face_1.jpg
Robin_Wagner,/Users/taufiq/workspace/infran-spark/data_inference/Robin_Wagner/Robin_Wagner_0001_face_2.jpg
Robin_Wright_Penn,/Users/taufiq/workspace/infran-spark/data_inference/Robin_Wright_Penn/Robin_Wright_Penn_0001_face_2.jpg
Robin_Wright_Penn,/Users/taufiq/workspace/infran-spark/data_inference/Robin_Wright_Penn/Robin_Wright_Penn_0001_face_1.jpg
Rod_Blagojevich,/Users/taufiq/workspace/infran-spark/data_inference/Rod_Blagojevich/Rod_Blagojevich_0001_face_1.jpg
Rod_Blagojevich,/Users/taufiq/workspace/infran-spark/data_inference/Rod_Blagojevich/Rod_Blagojevich_0001_face_2.jpg
Rod_Stewart,/Users/taufiq/workspace/infran-spark/data_inference/Rod_Stewart/Rod_Stewart_0003_face_2.jpg
Rod_Stewart,/Users/taufiq/workspace/infran-spark/data_inference/Rod_Stewart/Rod_Stewart_0003_face_1.jpg
Rodolfo_Abalos,/Users/taufiq/workspace/infran-spark/data_inference/Rodolfo_Abalos/Rodolfo_Abalos_0001_face_1.jpg
Rodolfo_Abalos,/Users/taufiq/workspace/infran-spark/data_inference/Rodolfo_Abalos/Rodolfo_Abalos_0001_face_2.jpg
Roger_Lyons,/Users/taufiq/workspace/infran-spark/data_inference/Roger_Lyons/Roger_Lyons_0001_face_1.jpg
Roger_Lyons,/Users/taufiq/workspace/infran-spark/data_inference/Roger_Lyons/Roger_Lyons_0001_face_2.jpg
Roger_Lyons,/Users/taufiq/workspace/infran-spark/data_inference/Roger_Lyons/Roger_Lyons_0001_face_3.jpg
Roger_Toussaint,/Users/taufiq/workspace/infran-spark/data_inference/Roger_Toussaint/Roger_Toussaint_0001_face_1.jpg
Roger_Toussaint,/Users/taufiq/workspace/infran-spark/data_inference/Roger_Toussaint/Roger_Toussaint_0001_face_2.jpg
Roh_Moo-hyun,/Users/taufiq/workspace/infran-spark/data_inference/Roh_Moo-hyun/Roh_Moo-hyun_0031_face_1.jpg
Roh_Moo-hyun,/Users/taufiq/workspace/infran-spark/data_inference/Roh_Moo-hyun/Roh_Moo-hyun_0031_face_2.jpg
Roh_Moo-hyun,/Users/taufiq/workspace/infran-spark/data_inference/Roh_Moo-hyun/Roh_Moo-hyun_0003_face_2.jpg
Roh_Moo-hyun,/Users/taufiq/workspace/infran-spark/data_inference/Roh_Moo-hyun/Roh_Moo-hyun_0003_face_1.jpg
Roh_Moo-hyun,/Users/taufiq/workspace/infran-spark/data_inference/Roh_Moo-hyun/Roh_Moo-hyun_0004_face_1.jpg
Roh_Moo-hyun,/Users/taufiq/workspace/infran-spark/data_inference/Roh_Moo-hyun/Roh_Moo-hyun_0004_face_2.jpg
Roh_Moo-hyun,/Users/taufiq/workspace/infran-spark/data_inference/Roh_Moo-hyun/Roh_Moo-hyun_0005_face_1.jpg
Roh_Moo-hyun,/Users/taufiq/workspace/infran-spark/data_inference/Roh_Moo-hyun/Roh_Moo-hyun_0005_face_3.jpg
Roh_Moo-hyun,/Users/taufiq/workspace/infran-spark/data_inference/Roh_Moo-hyun/Roh_Moo-hyun_0005_face_2.jpg
Roh_Moo-hyun,/Users/taufiq/workspace/infran-spark/data_inference/Roh_Moo-hyun/Roh_Moo-hyun_0032_face_1.jpg
Roh_Moo-hyun,/Users/taufiq/workspace/infran-spark/data_inference/Roh_Moo-hyun/Roh_Moo-hyun_0032_face_2.jpg
Rohman_al-Ghozi,/Users/taufiq/workspace/infran-spark/data_inference/Rohman_al-Ghozi/Rohman_al-Ghozi_0001_face_2.jpg
Rohman_al-Ghozi,/Users/taufiq/workspace/infran-spark/data_inference/Rohman_al-Ghozi/Rohman_al-Ghozi_0001_face_1.jpg
Roman_Polanski,/Users/taufiq/workspace/infran-spark/data_inference/Roman_Polanski/Roman_Polanski_0004_face_1.jpg
Roman_Polanski,/Users/taufiq/workspace/infran-spark/data_inference/Roman_Polanski/Roman_Polanski_0004_face_2.jpg
Roman_Polanski,/Users/taufiq/workspace/infran-spark/data_inference/Roman_Polanski/Roman_Polanski_0001_face_3.jpg
Roman_Polanski,/Users/taufiq/workspace/infran-spark/data_inference/Roman_Polanski/Roman_Polanski_0001_face_2.jpg
Roman_Polanski,/Users/taufiq/workspace/infran-spark/data_inference/Roman_Polanski/Roman_Polanski_0001_face_1.jpg
Roman_Tam,/Users/taufiq/workspace/infran-spark/data_inference/Roman_Tam/Roman_Tam_0001_face_1.jpg
Roman_Tam,/Users/taufiq/workspace/infran-spark/data_inference/Roman_Tam/Roman_Tam_0001_face_2.jpg
Romano_Prodi,/Users/taufiq/workspace/infran-spark/data_inference/Romano_Prodi/Romano_Prodi_0004_face_2.jpg
Romano_Prodi,/Users/taufiq/workspace/infran-spark/data_inference/Romano_Prodi/Romano_Prodi_0004_face_1.jpg
Romano_Prodi,/Users/taufiq/workspace/infran-spark/data_inference/Romano_Prodi/Romano_Prodi_0001_face_1.jpg
Romano_Prodi,/Users/taufiq/workspace/infran-spark/data_inference/Romano_Prodi/Romano_Prodi_0001_face_2.jpg
Romano_Prodi,/Users/taufiq/workspace/infran-spark/data_inference/Romano_Prodi/Romano_Prodi_0005_face_2.jpg
Romano_Prodi,/Users/taufiq/workspace/infran-spark/data_inference/Romano_Prodi/Romano_Prodi_0005_face_1.jpg
Ron_Howard,/Users/taufiq/workspace/infran-spark/data_inference/Ron_Howard/Ron_Howard_0001_face_1.jpg
Ron_Howard,/Users/taufiq/workspace/infran-spark/data_inference/Ron_Howard/Ron_Howard_0001_face_2.jpg
Rosalyn_Carter,/Users/taufiq/workspace/infran-spark/data_inference/Rosalyn_Carter/Rosalyn_Carter_0001_face_2.jpg
Rosalyn_Carter,/Users/taufiq/workspace/infran-spark/data_inference/Rosalyn_Carter/Rosalyn_Carter_0001_face_1.jpg
Roy_Moore,/Users/taufiq/workspace/infran-spark/data_inference/Roy_Moore/Roy_Moore_0005_face_3.jpg
Roy_Moore,/Users/taufiq/workspace/infran-spark/data_inference/Roy_Moore/Roy_Moore_0005_face_2.jpg
Roy_Moore,/Users/taufiq/workspace/infran-spark/data_inference/Roy_Moore/Roy_Moore_0005_face_1.jpg
Roy_Moore,/Users/taufiq/workspace/infran-spark/data_inference/Roy_Moore/Roy_Moore_0005_face_4.jpg
Roy_Moore,/Users/taufiq/workspace/infran-spark/data_inference/Roy_Moore/Roy_Moore_0004_face_2.jpg
Roy_Moore,/Users/taufiq/workspace/infran-spark/data_inference/Roy_Moore/Roy_Moore_0004_face_1.jpg
Rubens_Barrichello,/Users/taufiq/workspace/infran-spark/data_inference/Rubens_Barrichello/Rubens_Barrichello_0006_face_1.jpg
Rubens_Barrichello,/Users/taufiq/workspace/infran-spark/data_inference/Rubens_Barrichello/Rubens_Barrichello_0006_face_2.jpg
Rudolph_Giuliani,/Users/taufiq/workspace/infran-spark/data_inference/Rudolph_Giuliani/Rudolph_Giuliani_0025_face_4.jpg
Rudolph_Giuliani,/Users/taufiq/workspace/infran-spark/data_inference/Rudolph_Giuliani/Rudolph_Giuliani_0025_face_1.jpg
Rudolph_Giuliani,/Users/taufiq/workspace/infran-spark/data_inference/Rudolph_Giuliani/Rudolph_Giuliani_0025_face_3.jpg
Rudolph_Giuliani,/Users/taufiq/workspace/infran-spark/data_inference/Rudolph_Giuliani/Rudolph_Giuliani_0025_face_2.jpg
Rudolph_Giuliani,/Users/taufiq/workspace/infran-spark/data_inference/Rudolph_Giuliani/Rudolph_Giuliani_0022_face_2.jpg
Rudolph_Giuliani,/Users/taufiq/workspace/infran-spark/data_inference/Rudolph_Giuliani/Rudolph_Giuliani_0022_face_3.jpg
Rudolph_Giuliani,/Users/taufiq/workspace/infran-spark/data_inference/Rudolph_Giuliani/Rudolph_Giuliani_0022_face_1.jpg
Rudolph_Giuliani,/Users/taufiq/workspace/infran-spark/data_inference/Rudolph_Giuliani/Rudolph_Giuliani_0015_face_2.jpg
Rudolph_Giuliani,/Users/taufiq/workspace/infran-spark/data_inference/Rudolph_Giuliani/Rudolph_Giuliani_0015_face_1.jpg
Rudolph_Giuliani,/Users/taufiq/workspace/infran-spark/data_inference/Rudolph_Giuliani/Rudolph_Giuliani_0018_face_1.jpg
Rudolph_Giuliani,/Users/taufiq/workspace/infran-spark/data_inference/Rudolph_Giuliani/Rudolph_Giuliani_0018_face_2.jpg
Rudolph_Giuliani,/Users/taufiq/workspace/infran-spark/data_inference/Rudolph_Giuliani/Rudolph_Giuliani_0013_face_1.jpg
Rudolph_Giuliani,/Users/taufiq/workspace/infran-spark/data_inference/Rudolph_Giuliani/Rudolph_Giuliani_0013_face_2.jpg
Rudolph_Giuliani,/Users/taufiq/workspace/infran-spark/data_inference/Rudolph_Giuliani/Rudolph_Giuliani_0007_face_1.jpg
Rudolph_Giuliani,/Users/taufiq/workspace/infran-spark/data_inference/Rudolph_Giuliani/Rudolph_Giuliani_0007_face_2.jpg
Rudolph_Giuliani,/Users/taufiq/workspace/infran-spark/data_inference/Rudolph_Giuliani/Rudolph_Giuliani_0008_face_2.jpg
Rudolph_Giuliani,/Users/taufiq/workspace/infran-spark/data_inference/Rudolph_Giuliani/Rudolph_Giuliani_0008_face_1.jpg
Rupert_Grint,/Users/taufiq/workspace/infran-spark/data_inference/Rupert_Grint/Rupert_Grint_0001_face_1.jpg
Rupert_Grint,/Users/taufiq/workspace/infran-spark/data_inference/Rupert_Grint/Rupert_Grint_0001_face_2.jpg
Rupert_Grint,/Users/taufiq/workspace/infran-spark/data_inference/Rupert_Grint/Rupert_Grint_0002_face_1.jpg
Rupert_Grint,/Users/taufiq/workspace/infran-spark/data_inference/Rupert_Grint/Rupert_Grint_0002_face_2.jpg
Russell_Simmons,/Users/taufiq/workspace/infran-spark/data_inference/Russell_Simmons/Russell_Simmons_0003_face_2.jpg
Russell_Simmons,/Users/taufiq/workspace/infran-spark/data_inference/Russell_Simmons/Russell_Simmons_0003_face_3.jpg
Russell_Simmons,/Users/taufiq/workspace/infran-spark/data_inference/Russell_Simmons/Russell_Simmons_0003_face_1.jpg
Russell_Simmons,/Users/taufiq/workspace/infran-spark/data_inference/Russell_Simmons/Russell_Simmons_0005_face_1.jpg
Russell_Simmons,/Users/taufiq/workspace/infran-spark/data_inference/Russell_Simmons/Russell_Simmons_0005_face_2.jpg
Ruth_Harlow,/Users/taufiq/workspace/infran-spark/data_inference/Ruth_Harlow/Ruth_Harlow_0002_face_1.jpg
Ruth_Harlow,/Users/taufiq/workspace/infran-spark/data_inference/Ruth_Harlow/Ruth_Harlow_0002_face_2.jpg
Ruth_Pearce,/Users/taufiq/workspace/infran-spark/data_inference/Ruth_Pearce/Ruth_Pearce_0001_face_1.jpg
Ruth_Pearce,/Users/taufiq/workspace/infran-spark/data_inference/Ruth_Pearce/Ruth_Pearce_0001_face_3.jpg
Ruth_Pearce,/Users/taufiq/workspace/infran-spark/data_inference/Ruth_Pearce/Ruth_Pearce_0001_face_2.jpg
Ryan_Goodman,/Users/taufiq/workspace/infran-spark/data_inference/Ryan_Goodman/Ryan_Goodman_0001_face_1.jpg
Ryan_Goodman,/Users/taufiq/workspace/infran-spark/data_inference/Ryan_Goodman/Ryan_Goodman_0001_face_2.jpg
Sadam_Hassan,/Users/taufiq/workspace/infran-spark/data_inference/Sadam_Hassan/Sadam_Hassan_0001_face_4.jpg
Sadam_Hassan,/Users/taufiq/workspace/infran-spark/data_inference/Sadam_Hassan/Sadam_Hassan_0001_face_3.jpg
Sadam_Hassan,/Users/taufiq/workspace/infran-spark/data_inference/Sadam_Hassan/Sadam_Hassan_0001_face_2.jpg
Sadam_Hassan,/Users/taufiq/workspace/infran-spark/data_inference/Sadam_Hassan/Sadam_Hassan_0001_face_1.jpg
Sadie_Frost,/Users/taufiq/workspace/infran-spark/data_inference/Sadie_Frost/Sadie_Frost_0001_face_2.jpg
Sadie_Frost,/Users/taufiq/workspace/infran-spark/data_inference/Sadie_Frost/Sadie_Frost_0001_face_1.jpg
Saied_Hadi_al_Mudarissi,/Users/taufiq/workspace/infran-spark/data_inference/Saied_Hadi_al_Mudarissi/Saied_Hadi_al_Mudarissi_0001_face_2.jpg
Saied_Hadi_al_Mudarissi,/Users/taufiq/workspace/infran-spark/data_inference/Saied_Hadi_al_Mudarissi/Saied_Hadi_al_Mudarissi_0001_face_1.jpg
Salma_Hayek,/Users/taufiq/workspace/infran-spark/data_inference/Salma_Hayek/Salma_Hayek_0009_face_2.jpg
Salma_Hayek,/Users/taufiq/workspace/infran-spark/data_inference/Salma_Hayek/Salma_Hayek_0009_face_1.jpg
Salma_Hayek,/Users/taufiq/workspace/infran-spark/data_inference/Salma_Hayek/Salma_Hayek_0010_face_1.jpg
Salma_Hayek,/Users/taufiq/workspace/infran-spark/data_inference/Salma_Hayek/Salma_Hayek_0010_face_2.jpg
Salman_Khan,/Users/taufiq/workspace/infran-spark/data_inference/Salman_Khan/Salman_Khan_0001_face_1.jpg
Salman_Khan,/Users/taufiq/workspace/infran-spark/data_inference/Salman_Khan/Salman_Khan_0001_face_3.jpg
Salman_Khan,/Users/taufiq/workspace/infran-spark/data_inference/Salman_Khan/Salman_Khan_0001_face_2.jpg
Sam_Bith,/Users/taufiq/workspace/infran-spark/data_inference/Sam_Bith/Sam_Bith_0003_face_3.jpg
Sam_Bith,/Users/taufiq/workspace/infran-spark/data_inference/Sam_Bith/Sam_Bith_0003_face_2.jpg
Sam_Bith,/Users/taufiq/workspace/infran-spark/data_inference/Sam_Bith/Sam_Bith_0003_face_1.jpg
Sam_Bith,/Users/taufiq/workspace/infran-spark/data_inference/Sam_Bith/Sam_Bith_0001_face_2.jpg
Sam_Bith,/Users/taufiq/workspace/infran-spark/data_inference/Sam_Bith/Sam_Bith_0001_face_3.jpg
Sam_Bith,/Users/taufiq/workspace/infran-spark/data_inference/Sam_Bith/Sam_Bith_0001_face_1.jpg
Sam_Bith,/Users/taufiq/workspace/infran-spark/data_inference/Sam_Bith/Sam_Bith_0001_face_4.jpg
Samira_Makhmalbaf,/Users/taufiq/workspace/infran-spark/data_inference/Samira_Makhmalbaf/Samira_Makhmalbaf_0001_face_2.jpg
Samira_Makhmalbaf,/Users/taufiq/workspace/infran-spark/data_inference/Samira_Makhmalbaf/Samira_Makhmalbaf_0001_face_3.jpg
Samira_Makhmalbaf,/Users/taufiq/workspace/infran-spark/data_inference/Samira_Makhmalbaf/Samira_Makhmalbaf_0001_face_1.jpg
San_Lan,/Users/taufiq/workspace/infran-spark/data_inference/San_Lan/San_Lan_0001_face_2.jpg
San_Lan,/Users/taufiq/workspace/infran-spark/data_inference/San_Lan/San_Lan_0001_face_1.jpg
Sandra_Bullock,/Users/taufiq/workspace/infran-spark/data_inference/Sandra_Bullock/Sandra_Bullock_0004_face_2.jpg
Sandra_Bullock,/Users/taufiq/workspace/infran-spark/data_inference/Sandra_Bullock/Sandra_Bullock_0004_face_1.jpg
Sandra_Bullock,/Users/taufiq/workspace/infran-spark/data_inference/Sandra_Bullock/Sandra_Bullock_0001_face_1.jpg
Sandra_Bullock,/Users/taufiq/workspace/infran-spark/data_inference/Sandra_Bullock/Sandra_Bullock_0001_face_2.jpg
Sandra_Milo,/Users/taufiq/workspace/infran-spark/data_inference/Sandra_Milo/Sandra_Milo_0001_face_1.jpg
Sandra_Milo,/Users/taufiq/workspace/infran-spark/data_inference/Sandra_Milo/Sandra_Milo_0001_face_3.jpg
Sandra_Milo,/Users/taufiq/workspace/infran-spark/data_inference/Sandra_Milo/Sandra_Milo_0001_face_2.jpg
Saparmurat_Niyazov,/Users/taufiq/workspace/infran-spark/data_inference/Saparmurat_Niyazov/Saparmurat_Niyazov_0002_face_1.jpg
Saparmurat_Niyazov,/Users/taufiq/workspace/infran-spark/data_inference/Saparmurat_Niyazov/Saparmurat_Niyazov_0002_face_2.jpg
Sarah_Hughes,/Users/taufiq/workspace/infran-spark/data_inference/Sarah_Hughes/Sarah_Hughes_0004_face_2.jpg
Sarah_Hughes,/Users/taufiq/workspace/infran-spark/data_inference/Sarah_Hughes/Sarah_Hughes_0004_face_1.jpg
Sarah_Jessica_Parker,/Users/taufiq/workspace/infran-spark/data_inference/Sarah_Jessica_Parker/Sarah_Jessica_Parker_0004_face_2.jpg
Sarah_Jessica_Parker,/Users/taufiq/workspace/infran-spark/data_inference/Sarah_Jessica_Parker/Sarah_Jessica_Parker_0004_face_1.jpg
Scott_Peterson,/Users/taufiq/workspace/infran-spark/data_inference/Scott_Peterson/Scott_Peterson_0001_face_1.jpg
Scott_Peterson,/Users/taufiq/workspace/infran-spark/data_inference/Scott_Peterson/Scott_Peterson_0001_face_2.jpg
Scott_Sullivan,/Users/taufiq/workspace/infran-spark/data_inference/Scott_Sullivan/Scott_Sullivan_0001_face_1.jpg
Scott_Sullivan,/Users/taufiq/workspace/infran-spark/data_inference/Scott_Sullivan/Scott_Sullivan_0001_face_2.jpg
Scott_Sullivan,/Users/taufiq/workspace/infran-spark/data_inference/Scott_Sullivan/Scott_Sullivan_0002_face_1.jpg
Scott_Sullivan,/Users/taufiq/workspace/infran-spark/data_inference/Scott_Sullivan/Scott_Sullivan_0002_face_3.jpg
Scott_Sullivan,/Users/taufiq/workspace/infran-spark/data_inference/Scott_Sullivan/Scott_Sullivan_0002_face_2.jpg
Sean_Astin,/Users/taufiq/workspace/infran-spark/data_inference/Sean_Astin/Sean_Astin_0003_face_2.jpg
Sean_Astin,/Users/taufiq/workspace/infran-spark/data_inference/Sean_Astin/Sean_Astin_0003_face_1.jpg
Sean_Penn,/Users/taufiq/workspace/infran-spark/data_inference/Sean_Penn/Sean_Penn_0002_face_1.jpg
Sean_Penn,/Users/taufiq/workspace/infran-spark/data_inference/Sean_Penn/Sean_Penn_0002_face_2.jpg
Sepp_Blatter,/Users/taufiq/workspace/infran-spark/data_inference/Sepp_Blatter/Sepp_Blatter_0001_face_4.jpg
Sepp_Blatter,/Users/taufiq/workspace/infran-spark/data_inference/Sepp_Blatter/Sepp_Blatter_0001_face_5.jpg
Sepp_Blatter,/Users/taufiq/workspace/infran-spark/data_inference/Sepp_Blatter/Sepp_Blatter_0001_face_7.jpg
Sepp_Blatter,/Users/taufiq/workspace/infran-spark/data_inference/Sepp_Blatter/Sepp_Blatter_0001_face_6.jpg
Sepp_Blatter,/Users/taufiq/workspace/infran-spark/data_inference/Sepp_Blatter/Sepp_Blatter_0001_face_2.jpg
Sepp_Blatter,/Users/taufiq/workspace/infran-spark/data_inference/Sepp_Blatter/Sepp_Blatter_0001_face_3.jpg
Sepp_Blatter,/Users/taufiq/workspace/infran-spark/data_inference/Sepp_Blatter/Sepp_Blatter_0001_face_1.jpg
Serena_Williams,/Users/taufiq/workspace/infran-spark/data_inference/Serena_Williams/Serena_Williams_0047_face_2.jpg
Serena_Williams,/Users/taufiq/workspace/infran-spark/data_inference/Serena_Williams/Serena_Williams_0047_face_1.jpg
Serena_Williams,/Users/taufiq/workspace/infran-spark/data_inference/Serena_Williams/Serena_Williams_0025_face_2.jpg
Serena_Williams,/Users/taufiq/workspace/infran-spark/data_inference/Serena_Williams/Serena_Williams_0025_face_1.jpg
Serena_Williams,/Users/taufiq/workspace/infran-spark/data_inference/Serena_Williams/Serena_Williams_0030_face_2.jpg
Serena_Williams,/Users/taufiq/workspace/infran-spark/data_inference/Serena_Williams/Serena_Williams_0030_face_1.jpg
Seymour_Cassell,/Users/taufiq/workspace/infran-spark/data_inference/Seymour_Cassell/Seymour_Cassell_0001_face_2.jpg
Seymour_Cassell,/Users/taufiq/workspace/infran-spark/data_inference/Seymour_Cassell/Seymour_Cassell_0001_face_1.jpg
Shannon_OBrien,/Users/taufiq/workspace/infran-spark/data_inference/Shannon_OBrien/Shannon_OBrien_0001_face_2.jpg
Shannon_OBrien,/Users/taufiq/workspace/infran-spark/data_inference/Shannon_OBrien/Shannon_OBrien_0001_face_1.jpg
Shannon_OBrien,/Users/taufiq/workspace/infran-spark/data_inference/Shannon_OBrien/Shannon_OBrien_0002_face_2.jpg
Shannon_OBrien,/Users/taufiq/workspace/infran-spark/data_inference/Shannon_OBrien/Shannon_OBrien_0002_face_1.jpg
Sharon_Davis,/Users/taufiq/workspace/infran-spark/data_inference/Sharon_Davis/Sharon_Davis_0001_face_1.jpg
Sharon_Davis,/Users/taufiq/workspace/infran-spark/data_inference/Sharon_Davis/Sharon_Davis_0001_face_2.jpg
Sharon_Osbourne,/Users/taufiq/workspace/infran-spark/data_inference/Sharon_Osbourne/Sharon_Osbourne_0001_face_1.jpg
Sharon_Osbourne,/Users/taufiq/workspace/infran-spark/data_inference/Sharon_Osbourne/Sharon_Osbourne_0001_face_2.jpg
Sharon_Stone,/Users/taufiq/workspace/infran-spark/data_inference/Sharon_Stone/Sharon_Stone_0002_face_2.jpg
Sharon_Stone,/Users/taufiq/workspace/infran-spark/data_inference/Sharon_Stone/Sharon_Stone_0002_face_3.jpg
Sharon_Stone,/Users/taufiq/workspace/infran-spark/data_inference/Sharon_Stone/Sharon_Stone_0002_face_1.jpg
Shaukat_Aziz,/Users/taufiq/workspace/infran-spark/data_inference/Shaukat_Aziz/Shaukat_Aziz_0001_face_2.jpg
Shaukat_Aziz,/Users/taufiq/workspace/infran-spark/data_inference/Shaukat_Aziz/Shaukat_Aziz_0001_face_1.jpg
Shaul_Mofaz,/Users/taufiq/workspace/infran-spark/data_inference/Shaul_Mofaz/Shaul_Mofaz_0002_face_2.jpg
Shaul_Mofaz,/Users/taufiq/workspace/infran-spark/data_inference/Shaul_Mofaz/Shaul_Mofaz_0002_face_1.jpg
Shawn_Bradley,/Users/taufiq/workspace/infran-spark/data_inference/Shawn_Bradley/Shawn_Bradley_0001_face_1.jpg
Shawn_Bradley,/Users/taufiq/workspace/infran-spark/data_inference/Shawn_Bradley/Shawn_Bradley_0001_face_2.jpg
Sherry_Fisher,/Users/taufiq/workspace/infran-spark/data_inference/Sherry_Fisher/Sherry_Fisher_0001_face_2.jpg
Sherry_Fisher,/Users/taufiq/workspace/infran-spark/data_inference/Sherry_Fisher/Sherry_Fisher_0001_face_1.jpg
Sheryl_Crow,/Users/taufiq/workspace/infran-spark/data_inference/Sheryl_Crow/Sheryl_Crow_0003_face_2.jpg
Sheryl_Crow,/Users/taufiq/workspace/infran-spark/data_inference/Sheryl_Crow/Sheryl_Crow_0003_face_1.jpg
Shia_LaBeouf,/Users/taufiq/workspace/infran-spark/data_inference/Shia_LaBeouf/Shia_LaBeouf_0002_face_2.jpg
Shia_LaBeouf,/Users/taufiq/workspace/infran-spark/data_inference/Shia_LaBeouf/Shia_LaBeouf_0002_face_1.jpg
Shimon_Peres,/Users/taufiq/workspace/infran-spark/data_inference/Shimon_Peres/Shimon_Peres_0005_face_1.jpg
Shimon_Peres,/Users/taufiq/workspace/infran-spark/data_inference/Shimon_Peres/Shimon_Peres_0005_face_2.jpg
Shoshana_Johnson,/Users/taufiq/workspace/infran-spark/data_inference/Shoshana_Johnson/Shoshana_Johnson_0001_face_1.jpg
Shoshana_Johnson,/Users/taufiq/workspace/infran-spark/data_inference/Shoshana_Johnson/Shoshana_Johnson_0001_face_2.jpg
Sid_Caesar,/Users/taufiq/workspace/infran-spark/data_inference/Sid_Caesar/Sid_Caesar_0001_face_1.jpg
Sid_Caesar,/Users/taufiq/workspace/infran-spark/data_inference/Sid_Caesar/Sid_Caesar_0001_face_2.jpg
Silvan_Shalom,/Users/taufiq/workspace/infran-spark/data_inference/Silvan_Shalom/Silvan_Shalom_0004_face_2.jpg
Silvan_Shalom,/Users/taufiq/workspace/infran-spark/data_inference/Silvan_Shalom/Silvan_Shalom_0004_face_1.jpg
Silvan_Shalom,/Users/taufiq/workspace/infran-spark/data_inference/Silvan_Shalom/Silvan_Shalom_0003_face_1.jpg
Silvan_Shalom,/Users/taufiq/workspace/infran-spark/data_inference/Silvan_Shalom/Silvan_Shalom_0003_face_2.jpg
Silvio_Berlusconi,/Users/taufiq/workspace/infran-spark/data_inference/Silvio_Berlusconi/Silvio_Berlusconi_0030_face_2.jpg
Silvio_Berlusconi,/Users/taufiq/workspace/infran-spark/data_inference/Silvio_Berlusconi/Silvio_Berlusconi_0030_face_1.jpg
Silvio_Berlusconi,/Users/taufiq/workspace/infran-spark/data_inference/Silvio_Berlusconi/Silvio_Berlusconi_0019_face_2.jpg
Silvio_Berlusconi,/Users/taufiq/workspace/infran-spark/data_inference/Silvio_Berlusconi/Silvio_Berlusconi_0019_face_1.jpg
Silvio_Berlusconi,/Users/taufiq/workspace/infran-spark/data_inference/Silvio_Berlusconi/Silvio_Berlusconi_0005_face_3.jpg
Silvio_Berlusconi,/Users/taufiq/workspace/infran-spark/data_inference/Silvio_Berlusconi/Silvio_Berlusconi_0005_face_2.jpg
Silvio_Berlusconi,/Users/taufiq/workspace/infran-spark/data_inference/Silvio_Berlusconi/Silvio_Berlusconi_0005_face_1.jpg
Silvio_Berlusconi,/Users/taufiq/workspace/infran-spark/data_inference/Silvio_Berlusconi/Silvio_Berlusconi_0008_face_1.jpg
Silvio_Berlusconi,/Users/taufiq/workspace/infran-spark/data_inference/Silvio_Berlusconi/Silvio_Berlusconi_0008_face_2.jpg
Silvio_Berlusconi,/Users/taufiq/workspace/infran-spark/data_inference/Silvio_Berlusconi/Silvio_Berlusconi_0017_face_1.jpg
Silvio_Berlusconi,/Users/taufiq/workspace/infran-spark/data_inference/Silvio_Berlusconi/Silvio_Berlusconi_0017_face_3.jpg
Silvio_Berlusconi,/Users/taufiq/workspace/infran-spark/data_inference/Silvio_Berlusconi/Silvio_Berlusconi_0017_face_2.jpg
Silvio_Berlusconi,/Users/taufiq/workspace/infran-spark/data_inference/Silvio_Berlusconi/Silvio_Berlusconi_0027_face_2.jpg
Silvio_Berlusconi,/Users/taufiq/workspace/infran-spark/data_inference/Silvio_Berlusconi/Silvio_Berlusconi_0027_face_1.jpg
Silvio_Berlusconi,/Users/taufiq/workspace/infran-spark/data_inference/Silvio_Berlusconi/Silvio_Berlusconi_0009_face_1.jpg
Silvio_Berlusconi,/Users/taufiq/workspace/infran-spark/data_inference/Silvio_Berlusconi/Silvio_Berlusconi_0009_face_2.jpg
Simon_Cowell,/Users/taufiq/workspace/infran-spark/data_inference/Simon_Cowell/Simon_Cowell_0001_face_6.jpg
Simon_Cowell,/Users/taufiq/workspace/infran-spark/data_inference/Simon_Cowell/Simon_Cowell_0001_face_5.jpg
Simon_Cowell,/Users/taufiq/workspace/infran-spark/data_inference/Simon_Cowell/Simon_Cowell_0001_face_4.jpg
Simon_Cowell,/Users/taufiq/workspace/infran-spark/data_inference/Simon_Cowell/Simon_Cowell_0001_face_1.jpg
Simon_Cowell,/Users/taufiq/workspace/infran-spark/data_inference/Simon_Cowell/Simon_Cowell_0001_face_3.jpg
Simon_Cowell,/Users/taufiq/workspace/infran-spark/data_inference/Simon_Cowell/Simon_Cowell_0001_face_2.jpg
Simon_Cowell,/Users/taufiq/workspace/infran-spark/data_inference/Simon_Cowell/Simon_Cowell_0002_face_1.jpg
Simon_Cowell,/Users/taufiq/workspace/infran-spark/data_inference/Simon_Cowell/Simon_Cowell_0002_face_2.jpg
Slobodan_Milosevic,/Users/taufiq/workspace/infran-spark/data_inference/Slobodan_Milosevic/Slobodan_Milosevic_0002_face_2.jpg
Slobodan_Milosevic,/Users/taufiq/workspace/infran-spark/data_inference/Slobodan_Milosevic/Slobodan_Milosevic_0002_face_1.jpg
Sofia_Milos,/Users/taufiq/workspace/infran-spark/data_inference/Sofia_Milos/Sofia_Milos_0001_face_2.jpg
Sofia_Milos,/Users/taufiq/workspace/infran-spark/data_inference/Sofia_Milos/Sofia_Milos_0001_face_1.jpg
Sophia_Loren,/Users/taufiq/workspace/infran-spark/data_inference/Sophia_Loren/Sophia_Loren_0004_face_1.jpg
Sophia_Loren,/Users/taufiq/workspace/infran-spark/data_inference/Sophia_Loren/Sophia_Loren_0004_face_2.jpg
Sophia_Loren,/Users/taufiq/workspace/infran-spark/data_inference/Sophia_Loren/Sophia_Loren_0005_face_1.jpg
Sophia_Loren,/Users/taufiq/workspace/infran-spark/data_inference/Sophia_Loren/Sophia_Loren_0005_face_2.jpg
Spencer_Abraham,/Users/taufiq/workspace/infran-spark/data_inference/Spencer_Abraham/Spencer_Abraham_0009_face_2.jpg
Spencer_Abraham,/Users/taufiq/workspace/infran-spark/data_inference/Spencer_Abraham/Spencer_Abraham_0009_face_1.jpg
Spencer_Abraham,/Users/taufiq/workspace/infran-spark/data_inference/Spencer_Abraham/Spencer_Abraham_0016_face_2.jpg
Spencer_Abraham,/Users/taufiq/workspace/infran-spark/data_inference/Spencer_Abraham/Spencer_Abraham_0016_face_1.jpg
Stanley_Tong,/Users/taufiq/workspace/infran-spark/data_inference/Stanley_Tong/Stanley_Tong_0002_face_1.jpg
Stanley_Tong,/Users/taufiq/workspace/infran-spark/data_inference/Stanley_Tong/Stanley_Tong_0002_face_2.jpg
Stefano_Gabbana,/Users/taufiq/workspace/infran-spark/data_inference/Stefano_Gabbana/Stefano_Gabbana_0001_face_1.jpg
Stefano_Gabbana,/Users/taufiq/workspace/infran-spark/data_inference/Stefano_Gabbana/Stefano_Gabbana_0001_face_2.jpg
Stellan_Skarsgard,/Users/taufiq/workspace/infran-spark/data_inference/Stellan_Skarsgard/Stellan_Skarsgard_0001_face_2.jpg
Stellan_Skarsgard,/Users/taufiq/workspace/infran-spark/data_inference/Stellan_Skarsgard/Stellan_Skarsgard_0001_face_1.jpg
Stepan_Demirchian,/Users/taufiq/workspace/infran-spark/data_inference/Stepan_Demirchian/Stepan_Demirchian_0001_face_1.jpg
Stepan_Demirchian,/Users/taufiq/workspace/infran-spark/data_inference/Stepan_Demirchian/Stepan_Demirchian_0001_face_2.jpg
Steve_Lavin,/Users/taufiq/workspace/infran-spark/data_inference/Steve_Lavin/Steve_Lavin_0006_face_4.jpg
Steve_Lavin,/Users/taufiq/workspace/infran-spark/data_inference/Steve_Lavin/Steve_Lavin_0006_face_3.jpg
Steve_Lavin,/Users/taufiq/workspace/infran-spark/data_inference/Steve_Lavin/Steve_Lavin_0006_face_2.jpg
Steve_Lavin,/Users/taufiq/workspace/infran-spark/data_inference/Steve_Lavin/Steve_Lavin_0006_face_1.jpg
Steve_Lavin,/Users/taufiq/workspace/infran-spark/data_inference/Steve_Lavin/Steve_Lavin_0001_face_1.jpg
Steve_Lavin,/Users/taufiq/workspace/infran-spark/data_inference/Steve_Lavin/Steve_Lavin_0001_face_2.jpg
Steve_McManaman,/Users/taufiq/workspace/infran-spark/data_inference/Steve_McManaman/Steve_McManaman_0001_face_1.jpg
Steve_McManaman,/Users/taufiq/workspace/infran-spark/data_inference/Steve_McManaman/Steve_McManaman_0001_face_2.jpg
Steve_Nash,/Users/taufiq/workspace/infran-spark/data_inference/Steve_Nash/Steve_Nash_0001_face_1.jpg
Steve_Nash,/Users/taufiq/workspace/infran-spark/data_inference/Steve_Nash/Steve_Nash_0001_face_2.jpg
Steve_Shiver,/Users/taufiq/workspace/infran-spark/data_inference/Steve_Shiver/Steve_Shiver_0001_face_2.jpg
Steve_Shiver,/Users/taufiq/workspace/infran-spark/data_inference/Steve_Shiver/Steve_Shiver_0001_face_1.jpg
Steve_Waugh,/Users/taufiq/workspace/infran-spark/data_inference/Steve_Waugh/Steve_Waugh_0002_face_2.jpg
Steve_Waugh,/Users/taufiq/workspace/infran-spark/data_inference/Steve_Waugh/Steve_Waugh_0002_face_1.jpg
Steven_Spielberg,/Users/taufiq/workspace/infran-spark/data_inference/Steven_Spielberg/Steven_Spielberg_0002_face_1.jpg
Steven_Spielberg,/Users/taufiq/workspace/infran-spark/data_inference/Steven_Spielberg/Steven_Spielberg_0002_face_2.jpg
Suh_Young-hoon,/Users/taufiq/workspace/infran-spark/data_inference/Suh_Young-hoon/Suh_Young-hoon_0001_face_2.jpg
Suh_Young-hoon,/Users/taufiq/workspace/infran-spark/data_inference/Suh_Young-hoon/Suh_Young-hoon_0001_face_1.jpg
Susan_Sarandon,/Users/taufiq/workspace/infran-spark/data_inference/Susan_Sarandon/Susan_Sarandon_0002_face_1.jpg
Susan_Sarandon,/Users/taufiq/workspace/infran-spark/data_inference/Susan_Sarandon/Susan_Sarandon_0002_face_2.jpg
Susan_Sarandon,/Users/taufiq/workspace/infran-spark/data_inference/Susan_Sarandon/Susan_Sarandon_0001_face_1.jpg
Susan_Sarandon,/Users/taufiq/workspace/infran-spark/data_inference/Susan_Sarandon/Susan_Sarandon_0001_face_2.jpg
Suzanne_Torrance,/Users/taufiq/workspace/infran-spark/data_inference/Suzanne_Torrance/Suzanne_Torrance_0001_face_1.jpg
Suzanne_Torrance,/Users/taufiq/workspace/infran-spark/data_inference/Suzanne_Torrance/Suzanne_Torrance_0001_face_2.jpg
Sylvester_Stallone,/Users/taufiq/workspace/infran-spark/data_inference/Sylvester_Stallone/Sylvester_Stallone_0005_face_2.jpg
Sylvester_Stallone,/Users/taufiq/workspace/infran-spark/data_inference/Sylvester_Stallone/Sylvester_Stallone_0005_face_1.jpg
Sylvester_Stallone,/Users/taufiq/workspace/infran-spark/data_inference/Sylvester_Stallone/Sylvester_Stallone_0001_face_1.jpg
Sylvester_Stallone,/Users/taufiq/workspace/infran-spark/data_inference/Sylvester_Stallone/Sylvester_Stallone_0001_face_2.jpg
Sylvester_Stallone,/Users/taufiq/workspace/infran-spark/data_inference/Sylvester_Stallone/Sylvester_Stallone_0001_face_3.jpg
Sylvester_Stallone,/Users/taufiq/workspace/infran-spark/data_inference/Sylvester_Stallone/Sylvester_Stallone_0001_face_7.jpg
Sylvester_Stallone,/Users/taufiq/workspace/infran-spark/data_inference/Sylvester_Stallone/Sylvester_Stallone_0001_face_6.jpg
Sylvester_Stallone,/Users/taufiq/workspace/infran-spark/data_inference/Sylvester_Stallone/Sylvester_Stallone_0001_face_4.jpg
Sylvester_Stallone,/Users/taufiq/workspace/infran-spark/data_inference/Sylvester_Stallone/Sylvester_Stallone_0001_face_5.jpg
Sylvester_Stallone,/Users/taufiq/workspace/infran-spark/data_inference/Sylvester_Stallone/Sylvester_Stallone_0006_face_2.jpg
Sylvester_Stallone,/Users/taufiq/workspace/infran-spark/data_inference/Sylvester_Stallone/Sylvester_Stallone_0006_face_1.jpg
Sylvia_Plachy,/Users/taufiq/workspace/infran-spark/data_inference/Sylvia_Plachy/Sylvia_Plachy_0001_face_2.jpg
Sylvia_Plachy,/Users/taufiq/workspace/infran-spark/data_inference/Sylvia_Plachy/Sylvia_Plachy_0001_face_1.jpg
TA_McLendon,/Users/taufiq/workspace/infran-spark/data_inference/TA_McLendon/TA_McLendon_0001_face_2.jpg
TA_McLendon,/Users/taufiq/workspace/infran-spark/data_inference/TA_McLendon/TA_McLendon_0001_face_1.jpg
Tab_Baldwin,/Users/taufiq/workspace/infran-spark/data_inference/Tab_Baldwin/Tab_Baldwin_0001_face_2.jpg
Tab_Baldwin,/Users/taufiq/workspace/infran-spark/data_inference/Tab_Baldwin/Tab_Baldwin_0001_face_1.jpg
Tab_Turner,/Users/taufiq/workspace/infran-spark/data_inference/Tab_Turner/Tab_Turner_0001_face_1.jpg
Tab_Turner,/Users/taufiq/workspace/infran-spark/data_inference/Tab_Turner/Tab_Turner_0001_face_2.jpg
Taha_Yassin_Ramadan,/Users/taufiq/workspace/infran-spark/data_inference/Taha_Yassin_Ramadan/Taha_Yassin_Ramadan_0014_face_2.jpg
Taha_Yassin_Ramadan,/Users/taufiq/workspace/infran-spark/data_inference/Taha_Yassin_Ramadan/Taha_Yassin_Ramadan_0014_face_1.jpg
Taha_Yassin_Ramadan,/Users/taufiq/workspace/infran-spark/data_inference/Taha_Yassin_Ramadan/Taha_Yassin_Ramadan_0008_face_2.jpg
Taha_Yassin_Ramadan,/Users/taufiq/workspace/infran-spark/data_inference/Taha_Yassin_Ramadan/Taha_Yassin_Ramadan_0008_face_1.jpg
Taha_Yassin_Ramadan,/Users/taufiq/workspace/infran-spark/data_inference/Taha_Yassin_Ramadan/Taha_Yassin_Ramadan_0002_face_2.jpg
Taha_Yassin_Ramadan,/Users/taufiq/workspace/infran-spark/data_inference/Taha_Yassin_Ramadan/Taha_Yassin_Ramadan_0002_face_1.jpg
Taha_Yassin_Ramadan,/Users/taufiq/workspace/infran-spark/data_inference/Taha_Yassin_Ramadan/Taha_Yassin_Ramadan_0013_face_1.jpg
Taha_Yassin_Ramadan,/Users/taufiq/workspace/infran-spark/data_inference/Taha_Yassin_Ramadan/Taha_Yassin_Ramadan_0013_face_2.jpg
Taha_Yassin_Ramadan,/Users/taufiq/workspace/infran-spark/data_inference/Taha_Yassin_Ramadan/Taha_Yassin_Ramadan_0015_face_2.jpg
Taha_Yassin_Ramadan,/Users/taufiq/workspace/infran-spark/data_inference/Taha_Yassin_Ramadan/Taha_Yassin_Ramadan_0015_face_1.jpg
Taha_Yassin_Ramadan,/Users/taufiq/workspace/infran-spark/data_inference/Taha_Yassin_Ramadan/Taha_Yassin_Ramadan_0004_face_1.jpg
Taha_Yassin_Ramadan,/Users/taufiq/workspace/infran-spark/data_inference/Taha_Yassin_Ramadan/Taha_Yassin_Ramadan_0004_face_3.jpg
Taha_Yassin_Ramadan,/Users/taufiq/workspace/infran-spark/data_inference/Taha_Yassin_Ramadan/Taha_Yassin_Ramadan_0004_face_2.jpg
Taha_Yassin_Ramadan,/Users/taufiq/workspace/infran-spark/data_inference/Taha_Yassin_Ramadan/Taha_Yassin_Ramadan_0009_face_2.jpg
Taha_Yassin_Ramadan,/Users/taufiq/workspace/infran-spark/data_inference/Taha_Yassin_Ramadan/Taha_Yassin_Ramadan_0009_face_1.jpg
Taha_Yassin_Ramadan,/Users/taufiq/workspace/infran-spark/data_inference/Taha_Yassin_Ramadan/Taha_Yassin_Ramadan_0006_face_1.jpg
Taha_Yassin_Ramadan,/Users/taufiq/workspace/infran-spark/data_inference/Taha_Yassin_Ramadan/Taha_Yassin_Ramadan_0006_face_2.jpg
Taha_Yassin_Ramadan,/Users/taufiq/workspace/infran-spark/data_inference/Taha_Yassin_Ramadan/Taha_Yassin_Ramadan_0006_face_3.jpg
Taha_Yassin_Ramadan,/Users/taufiq/workspace/infran-spark/data_inference/Taha_Yassin_Ramadan/Taha_Yassin_Ramadan_0003_face_2.jpg
Taha_Yassin_Ramadan,/Users/taufiq/workspace/infran-spark/data_inference/Taha_Yassin_Ramadan/Taha_Yassin_Ramadan_0003_face_3.jpg
Taha_Yassin_Ramadan,/Users/taufiq/workspace/infran-spark/data_inference/Taha_Yassin_Ramadan/Taha_Yassin_Ramadan_0003_face_1.jpg
Tammy_Lynn_Michaels,/Users/taufiq/workspace/infran-spark/data_inference/Tammy_Lynn_Michaels/Tammy_Lynn_Michaels_0002_face_2.jpg
Tammy_Lynn_Michaels,/Users/taufiq/workspace/infran-spark/data_inference/Tammy_Lynn_Michaels/Tammy_Lynn_Michaels_0002_face_1.jpg
Tammy_Lynn_Michaels,/Users/taufiq/workspace/infran-spark/data_inference/Tammy_Lynn_Michaels/Tammy_Lynn_Michaels_0001_face_2.jpg
Tammy_Lynn_Michaels,/Users/taufiq/workspace/infran-spark/data_inference/Tammy_Lynn_Michaels/Tammy_Lynn_Michaels_0001_face_1.jpg
Tang_Jiaxuan,/Users/taufiq/workspace/infran-spark/data_inference/Tang_Jiaxuan/Tang_Jiaxuan_0003_face_2.jpg
Tang_Jiaxuan,/Users/taufiq/workspace/infran-spark/data_inference/Tang_Jiaxuan/Tang_Jiaxuan_0003_face_1.jpg
Tanya_Holyk,/Users/taufiq/workspace/infran-spark/data_inference/Tanya_Holyk/Tanya_Holyk_0001_face_2.jpg
Tanya_Holyk,/Users/taufiq/workspace/infran-spark/data_inference/Tanya_Holyk/Tanya_Holyk_0001_face_1.jpg
Tara_VanDerveer,/Users/taufiq/workspace/infran-spark/data_inference/Tara_VanDerveer/Tara_VanDerveer_0001_face_2.jpg
Tara_VanDerveer,/Users/taufiq/workspace/infran-spark/data_inference/Tara_VanDerveer/Tara_VanDerveer_0001_face_1.jpg
Tariq_Aziz,/Users/taufiq/workspace/infran-spark/data_inference/Tariq_Aziz/Tariq_Aziz_0005_face_1.jpg
Tariq_Aziz,/Users/taufiq/workspace/infran-spark/data_inference/Tariq_Aziz/Tariq_Aziz_0005_face_2.jpg
Tariq_Aziz,/Users/taufiq/workspace/infran-spark/data_inference/Tariq_Aziz/Tariq_Aziz_0006_face_1.jpg
Tariq_Aziz,/Users/taufiq/workspace/infran-spark/data_inference/Tariq_Aziz/Tariq_Aziz_0006_face_2.jpg
Tariq_Aziz,/Users/taufiq/workspace/infran-spark/data_inference/Tariq_Aziz/Tariq_Aziz_0001_face_3.jpg
Tariq_Aziz,/Users/taufiq/workspace/infran-spark/data_inference/Tariq_Aziz/Tariq_Aziz_0001_face_2.jpg
Tariq_Aziz,/Users/taufiq/workspace/infran-spark/data_inference/Tariq_Aziz/Tariq_Aziz_0001_face_1.jpg
Tariq_Aziz,/Users/taufiq/workspace/infran-spark/data_inference/Tariq_Aziz/Tariq_Aziz_0004_face_1.jpg
Tariq_Aziz,/Users/taufiq/workspace/infran-spark/data_inference/Tariq_Aziz/Tariq_Aziz_0004_face_2.jpg
Tassos_Papadopoulos,/Users/taufiq/workspace/infran-spark/data_inference/Tassos_Papadopoulos/Tassos_Papadopoulos_0001_face_2.jpg
Tassos_Papadopoulos,/Users/taufiq/workspace/infran-spark/data_inference/Tassos_Papadopoulos/Tassos_Papadopoulos_0001_face_1.jpg
Tatiana_Kennedy_Schlossberg,/Users/taufiq/workspace/infran-spark/data_inference/Tatiana_Kennedy_Schlossberg/Tatiana_Kennedy_Schlossberg_0001_face_2.jpg
Tatiana_Kennedy_Schlossberg,/Users/taufiq/workspace/infran-spark/data_inference/Tatiana_Kennedy_Schlossberg/Tatiana_Kennedy_Schlossberg_0001_face_1.jpg
Taylyn_Solomon,/Users/taufiq/workspace/infran-spark/data_inference/Taylyn_Solomon/Taylyn_Solomon_0001_face_1.jpg
Taylyn_Solomon,/Users/taufiq/workspace/infran-spark/data_inference/Taylyn_Solomon/Taylyn_Solomon_0001_face_2.jpg
Teri_Garr,/Users/taufiq/workspace/infran-spark/data_inference/Teri_Garr/Teri_Garr_0001_face_1.jpg
Teri_Garr,/Users/taufiq/workspace/infran-spark/data_inference/Teri_Garr/Teri_Garr_0001_face_2.jpg
Terry_Stotts,/Users/taufiq/workspace/infran-spark/data_inference/Terry_Stotts/Terry_Stotts_0002_face_1.jpg
Terry_Stotts,/Users/taufiq/workspace/infran-spark/data_inference/Terry_Stotts/Terry_Stotts_0002_face_2.jpg
Terunobu_Maeda,/Users/taufiq/workspace/infran-spark/data_inference/Terunobu_Maeda/Terunobu_Maeda_0001_face_2.jpg
Terunobu_Maeda,/Users/taufiq/workspace/infran-spark/data_inference/Terunobu_Maeda/Terunobu_Maeda_0001_face_1.jpg
Thaksin_Shinawatra,/Users/taufiq/workspace/infran-spark/data_inference/Thaksin_Shinawatra/Thaksin_Shinawatra_0005_face_2.jpg
Thaksin_Shinawatra,/Users/taufiq/workspace/infran-spark/data_inference/Thaksin_Shinawatra/Thaksin_Shinawatra_0005_face_1.jpg
Thaksin_Shinawatra,/Users/taufiq/workspace/infran-spark/data_inference/Thaksin_Shinawatra/Thaksin_Shinawatra_0003_face_5.jpg
Thaksin_Shinawatra,/Users/taufiq/workspace/infran-spark/data_inference/Thaksin_Shinawatra/Thaksin_Shinawatra_0003_face_4.jpg
Thaksin_Shinawatra,/Users/taufiq/workspace/infran-spark/data_inference/Thaksin_Shinawatra/Thaksin_Shinawatra_0003_face_1.jpg
Thaksin_Shinawatra,/Users/taufiq/workspace/infran-spark/data_inference/Thaksin_Shinawatra/Thaksin_Shinawatra_0003_face_3.jpg
Thaksin_Shinawatra,/Users/taufiq/workspace/infran-spark/data_inference/Thaksin_Shinawatra/Thaksin_Shinawatra_0003_face_2.jpg
Theresa_May,/Users/taufiq/workspace/infran-spark/data_inference/Theresa_May/Theresa_May_0001_face_1.jpg
Theresa_May,/Users/taufiq/workspace/infran-spark/data_inference/Theresa_May/Theresa_May_0001_face_2.jpg
Thomas_Birmingham,/Users/taufiq/workspace/infran-spark/data_inference/Thomas_Birmingham/Thomas_Birmingham_0001_face_1.jpg
Thomas_Birmingham,/Users/taufiq/workspace/infran-spark/data_inference/Thomas_Birmingham/Thomas_Birmingham_0001_face_2.jpg
Thomas_OBrien,/Users/taufiq/workspace/infran-spark/data_inference/Thomas_OBrien/Thomas_OBrien_0008_face_2.jpg
Thomas_OBrien,/Users/taufiq/workspace/infran-spark/data_inference/Thomas_OBrien/Thomas_OBrien_0008_face_1.jpg
Thomas_OBrien,/Users/taufiq/workspace/infran-spark/data_inference/Thomas_OBrien/Thomas_OBrien_0001_face_2.jpg
Thomas_OBrien,/Users/taufiq/workspace/infran-spark/data_inference/Thomas_OBrien/Thomas_OBrien_0001_face_1.jpg
Tiger_Woods,/Users/taufiq/workspace/infran-spark/data_inference/Tiger_Woods/Tiger_Woods_0020_face_1.jpg
Tiger_Woods,/Users/taufiq/workspace/infran-spark/data_inference/Tiger_Woods/Tiger_Woods_0020_face_2.jpg
Tim_Allen,/Users/taufiq/workspace/infran-spark/data_inference/Tim_Allen/Tim_Allen_0001_face_2.jpg
Tim_Allen,/Users/taufiq/workspace/infran-spark/data_inference/Tim_Allen/Tim_Allen_0001_face_1.jpg
Tim_Allen,/Users/taufiq/workspace/infran-spark/data_inference/Tim_Allen/Tim_Allen_0003_face_2.jpg
Tim_Allen,/Users/taufiq/workspace/infran-spark/data_inference/Tim_Allen/Tim_Allen_0003_face_1.jpg
Tocker_Pudwill,/Users/taufiq/workspace/infran-spark/data_inference/Tocker_Pudwill/Tocker_Pudwill_0001_face_2.jpg
Tocker_Pudwill,/Users/taufiq/workspace/infran-spark/data_inference/Tocker_Pudwill/Tocker_Pudwill_0001_face_1.jpg
Todd_Haynes,/Users/taufiq/workspace/infran-spark/data_inference/Todd_Haynes/Todd_Haynes_0001_face_2.jpg
Todd_Haynes,/Users/taufiq/workspace/infran-spark/data_inference/Todd_Haynes/Todd_Haynes_0001_face_1.jpg
Tom_Craddick,/Users/taufiq/workspace/infran-spark/data_inference/Tom_Craddick/Tom_Craddick_0002_face_2.jpg
Tom_Craddick,/Users/taufiq/workspace/infran-spark/data_inference/Tom_Craddick/Tom_Craddick_0002_face_1.jpg
Tom_Craddick,/Users/taufiq/workspace/infran-spark/data_inference/Tom_Craddick/Tom_Craddick_0001_face_2.jpg
Tom_Craddick,/Users/taufiq/workspace/infran-spark/data_inference/Tom_Craddick/Tom_Craddick_0001_face_1.jpg
Tom_Craddick,/Users/taufiq/workspace/infran-spark/data_inference/Tom_Craddick/Tom_Craddick_0004_face_1.jpg
Tom_Craddick,/Users/taufiq/workspace/infran-spark/data_inference/Tom_Craddick/Tom_Craddick_0004_face_2.jpg
Tom_Cruise,/Users/taufiq/workspace/infran-spark/data_inference/Tom_Cruise/Tom_Cruise_0003_face_2.jpg
Tom_Cruise,/Users/taufiq/workspace/infran-spark/data_inference/Tom_Cruise/Tom_Cruise_0003_face_1.jpg
Tom_Cruise,/Users/taufiq/workspace/infran-spark/data_inference/Tom_Cruise/Tom_Cruise_0007_face_1.jpg
Tom_Cruise,/Users/taufiq/workspace/infran-spark/data_inference/Tom_Cruise/Tom_Cruise_0007_face_2.jpg
Tom_Cruise,/Users/taufiq/workspace/infran-spark/data_inference/Tom_Cruise/Tom_Cruise_0002_face_2.jpg
Tom_Cruise,/Users/taufiq/workspace/infran-spark/data_inference/Tom_Cruise/Tom_Cruise_0002_face_1.jpg
Tom_Daschle,/Users/taufiq/workspace/infran-spark/data_inference/Tom_Daschle/Tom_Daschle_0022_face_1.jpg
Tom_Daschle,/Users/taufiq/workspace/infran-spark/data_inference/Tom_Daschle/Tom_Daschle_0022_face_2.jpg
Tom_Daschle,/Users/taufiq/workspace/infran-spark/data_inference/Tom_Daschle/Tom_Daschle_0009_face_1.jpg
Tom_Daschle,/Users/taufiq/workspace/infran-spark/data_inference/Tom_Daschle/Tom_Daschle_0009_face_2.jpg
Tom_Glavine,/Users/taufiq/workspace/infran-spark/data_inference/Tom_Glavine/Tom_Glavine_0001_face_2.jpg
Tom_Glavine,/Users/taufiq/workspace/infran-spark/data_inference/Tom_Glavine/Tom_Glavine_0001_face_1.jpg
Tom_Harkin,/Users/taufiq/workspace/infran-spark/data_inference/Tom_Harkin/Tom_Harkin_0003_face_3.jpg
Tom_Harkin,/Users/taufiq/workspace/infran-spark/data_inference/Tom_Harkin/Tom_Harkin_0003_face_2.jpg
Tom_Harkin,/Users/taufiq/workspace/infran-spark/data_inference/Tom_Harkin/Tom_Harkin_0003_face_1.jpg
Tom_Harkin,/Users/taufiq/workspace/infran-spark/data_inference/Tom_Harkin/Tom_Harkin_0004_face_1.jpg
Tom_Harkin,/Users/taufiq/workspace/infran-spark/data_inference/Tom_Harkin/Tom_Harkin_0004_face_2.jpg
Tom_Harkin,/Users/taufiq/workspace/infran-spark/data_inference/Tom_Harkin/Tom_Harkin_0001_face_2.jpg
Tom_Harkin,/Users/taufiq/workspace/infran-spark/data_inference/Tom_Harkin/Tom_Harkin_0001_face_3.jpg
Tom_Harkin,/Users/taufiq/workspace/infran-spark/data_inference/Tom_Harkin/Tom_Harkin_0001_face_1.jpg
Tom_Lantos,/Users/taufiq/workspace/infran-spark/data_inference/Tom_Lantos/Tom_Lantos_0001_face_3.jpg
Tom_Lantos,/Users/taufiq/workspace/infran-spark/data_inference/Tom_Lantos/Tom_Lantos_0001_face_2.jpg
Tom_Lantos,/Users/taufiq/workspace/infran-spark/data_inference/Tom_Lantos/Tom_Lantos_0001_face_1.jpg
Tom_Ridge,/Users/taufiq/workspace/infran-spark/data_inference/Tom_Ridge/Tom_Ridge_0018_face_2.jpg
Tom_Ridge,/Users/taufiq/workspace/infran-spark/data_inference/Tom_Ridge/Tom_Ridge_0018_face_1.jpg
Tommy_Franks,/Users/taufiq/workspace/infran-spark/data_inference/Tommy_Franks/Tommy_Franks_0004_face_1.jpg
Tommy_Franks,/Users/taufiq/workspace/infran-spark/data_inference/Tommy_Franks/Tommy_Franks_0004_face_2.jpg
Tommy_Franks,/Users/taufiq/workspace/infran-spark/data_inference/Tommy_Franks/Tommy_Franks_0009_face_2.jpg
Tommy_Franks,/Users/taufiq/workspace/infran-spark/data_inference/Tommy_Franks/Tommy_Franks_0009_face_3.jpg
Tommy_Franks,/Users/taufiq/workspace/infran-spark/data_inference/Tommy_Franks/Tommy_Franks_0009_face_1.jpg
Tommy_Franks,/Users/taufiq/workspace/infran-spark/data_inference/Tommy_Franks/Tommy_Franks_0012_face_1.jpg
Tommy_Franks,/Users/taufiq/workspace/infran-spark/data_inference/Tommy_Franks/Tommy_Franks_0012_face_2.jpg
Tommy_Franks,/Users/taufiq/workspace/infran-spark/data_inference/Tommy_Franks/Tommy_Franks_0012_face_3.jpg
Tomoko_Hagiwara,/Users/taufiq/workspace/infran-spark/data_inference/Tomoko_Hagiwara/Tomoko_Hagiwara_0002_face_2.jpg
Tomoko_Hagiwara,/Users/taufiq/workspace/infran-spark/data_inference/Tomoko_Hagiwara/Tomoko_Hagiwara_0002_face_1.jpg
Tono_Suratman,/Users/taufiq/workspace/infran-spark/data_inference/Tono_Suratman/Tono_Suratman_0001_face_2.jpg
Tono_Suratman,/Users/taufiq/workspace/infran-spark/data_inference/Tono_Suratman/Tono_Suratman_0001_face_1.jpg
Tony_Blair,/Users/taufiq/workspace/infran-spark/data_inference/Tony_Blair/Tony_Blair_0087_face_1.jpg
Tony_Blair,/Users/taufiq/workspace/infran-spark/data_inference/Tony_Blair/Tony_Blair_0087_face_2.jpg
Tony_Blair,/Users/taufiq/workspace/infran-spark/data_inference/Tony_Blair/Tony_Blair_0096_face_2.jpg
Tony_Blair,/Users/taufiq/workspace/infran-spark/data_inference/Tony_Blair/Tony_Blair_0096_face_1.jpg
Tony_Blair,/Users/taufiq/workspace/infran-spark/data_inference/Tony_Blair/Tony_Blair_0001_face_2.jpg
Tony_Blair,/Users/taufiq/workspace/infran-spark/data_inference/Tony_Blair/Tony_Blair_0001_face_1.jpg
Tony_Blair,/Users/taufiq/workspace/infran-spark/data_inference/Tony_Blair/Tony_Blair_0027_face_1.jpg
Tony_Blair,/Users/taufiq/workspace/infran-spark/data_inference/Tony_Blair/Tony_Blair_0027_face_2.jpg
Tony_Blair,/Users/taufiq/workspace/infran-spark/data_inference/Tony_Blair/Tony_Blair_0066_face_1.jpg
Tony_Blair,/Users/taufiq/workspace/infran-spark/data_inference/Tony_Blair/Tony_Blair_0066_face_2.jpg
Tony_Blair,/Users/taufiq/workspace/infran-spark/data_inference/Tony_Blair/Tony_Blair_0022_face_2.jpg
Tony_Blair,/Users/taufiq/workspace/infran-spark/data_inference/Tony_Blair/Tony_Blair_0022_face_1.jpg
Tony_Blair,/Users/taufiq/workspace/infran-spark/data_inference/Tony_Blair/Tony_Blair_0015_face_2.jpg
Tony_Blair,/Users/taufiq/workspace/infran-spark/data_inference/Tony_Blair/Tony_Blair_0015_face_1.jpg
Tony_Blair,/Users/taufiq/workspace/infran-spark/data_inference/Tony_Blair/Tony_Blair_0016_face_2.jpg
Tony_Blair,/Users/taufiq/workspace/infran-spark/data_inference/Tony_Blair/Tony_Blair_0016_face_1.jpg
Tony_Blair,/Users/taufiq/workspace/infran-spark/data_inference/Tony_Blair/Tony_Blair_0038_face_1.jpg
Tony_Blair,/Users/taufiq/workspace/infran-spark/data_inference/Tony_Blair/Tony_Blair_0038_face_2.jpg
Tony_Blair,/Users/taufiq/workspace/infran-spark/data_inference/Tony_Blair/Tony_Blair_0095_face_2.jpg
Tony_Blair,/Users/taufiq/workspace/infran-spark/data_inference/Tony_Blair/Tony_Blair_0095_face_1.jpg
Tony_Blair,/Users/taufiq/workspace/infran-spark/data_inference/Tony_Blair/Tony_Blair_0084_face_1.jpg
Tony_Blair,/Users/taufiq/workspace/infran-spark/data_inference/Tony_Blair/Tony_Blair_0084_face_2.jpg
Tony_Blair,/Users/taufiq/workspace/infran-spark/data_inference/Tony_Blair/Tony_Blair_0023_face_2.jpg
Tony_Blair,/Users/taufiq/workspace/infran-spark/data_inference/Tony_Blair/Tony_Blair_0023_face_1.jpg
Tony_Blair,/Users/taufiq/workspace/infran-spark/data_inference/Tony_Blair/Tony_Blair_0026_face_1.jpg
Tony_Blair,/Users/taufiq/workspace/infran-spark/data_inference/Tony_Blair/Tony_Blair_0026_face_2.jpg
Tony_Parker,/Users/taufiq/workspace/infran-spark/data_inference/Tony_Parker/Tony_Parker_0002_face_1.jpg
Tony_Parker,/Users/taufiq/workspace/infran-spark/data_inference/Tony_Parker/Tony_Parker_0002_face_2.jpg
Tony_Stewart,/Users/taufiq/workspace/infran-spark/data_inference/Tony_Stewart/Tony_Stewart_0004_face_3.jpg
Tony_Stewart,/Users/taufiq/workspace/infran-spark/data_inference/Tony_Stewart/Tony_Stewart_0004_face_2.jpg
Tony_Stewart,/Users/taufiq/workspace/infran-spark/data_inference/Tony_Stewart/Tony_Stewart_0004_face_1.jpg
Tony_Stewart,/Users/taufiq/workspace/infran-spark/data_inference/Tony_Stewart/Tony_Stewart_0001_face_1.jpg
Tony_Stewart,/Users/taufiq/workspace/infran-spark/data_inference/Tony_Stewart/Tony_Stewart_0001_face_2.jpg
Tony_Stewart,/Users/taufiq/workspace/infran-spark/data_inference/Tony_Stewart/Tony_Stewart_0006_face_2.jpg
Tony_Stewart,/Users/taufiq/workspace/infran-spark/data_inference/Tony_Stewart/Tony_Stewart_0006_face_1.jpg
Tora_Takagi,/Users/taufiq/workspace/infran-spark/data_inference/Tora_Takagi/Tora_Takagi_0001_face_2.jpg
Tora_Takagi,/Users/taufiq/workspace/infran-spark/data_inference/Tora_Takagi/Tora_Takagi_0001_face_1.jpg
Trent_Lott,/Users/taufiq/workspace/infran-spark/data_inference/Trent_Lott/Trent_Lott_0009_face_1.jpg
Trent_Lott,/Users/taufiq/workspace/infran-spark/data_inference/Trent_Lott/Trent_Lott_0009_face_2.jpg
Trent_Lott,/Users/taufiq/workspace/infran-spark/data_inference/Trent_Lott/Trent_Lott_0010_face_2.jpg
Trent_Lott,/Users/taufiq/workspace/infran-spark/data_inference/Trent_Lott/Trent_Lott_0010_face_1.jpg
Trent_Lott,/Users/taufiq/workspace/infran-spark/data_inference/Trent_Lott/Trent_Lott_0006_face_2.jpg
Trent_Lott,/Users/taufiq/workspace/infran-spark/data_inference/Trent_Lott/Trent_Lott_0006_face_1.jpg
Trent_Lott,/Users/taufiq/workspace/infran-spark/data_inference/Trent_Lott/Trent_Lott_0008_face_1.jpg
Trent_Lott,/Users/taufiq/workspace/infran-spark/data_inference/Trent_Lott/Trent_Lott_0008_face_2.jpg
Trent_Lott,/Users/taufiq/workspace/infran-spark/data_inference/Trent_Lott/Trent_Lott_0002_face_1.jpg
Trent_Lott,/Users/taufiq/workspace/infran-spark/data_inference/Trent_Lott/Trent_Lott_0002_face_2.jpg
Troy_Garity,/Users/taufiq/workspace/infran-spark/data_inference/Troy_Garity/Troy_Garity_0001_face_1.jpg
Troy_Garity,/Users/taufiq/workspace/infran-spark/data_inference/Troy_Garity/Troy_Garity_0001_face_2.jpg
Tung_Chee-hwa,/Users/taufiq/workspace/infran-spark/data_inference/Tung_Chee-hwa/Tung_Chee-hwa_0006_face_1.jpg
Tung_Chee-hwa,/Users/taufiq/workspace/infran-spark/data_inference/Tung_Chee-hwa/Tung_Chee-hwa_0006_face_2.jpg
Tung_Chee-hwa,/Users/taufiq/workspace/infran-spark/data_inference/Tung_Chee-hwa/Tung_Chee-hwa_0001_face_2.jpg
Tung_Chee-hwa,/Users/taufiq/workspace/infran-spark/data_inference/Tung_Chee-hwa/Tung_Chee-hwa_0001_face_1.jpg
Tyra_Banks,/Users/taufiq/workspace/infran-spark/data_inference/Tyra_Banks/Tyra_Banks_0002_face_2.jpg
Tyra_Banks,/Users/taufiq/workspace/infran-spark/data_inference/Tyra_Banks/Tyra_Banks_0002_face_1.jpg
Uday_Hussein,/Users/taufiq/workspace/infran-spark/data_inference/Uday_Hussein/Uday_Hussein_0001_face_1.jpg
Uday_Hussein,/Users/taufiq/workspace/infran-spark/data_inference/Uday_Hussein/Uday_Hussein_0001_face_2.jpg
Uma_Thurman,/Users/taufiq/workspace/infran-spark/data_inference/Uma_Thurman/Uma_Thurman_0002_face_1.jpg
Uma_Thurman,/Users/taufiq/workspace/infran-spark/data_inference/Uma_Thurman/Uma_Thurman_0002_face_2.jpg
Vaclav_Havel,/Users/taufiq/workspace/infran-spark/data_inference/Vaclav_Havel/Vaclav_Havel_0009_face_1.jpg
Vaclav_Havel,/Users/taufiq/workspace/infran-spark/data_inference/Vaclav_Havel/Vaclav_Havel_0009_face_2.jpg
Vaclav_Havel,/Users/taufiq/workspace/infran-spark/data_inference/Vaclav_Havel/Vaclav_Havel_0001_face_1.jpg
Vaclav_Havel,/Users/taufiq/workspace/infran-spark/data_inference/Vaclav_Havel/Vaclav_Havel_0001_face_2.jpg
Vaclav_Havel,/Users/taufiq/workspace/infran-spark/data_inference/Vaclav_Havel/Vaclav_Havel_0002_face_1.jpg
Vaclav_Havel,/Users/taufiq/workspace/infran-spark/data_inference/Vaclav_Havel/Vaclav_Havel_0002_face_2.jpg
Vaclav_Klaus,/Users/taufiq/workspace/infran-spark/data_inference/Vaclav_Klaus/Vaclav_Klaus_0002_face_3.jpg
Vaclav_Klaus,/Users/taufiq/workspace/infran-spark/data_inference/Vaclav_Klaus/Vaclav_Klaus_0002_face_2.jpg
Vaclav_Klaus,/Users/taufiq/workspace/infran-spark/data_inference/Vaclav_Klaus/Vaclav_Klaus_0002_face_1.jpg
Vanessa_Incontrada,/Users/taufiq/workspace/infran-spark/data_inference/Vanessa_Incontrada/Vanessa_Incontrada_0003_face_2.jpg
Vanessa_Incontrada,/Users/taufiq/workspace/infran-spark/data_inference/Vanessa_Incontrada/Vanessa_Incontrada_0003_face_1.jpg
Vanessa_Redgrave,/Users/taufiq/workspace/infran-spark/data_inference/Vanessa_Redgrave/Vanessa_Redgrave_0001_face_1.jpg
Vanessa_Redgrave,/Users/taufiq/workspace/infran-spark/data_inference/Vanessa_Redgrave/Vanessa_Redgrave_0001_face_2.jpg
Vecdi_Gonul,/Users/taufiq/workspace/infran-spark/data_inference/Vecdi_Gonul/Vecdi_Gonul_0001_face_1.jpg
Vecdi_Gonul,/Users/taufiq/workspace/infran-spark/data_inference/Vecdi_Gonul/Vecdi_Gonul_0001_face_2.jpg
Vicente_Fernandez,/Users/taufiq/workspace/infran-spark/data_inference/Vicente_Fernandez/Vicente_Fernandez_0002_face_1.jpg
Vicente_Fernandez,/Users/taufiq/workspace/infran-spark/data_inference/Vicente_Fernandez/Vicente_Fernandez_0002_face_2.jpg
Vicente_Fox,/Users/taufiq/workspace/infran-spark/data_inference/Vicente_Fox/Vicente_Fox_0017_face_2.jpg
Vicente_Fox,/Users/taufiq/workspace/infran-spark/data_inference/Vicente_Fox/Vicente_Fox_0017_face_3.jpg
Vicente_Fox,/Users/taufiq/workspace/infran-spark/data_inference/Vicente_Fox/Vicente_Fox_0017_face_1.jpg
Vicente_Fox,/Users/taufiq/workspace/infran-spark/data_inference/Vicente_Fox/Vicente_Fox_0028_face_2.jpg
Vicente_Fox,/Users/taufiq/workspace/infran-spark/data_inference/Vicente_Fox/Vicente_Fox_0028_face_1.jpg
Vicente_Fox,/Users/taufiq/workspace/infran-spark/data_inference/Vicente_Fox/Vicente_Fox_0002_face_2.jpg
Vicente_Fox,/Users/taufiq/workspace/infran-spark/data_inference/Vicente_Fox/Vicente_Fox_0002_face_1.jpg
Vicente_Fox,/Users/taufiq/workspace/infran-spark/data_inference/Vicente_Fox/Vicente_Fox_0016_face_2.jpg
Vicente_Fox,/Users/taufiq/workspace/infran-spark/data_inference/Vicente_Fox/Vicente_Fox_0016_face_1.jpg
Vicente_Fox,/Users/taufiq/workspace/infran-spark/data_inference/Vicente_Fox/Vicente_Fox_0007_face_1.jpg
Vicente_Fox,/Users/taufiq/workspace/infran-spark/data_inference/Vicente_Fox/Vicente_Fox_0007_face_2.jpg
Vicente_Fox,/Users/taufiq/workspace/infran-spark/data_inference/Vicente_Fox/Vicente_Fox_0011_face_1.jpg
Vicente_Fox,/Users/taufiq/workspace/infran-spark/data_inference/Vicente_Fox/Vicente_Fox_0011_face_3.jpg
Vicente_Fox,/Users/taufiq/workspace/infran-spark/data_inference/Vicente_Fox/Vicente_Fox_0011_face_2.jpg
Vicente_Fox,/Users/taufiq/workspace/infran-spark/data_inference/Vicente_Fox/Vicente_Fox_0011_face_4.jpg
Vin_Diesel,/Users/taufiq/workspace/infran-spark/data_inference/Vin_Diesel/Vin_Diesel_0001_face_1.jpg
Vin_Diesel,/Users/taufiq/workspace/infran-spark/data_inference/Vin_Diesel/Vin_Diesel_0001_face_2.jpg
Vincent_Gallo,/Users/taufiq/workspace/infran-spark/data_inference/Vincent_Gallo/Vincent_Gallo_0003_face_2.jpg
Vincent_Gallo,/Users/taufiq/workspace/infran-spark/data_inference/Vincent_Gallo/Vincent_Gallo_0003_face_3.jpg
Vincent_Gallo,/Users/taufiq/workspace/infran-spark/data_inference/Vincent_Gallo/Vincent_Gallo_0003_face_1.jpg
Vincent_Gallo,/Users/taufiq/workspace/infran-spark/data_inference/Vincent_Gallo/Vincent_Gallo_0003_face_4.jpg
Virgina_Ruano_Pascal,/Users/taufiq/workspace/infran-spark/data_inference/Virgina_Ruano_Pascal/Virgina_Ruano_Pascal_0001_face_1.jpg
Virgina_Ruano_Pascal,/Users/taufiq/workspace/infran-spark/data_inference/Virgina_Ruano_Pascal/Virgina_Ruano_Pascal_0001_face_2.jpg
Vladimir_Putin,/Users/taufiq/workspace/infran-spark/data_inference/Vladimir_Putin/Vladimir_Putin_0031_face_2.jpg
Vladimir_Putin,/Users/taufiq/workspace/infran-spark/data_inference/Vladimir_Putin/Vladimir_Putin_0031_face_1.jpg
Vladimir_Putin,/Users/taufiq/workspace/infran-spark/data_inference/Vladimir_Putin/Vladimir_Putin_0028_face_1.jpg
Vladimir_Putin,/Users/taufiq/workspace/infran-spark/data_inference/Vladimir_Putin/Vladimir_Putin_0028_face_2.jpg
Vladimir_Putin,/Users/taufiq/workspace/infran-spark/data_inference/Vladimir_Putin/Vladimir_Putin_0040_face_1.jpg
Vladimir_Putin,/Users/taufiq/workspace/infran-spark/data_inference/Vladimir_Putin/Vladimir_Putin_0040_face_2.jpg
Vladimir_Putin,/Users/taufiq/workspace/infran-spark/data_inference/Vladimir_Putin/Vladimir_Putin_0007_face_4.jpg
Vladimir_Putin,/Users/taufiq/workspace/infran-spark/data_inference/Vladimir_Putin/Vladimir_Putin_0007_face_5.jpg
Vladimir_Putin,/Users/taufiq/workspace/infran-spark/data_inference/Vladimir_Putin/Vladimir_Putin_0007_face_2.jpg
Vladimir_Putin,/Users/taufiq/workspace/infran-spark/data_inference/Vladimir_Putin/Vladimir_Putin_0007_face_3.jpg
Vladimir_Putin,/Users/taufiq/workspace/infran-spark/data_inference/Vladimir_Putin/Vladimir_Putin_0007_face_1.jpg
Vladimir_Putin,/Users/taufiq/workspace/infran-spark/data_inference/Vladimir_Putin/Vladimir_Putin_0030_face_2.jpg
Vladimir_Putin,/Users/taufiq/workspace/infran-spark/data_inference/Vladimir_Putin/Vladimir_Putin_0030_face_1.jpg
Vladimir_Putin,/Users/taufiq/workspace/infran-spark/data_inference/Vladimir_Putin/Vladimir_Putin_0044_face_2.jpg
Vladimir_Putin,/Users/taufiq/workspace/infran-spark/data_inference/Vladimir_Putin/Vladimir_Putin_0044_face_1.jpg
Vladimir_Putin,/Users/taufiq/workspace/infran-spark/data_inference/Vladimir_Putin/Vladimir_Putin_0005_face_3.jpg
Vladimir_Putin,/Users/taufiq/workspace/infran-spark/data_inference/Vladimir_Putin/Vladimir_Putin_0005_face_2.jpg
Vladimir_Putin,/Users/taufiq/workspace/infran-spark/data_inference/Vladimir_Putin/Vladimir_Putin_0005_face_1.jpg
Vladimir_Spidla,/Users/taufiq/workspace/infran-spark/data_inference/Vladimir_Spidla/Vladimir_Spidla_0003_face_2.jpg
Vladimir_Spidla,/Users/taufiq/workspace/infran-spark/data_inference/Vladimir_Spidla/Vladimir_Spidla_0003_face_3.jpg
Vladimir_Spidla,/Users/taufiq/workspace/infran-spark/data_inference/Vladimir_Spidla/Vladimir_Spidla_0003_face_1.jpg
Vladimiro_Montesinos,/Users/taufiq/workspace/infran-spark/data_inference/Vladimiro_Montesinos/Vladimiro_Montesinos_0003_face_2.jpg
Vladimiro_Montesinos,/Users/taufiq/workspace/infran-spark/data_inference/Vladimiro_Montesinos/Vladimiro_Montesinos_0003_face_1.jpg
Vojislav_Kostunica,/Users/taufiq/workspace/infran-spark/data_inference/Vojislav_Kostunica/Vojislav_Kostunica_0007_face_1.jpg
Vojislav_Kostunica,/Users/taufiq/workspace/infran-spark/data_inference/Vojislav_Kostunica/Vojislav_Kostunica_0007_face_2.jpg
Vojislav_Kostunica,/Users/taufiq/workspace/infran-spark/data_inference/Vojislav_Kostunica/Vojislav_Kostunica_0005_face_1.jpg
Vojislav_Kostunica,/Users/taufiq/workspace/infran-spark/data_inference/Vojislav_Kostunica/Vojislav_Kostunica_0005_face_2.jpg
Vojislav_Kostunica,/Users/taufiq/workspace/infran-spark/data_inference/Vojislav_Kostunica/Vojislav_Kostunica_0005_face_3.jpg
Vojislav_Seselj,/Users/taufiq/workspace/infran-spark/data_inference/Vojislav_Seselj/Vojislav_Seselj_0001_face_1.jpg
Vojislav_Seselj,/Users/taufiq/workspace/infran-spark/data_inference/Vojislav_Seselj/Vojislav_Seselj_0001_face_2.jpg
Walter_Mondale,/Users/taufiq/workspace/infran-spark/data_inference/Walter_Mondale/Walter_Mondale_0002_face_1.jpg
Walter_Mondale,/Users/taufiq/workspace/infran-spark/data_inference/Walter_Mondale/Walter_Mondale_0002_face_2.jpg
Wayne_Ferreira,/Users/taufiq/workspace/infran-spark/data_inference/Wayne_Ferreira/Wayne_Ferreira_0004_face_1.jpg
Wayne_Ferreira,/Users/taufiq/workspace/infran-spark/data_inference/Wayne_Ferreira/Wayne_Ferreira_0004_face_2.jpg
Wen_Jiabao,/Users/taufiq/workspace/infran-spark/data_inference/Wen_Jiabao/Wen_Jiabao_0012_face_2.jpg
Wen_Jiabao,/Users/taufiq/workspace/infran-spark/data_inference/Wen_Jiabao/Wen_Jiabao_0012_face_1.jpg
Wen_Jiabao,/Users/taufiq/workspace/infran-spark/data_inference/Wen_Jiabao/Wen_Jiabao_0008_face_1.jpg
Wen_Jiabao,/Users/taufiq/workspace/infran-spark/data_inference/Wen_Jiabao/Wen_Jiabao_0008_face_2.jpg
William_Bulger,/Users/taufiq/workspace/infran-spark/data_inference/William_Bulger/William_Bulger_0001_face_1.jpg
William_Bulger,/Users/taufiq/workspace/infran-spark/data_inference/William_Bulger/William_Bulger_0001_face_2.jpg
William_Ford_Jr,/Users/taufiq/workspace/infran-spark/data_inference/William_Ford_Jr/William_Ford_Jr_0003_face_1.jpg
William_Ford_Jr,/Users/taufiq/workspace/infran-spark/data_inference/William_Ford_Jr/William_Ford_Jr_0003_face_2.jpg
William_Ford_Jr,/Users/taufiq/workspace/infran-spark/data_inference/William_Ford_Jr/William_Ford_Jr_0006_face_2.jpg
William_Ford_Jr,/Users/taufiq/workspace/infran-spark/data_inference/William_Ford_Jr/William_Ford_Jr_0006_face_1.jpg
William_Hochul,/Users/taufiq/workspace/infran-spark/data_inference/William_Hochul/William_Hochul_0002_face_2.jpg
William_Hochul,/Users/taufiq/workspace/infran-spark/data_inference/William_Hochul/William_Hochul_0002_face_1.jpg
William_Jackson,/Users/taufiq/workspace/infran-spark/data_inference/William_Jackson/William_Jackson_0001_face_1.jpg
William_Jackson,/Users/taufiq/workspace/infran-spark/data_inference/William_Jackson/William_Jackson_0001_face_2.jpg
William_Joppy,/Users/taufiq/workspace/infran-spark/data_inference/William_Joppy/William_Joppy_0001_face_2.jpg
William_Joppy,/Users/taufiq/workspace/infran-spark/data_inference/William_Joppy/William_Joppy_0001_face_1.jpg
Winona_Ryder,/Users/taufiq/workspace/infran-spark/data_inference/Winona_Ryder/Winona_Ryder_0007_face_1.jpg
Winona_Ryder,/Users/taufiq/workspace/infran-spark/data_inference/Winona_Ryder/Winona_Ryder_0007_face_2.jpg
Winona_Ryder,/Users/taufiq/workspace/infran-spark/data_inference/Winona_Ryder/Winona_Ryder_0019_face_1.jpg
Winona_Ryder,/Users/taufiq/workspace/infran-spark/data_inference/Winona_Ryder/Winona_Ryder_0019_face_2.jpg
Winona_Ryder,/Users/taufiq/workspace/infran-spark/data_inference/Winona_Ryder/Winona_Ryder_0003_face_2.jpg
Winona_Ryder,/Users/taufiq/workspace/infran-spark/data_inference/Winona_Ryder/Winona_Ryder_0003_face_1.jpg
Winona_Ryder,/Users/taufiq/workspace/infran-spark/data_inference/Winona_Ryder/Winona_Ryder_0010_face_1.jpg
Winona_Ryder,/Users/taufiq/workspace/infran-spark/data_inference/Winona_Ryder/Winona_Ryder_0010_face_2.jpg
Winona_Ryder,/Users/taufiq/workspace/infran-spark/data_inference/Winona_Ryder/Winona_Ryder_0015_face_2.jpg
Winona_Ryder,/Users/taufiq/workspace/infran-spark/data_inference/Winona_Ryder/Winona_Ryder_0015_face_1.jpg
Winona_Ryder,/Users/taufiq/workspace/infran-spark/data_inference/Winona_Ryder/Winona_Ryder_0022_face_2.jpg
Winona_Ryder,/Users/taufiq/workspace/infran-spark/data_inference/Winona_Ryder/Winona_Ryder_0022_face_1.jpg
Winona_Ryder,/Users/taufiq/workspace/infran-spark/data_inference/Winona_Ryder/Winona_Ryder_0018_face_1.jpg
Winona_Ryder,/Users/taufiq/workspace/infran-spark/data_inference/Winona_Ryder/Winona_Ryder_0018_face_2.jpg
Winona_Ryder,/Users/taufiq/workspace/infran-spark/data_inference/Winona_Ryder/Winona_Ryder_0009_face_2.jpg
Winona_Ryder,/Users/taufiq/workspace/infran-spark/data_inference/Winona_Ryder/Winona_Ryder_0009_face_1.jpg
Woody_Allen,/Users/taufiq/workspace/infran-spark/data_inference/Woody_Allen/Woody_Allen_0004_face_2.jpg
Woody_Allen,/Users/taufiq/workspace/infran-spark/data_inference/Woody_Allen/Woody_Allen_0004_face_1.jpg
Woody_Allen,/Users/taufiq/workspace/infran-spark/data_inference/Woody_Allen/Woody_Allen_0001_face_1.jpg
Woody_Allen,/Users/taufiq/workspace/infran-spark/data_inference/Woody_Allen/Woody_Allen_0001_face_3.jpg
Woody_Allen,/Users/taufiq/workspace/infran-spark/data_inference/Woody_Allen/Woody_Allen_0001_face_2.jpg
Xanana_Gusmao,/Users/taufiq/workspace/infran-spark/data_inference/Xanana_Gusmao/Xanana_Gusmao_0002_face_2.jpg
Xanana_Gusmao,/Users/taufiq/workspace/infran-spark/data_inference/Xanana_Gusmao/Xanana_Gusmao_0002_face_1.jpg
Xanana_Gusmao,/Users/taufiq/workspace/infran-spark/data_inference/Xanana_Gusmao/Xanana_Gusmao_0005_face_1.jpg
Xanana_Gusmao,/Users/taufiq/workspace/infran-spark/data_inference/Xanana_Gusmao/Xanana_Gusmao_0005_face_2.jpg
Xanana_Gusmao,/Users/taufiq/workspace/infran-spark/data_inference/Xanana_Gusmao/Xanana_Gusmao_0003_face_3.jpg
Xanana_Gusmao,/Users/taufiq/workspace/infran-spark/data_inference/Xanana_Gusmao/Xanana_Gusmao_0003_face_2.jpg
Xanana_Gusmao,/Users/taufiq/workspace/infran-spark/data_inference/Xanana_Gusmao/Xanana_Gusmao_0003_face_1.jpg
Yao_Ming,/Users/taufiq/workspace/infran-spark/data_inference/Yao_Ming/Yao_Ming_0006_face_1.jpg
Yao_Ming,/Users/taufiq/workspace/infran-spark/data_inference/Yao_Ming/Yao_Ming_0006_face_2.jpg
Yao_Ming,/Users/taufiq/workspace/infran-spark/data_inference/Yao_Ming/Yao_Ming_0004_face_1.jpg
Yao_Ming,/Users/taufiq/workspace/infran-spark/data_inference/Yao_Ming/Yao_Ming_0004_face_2.jpg
Yao_Ming,/Users/taufiq/workspace/infran-spark/data_inference/Yao_Ming/Yao_Ming_0004_face_3.jpg
Yasar_Yakis,/Users/taufiq/workspace/infran-spark/data_inference/Yasar_Yakis/Yasar_Yakis_0003_face_2.jpg
Yasar_Yakis,/Users/taufiq/workspace/infran-spark/data_inference/Yasar_Yakis/Yasar_Yakis_0003_face_3.jpg
Yasar_Yakis,/Users/taufiq/workspace/infran-spark/data_inference/Yasar_Yakis/Yasar_Yakis_0003_face_1.jpg
Yashwant_Sinha,/Users/taufiq/workspace/infran-spark/data_inference/Yashwant_Sinha/Yashwant_Sinha_0002_face_1.jpg
Yashwant_Sinha,/Users/taufiq/workspace/infran-spark/data_inference/Yashwant_Sinha/Yashwant_Sinha_0002_face_2.jpg
Yashwant_Sinha,/Users/taufiq/workspace/infran-spark/data_inference/Yashwant_Sinha/Yashwant_Sinha_0002_face_3.jpg
Yashwant_Sinha,/Users/taufiq/workspace/infran-spark/data_inference/Yashwant_Sinha/Yashwant_Sinha_0001_face_1.jpg
Yashwant_Sinha,/Users/taufiq/workspace/infran-spark/data_inference/Yashwant_Sinha/Yashwant_Sinha_0001_face_2.jpg
Yasser_Arafat,/Users/taufiq/workspace/infran-spark/data_inference/Yasser_Arafat/Yasser_Arafat_0003_face_1.jpg
Yasser_Arafat,/Users/taufiq/workspace/infran-spark/data_inference/Yasser_Arafat/Yasser_Arafat_0003_face_2.jpg
Yasser_Arafat,/Users/taufiq/workspace/infran-spark/data_inference/Yasser_Arafat/Yasser_Arafat_0003_face_3.jpg
Yasser_Arafat,/Users/taufiq/workspace/infran-spark/data_inference/Yasser_Arafat/Yasser_Arafat_0001_face_1.jpg
Yasser_Arafat,/Users/taufiq/workspace/infran-spark/data_inference/Yasser_Arafat/Yasser_Arafat_0001_face_2.jpg
Yasser_Arafat,/Users/taufiq/workspace/infran-spark/data_inference/Yasser_Arafat/Yasser_Arafat_0002_face_1.jpg
Yasser_Arafat,/Users/taufiq/workspace/infran-spark/data_inference/Yasser_Arafat/Yasser_Arafat_0002_face_2.jpg
Yasser_Arafat,/Users/taufiq/workspace/infran-spark/data_inference/Yasser_Arafat/Yasser_Arafat_0008_face_1.jpg
Yasser_Arafat,/Users/taufiq/workspace/infran-spark/data_inference/Yasser_Arafat/Yasser_Arafat_0008_face_3.jpg
Yasser_Arafat,/Users/taufiq/workspace/infran-spark/data_inference/Yasser_Arafat/Yasser_Arafat_0008_face_2.jpg
Yasser_Arafat,/Users/taufiq/workspace/infran-spark/data_inference/Yasser_Arafat/Yasser_Arafat_0005_face_2.jpg
Yasser_Arafat,/Users/taufiq/workspace/infran-spark/data_inference/Yasser_Arafat/Yasser_Arafat_0005_face_1.jpg
Yoko_Ono,/Users/taufiq/workspace/infran-spark/data_inference/Yoko_Ono/Yoko_Ono_0002_face_1.jpg
Yoko_Ono,/Users/taufiq/workspace/infran-spark/data_inference/Yoko_Ono/Yoko_Ono_0002_face_2.jpg
Yoko_Ono,/Users/taufiq/workspace/infran-spark/data_inference/Yoko_Ono/Yoko_Ono_0001_face_1.jpg
Yoko_Ono,/Users/taufiq/workspace/infran-spark/data_inference/Yoko_Ono/Yoko_Ono_0001_face_2.jpg
Yoko_Ono,/Users/taufiq/workspace/infran-spark/data_inference/Yoko_Ono/Yoko_Ono_0004_face_2.jpg
Yoko_Ono,/Users/taufiq/workspace/infran-spark/data_inference/Yoko_Ono/Yoko_Ono_0004_face_3.jpg
Yoko_Ono,/Users/taufiq/workspace/infran-spark/data_inference/Yoko_Ono/Yoko_Ono_0004_face_1.jpg
Yoriko_Kawaguchi,/Users/taufiq/workspace/infran-spark/data_inference/Yoriko_Kawaguchi/Yoriko_Kawaguchi_0009_face_2.jpg
Yoriko_Kawaguchi,/Users/taufiq/workspace/infran-spark/data_inference/Yoriko_Kawaguchi/Yoriko_Kawaguchi_0009_face_1.jpg
Yoriko_Kawaguchi,/Users/taufiq/workspace/infran-spark/data_inference/Yoriko_Kawaguchi/Yoriko_Kawaguchi_0005_face_1.jpg
Yoriko_Kawaguchi,/Users/taufiq/workspace/infran-spark/data_inference/Yoriko_Kawaguchi/Yoriko_Kawaguchi_0005_face_2.jpg
Yossi_Beilin,/Users/taufiq/workspace/infran-spark/data_inference/Yossi_Beilin/Yossi_Beilin_0001_face_1.jpg
Yossi_Beilin,/Users/taufiq/workspace/infran-spark/data_inference/Yossi_Beilin/Yossi_Beilin_0001_face_2.jpg
Zahir_Shah,/Users/taufiq/workspace/infran-spark/data_inference/Zahir_Shah/Zahir_Shah_0001_face_1.jpg
Zahir_Shah,/Users/taufiq/workspace/infran-spark/data_inference/Zahir_Shah/Zahir_Shah_0001_face_2.jpg
Zalmay_Khalilzad,/Users/taufiq/workspace/infran-spark/data_inference/Zalmay_Khalilzad/Zalmay_Khalilzad_0001_face_2.jpg
Zalmay_Khalilzad,/Users/taufiq/workspace/infran-spark/data_inference/Zalmay_Khalilzad/Zalmay_Khalilzad_0001_face_1.jpg
Zarai_Toledo,/Users/taufiq/workspace/infran-spark/data_inference/Zarai_Toledo/Zarai_Toledo_0001_face_1.jpg
Zarai_Toledo,/Users/taufiq/workspace/infran-spark/data_inference/Zarai_Toledo/Zarai_Toledo_0001_face_3.jpg
Zarai_Toledo,/Users/taufiq/workspace/infran-spark/data_inference/Zarai_Toledo/Zarai_Toledo_0001_face_2.jpg
Zhu_Rongji,/Users/taufiq/workspace/infran-spark/data_inference/Zhu_Rongji/Zhu_Rongji_0003_face_1.jpg
Zhu_Rongji,/Users/taufiq/workspace/infran-spark/data_inference/Zhu_Rongji/Zhu_Rongji_0003_face_2.jpg
Zhu_Rongji,/Users/taufiq/workspace/infran-spark/data_inference/Zhu_Rongji/Zhu_Rongji_0006_face_3.jpg
Zhu_Rongji,/Users/taufiq/workspace/infran-spark/data_inference/Zhu_Rongji/Zhu_Rongji_0006_face_2.jpg
Zhu_Rongji,/Users/taufiq/workspace/infran-spark/data_inference/Zhu_Rongji/Zhu_Rongji_0006_face_1.jpg
Zhu_Rongji,/Users/taufiq/workspace/infran-spark/data_inference/Zhu_Rongji/Zhu_Rongji_0007_face_2.jpg
Zhu_Rongji,/Users/taufiq/workspace/infran-spark/data_inference/Zhu_Rongji/Zhu_Rongji_0007_face_1.jpg
Zoran_Djindjic,/Users/taufiq/workspace/infran-spark/data_inference/Zoran_Djindjic/Zoran_Djindjic_0004_face_1.jpg
Zoran_Djindjic,/Users/taufiq/workspace/infran-spark/data_inference/Zoran_Djindjic/Zoran_Djindjic_0004_face_2.jpg
Zurab_Tsereteli,/Users/taufiq/workspace/infran-spark/data_inference/Zurab_Tsereteli/Zurab_Tsereteli_0001_face_3.jpg
Zurab_Tsereteli,/Users/taufiq/workspace/infran-spark/data_inference/Zurab_Tsereteli/Zurab_Tsereteli_0001_face_2.jpg
Zurab_Tsereteli,/Users/taufiq/workspace/infran-spark/data_inference/Zurab_Tsereteli/Zurab_Tsereteli_0001_face_1.jpg
Zurab_Tsereteli,/Users/taufiq/workspace/infran-spark/data_inference/Zurab_Tsereteli/Zurab_Tsereteli_0001_face_4.jpg
